<?xml version="1.0" encoding="UTF-8"?>
<gpx creator="StravaGPX" version="1.1" xmlns="http://www.topografix.com/GPX/1/1" xmlns:xsi="http://www.w3.org/2001/XMLSchema-instance" xsi:schemaLocation="http://www.topografix.com/GPX/1/1 http://www.topografix.com/GPX/1/1/gpx.xsd">
 <metadata>
  <time>2026-07-26T07:30:34Z</time>
 </metadata>
 <trk>
  <name>南港山縱走</name>
  <type>hiking</type>
  <trkseg>
   <trkpt lat="25.0333500" lon="121.6094630">
    <ele>38.3</ele>
    <time>2026-07-26T07:30:34Z</time>
   </trkpt>
   <trkpt lat="25.0333500" lon="121.6094630">
    <ele>38.3</ele>
    <time>2026-07-26T07:30:35Z</time>
   </trkpt>
   <trkpt lat="25.0333240" lon="121.6094220">
    <ele>39.5</ele>
    <time>2026-07-26T07:30:36Z</time>
   </trkpt>
   <trkpt lat="25.0331650" lon="121.6091600">
    <ele>46.8</ele>
    <time>2026-07-26T07:30:37Z</time>
   </trkpt>
   <trkpt lat="25.0330900" lon="121.6091080">
    <ele>49.0</ele>
    <time>2026-07-26T07:30:38Z</time>
   </trkpt>
   <trkpt lat="25.0330400" lon="121.6090830">
    <ele>50.4</ele>
    <time>2026-07-26T07:30:39Z</time>
   </trkpt>
   <trkpt lat="25.0330400" lon="121.6090830">
    <ele>50.4</ele>
    <time>2026-07-26T07:30:40Z</time>
   </trkpt>
   <trkpt lat="25.0330400" lon="121.6090830">
    <ele>50.4</ele>
    <time>2026-07-26T07:30:41Z</time>
   </trkpt>
   <trkpt lat="25.0330400" lon="121.6090830">
    <ele>50.4</ele>
    <time>2026-07-26T07:30:42Z</time>
   </trkpt>
   <trkpt lat="25.0330400" lon="121.6090830">
    <ele>50.4</ele>
    <time>2026-07-26T07:30:43Z</time>
   </trkpt>
   <trkpt lat="25.0329540" lon="121.6090140">
    <ele>53.0</ele>
    <time>2026-07-26T07:30:44Z</time>
   </trkpt>
   <trkpt lat="25.0329500" lon="121.6090130">
    <ele>53.1</ele>
    <time>2026-07-26T07:30:45Z</time>
   </trkpt>
   <trkpt lat="25.0329500" lon="121.6090100">
    <ele>53.2</ele>
    <time>2026-07-26T07:30:46Z</time>
   </trkpt>
   <trkpt lat="25.0329540" lon="121.6090100">
    <ele>53.3</ele>
    <time>2026-07-26T07:30:47Z</time>
   </trkpt>
   <trkpt lat="25.0329540" lon="121.6090050">
    <ele>53.4</ele>
    <time>2026-07-26T07:30:48Z</time>
   </trkpt>
   <trkpt lat="25.0329560" lon="121.6089960">
    <ele>53.6</ele>
    <time>2026-07-26T07:30:49Z</time>
   </trkpt>
   <trkpt lat="25.0329590" lon="121.6089880">
    <ele>53.8</ele>
    <time>2026-07-26T07:30:50Z</time>
   </trkpt>
   <trkpt lat="25.0329590" lon="121.6089760">
    <ele>54.1</ele>
    <time>2026-07-26T07:30:51Z</time>
   </trkpt>
   <trkpt lat="25.0329600" lon="121.6089690">
    <ele>54.3</ele>
    <time>2026-07-26T07:30:52Z</time>
   </trkpt>
   <trkpt lat="25.0329580" lon="121.6089600">
    <ele>54.5</ele>
    <time>2026-07-26T07:30:53Z</time>
   </trkpt>
   <trkpt lat="25.0329540" lon="121.6089550">
    <ele>54.6</ele>
    <time>2026-07-26T07:30:54Z</time>
   </trkpt>
   <trkpt lat="25.0329490" lon="121.6089460">
    <ele>54.9</ele>
    <time>2026-07-26T07:30:55Z</time>
   </trkpt>
   <trkpt lat="25.0329430" lon="121.6089360">
    <ele>55.1</ele>
    <time>2026-07-26T07:30:56Z</time>
   </trkpt>
   <trkpt lat="25.0329430" lon="121.6089340">
    <ele>55.2</ele>
    <time>2026-07-26T07:30:57Z</time>
   </trkpt>
   <trkpt lat="25.0329480" lon="121.6089290">
    <ele>55.3</ele>
    <time>2026-07-26T07:30:58Z</time>
   </trkpt>
   <trkpt lat="25.0329550" lon="121.6089250">
    <ele>55.5</ele>
    <time>2026-07-26T07:30:59Z</time>
   </trkpt>
   <trkpt lat="25.0329610" lon="121.6089230">
    <ele>55.7</ele>
    <time>2026-07-26T07:31:00Z</time>
   </trkpt>
   <trkpt lat="25.0329630" lon="121.6089240">
    <ele>55.8</ele>
    <time>2026-07-26T07:31:01Z</time>
   </trkpt>
   <trkpt lat="25.0329720" lon="121.6089210">
    <ele>56.0</ele>
    <time>2026-07-26T07:31:02Z</time>
   </trkpt>
   <trkpt lat="25.0329630" lon="121.6089130">
    <ele>56.3</ele>
    <time>2026-07-26T07:31:03Z</time>
   </trkpt>
   <trkpt lat="25.0329630" lon="121.6089000">
    <ele>56.6</ele>
    <time>2026-07-26T07:31:04Z</time>
   </trkpt>
   <trkpt lat="25.0329570" lon="121.6088920">
    <ele>56.8</ele>
    <time>2026-07-26T07:31:05Z</time>
   </trkpt>
   <trkpt lat="25.0329570" lon="121.6088960">
    <ele>56.9</ele>
    <time>2026-07-26T07:31:06Z</time>
   </trkpt>
   <trkpt lat="25.0329610" lon="121.6088890">
    <ele>57.1</ele>
    <time>2026-07-26T07:31:07Z</time>
   </trkpt>
   <trkpt lat="25.0329580" lon="121.6088770">
    <ele>57.4</ele>
    <time>2026-07-26T07:31:08Z</time>
   </trkpt>
   <trkpt lat="25.0329520" lon="121.6088680">
    <ele>57.7</ele>
    <time>2026-07-26T07:31:09Z</time>
   </trkpt>
   <trkpt lat="25.0329470" lon="121.6088590">
    <ele>57.9</ele>
    <time>2026-07-26T07:31:10Z</time>
   </trkpt>
   <trkpt lat="25.0329380" lon="121.6088490">
    <ele>58.2</ele>
    <time>2026-07-26T07:31:11Z</time>
   </trkpt>
   <trkpt lat="25.0329390" lon="121.6088480">
    <ele>58.2</ele>
    <time>2026-07-26T07:31:12Z</time>
   </trkpt>
   <trkpt lat="25.0329390" lon="121.6088450">
    <ele>58.3</ele>
    <time>2026-07-26T07:31:13Z</time>
   </trkpt>
   <trkpt lat="25.0329360" lon="121.6088410">
    <ele>58.4</ele>
    <time>2026-07-26T07:31:14Z</time>
   </trkpt>
   <trkpt lat="25.0329330" lon="121.6088290">
    <ele>58.8</ele>
    <time>2026-07-26T07:31:15Z</time>
   </trkpt>
   <trkpt lat="25.0329330" lon="121.6088210">
    <ele>58.9</ele>
    <time>2026-07-26T07:31:16Z</time>
   </trkpt>
   <trkpt lat="25.0329330" lon="121.6088100">
    <ele>59.2</ele>
    <time>2026-07-26T07:31:17Z</time>
   </trkpt>
   <trkpt lat="25.0329330" lon="121.6088010">
    <ele>59.4</ele>
    <time>2026-07-26T07:31:18Z</time>
   </trkpt>
   <trkpt lat="25.0329400" lon="121.6087830">
    <ele>59.8</ele>
    <time>2026-07-26T07:31:19Z</time>
   </trkpt>
   <trkpt lat="25.0329410" lon="121.6087820">
    <ele>59.8</ele>
    <time>2026-07-26T07:31:20Z</time>
   </trkpt>
   <trkpt lat="25.0329430" lon="121.6087850">
    <ele>59.9</ele>
    <time>2026-07-26T07:31:21Z</time>
   </trkpt>
   <trkpt lat="25.0329450" lon="121.6087760">
    <ele>60.1</ele>
    <time>2026-07-26T07:31:22Z</time>
   </trkpt>
   <trkpt lat="25.0329450" lon="121.6087630">
    <ele>60.3</ele>
    <time>2026-07-26T07:31:23Z</time>
   </trkpt>
   <trkpt lat="25.0329480" lon="121.6087570">
    <ele>60.5</ele>
    <time>2026-07-26T07:31:24Z</time>
   </trkpt>
   <trkpt lat="25.0329490" lon="121.6087480">
    <ele>60.7</ele>
    <time>2026-07-26T07:31:25Z</time>
   </trkpt>
   <trkpt lat="25.0329520" lon="121.6087410">
    <ele>60.8</ele>
    <time>2026-07-26T07:31:26Z</time>
   </trkpt>
   <trkpt lat="25.0329570" lon="121.6087370">
    <ele>61.0</ele>
    <time>2026-07-26T07:31:27Z</time>
   </trkpt>
   <trkpt lat="25.0329570" lon="121.6087270">
    <ele>61.2</ele>
    <time>2026-07-26T07:31:28Z</time>
   </trkpt>
   <trkpt lat="25.0329580" lon="121.6087200">
    <ele>61.4</ele>
    <time>2026-07-26T07:31:29Z</time>
   </trkpt>
   <trkpt lat="25.0329610" lon="121.6087130">
    <ele>61.6</ele>
    <time>2026-07-26T07:31:30Z</time>
   </trkpt>
   <trkpt lat="25.0329590" lon="121.6087090">
    <ele>61.7</ele>
    <time>2026-07-26T07:31:31Z</time>
   </trkpt>
   <trkpt lat="25.0329630" lon="121.6086990">
    <ele>61.9</ele>
    <time>2026-07-26T07:31:32Z</time>
   </trkpt>
   <trkpt lat="25.0329650" lon="121.6086900">
    <ele>62.1</ele>
    <time>2026-07-26T07:31:33Z</time>
   </trkpt>
   <trkpt lat="25.0329660" lon="121.6086800">
    <ele>62.4</ele>
    <time>2026-07-26T07:31:34Z</time>
   </trkpt>
   <trkpt lat="25.0329660" lon="121.6086710">
    <ele>62.7</ele>
    <time>2026-07-26T07:31:35Z</time>
   </trkpt>
   <trkpt lat="25.0329690" lon="121.6086620">
    <ele>62.9</ele>
    <time>2026-07-26T07:31:36Z</time>
   </trkpt>
   <trkpt lat="25.0329660" lon="121.6086520">
    <ele>63.2</ele>
    <time>2026-07-26T07:31:37Z</time>
   </trkpt>
   <trkpt lat="25.0329630" lon="121.6086410">
    <ele>63.5</ele>
    <time>2026-07-26T07:31:38Z</time>
   </trkpt>
   <trkpt lat="25.0329610" lon="121.6086350">
    <ele>63.7</ele>
    <time>2026-07-26T07:31:39Z</time>
   </trkpt>
   <trkpt lat="25.0329580" lon="121.6086260">
    <ele>64.0</ele>
    <time>2026-07-26T07:31:40Z</time>
   </trkpt>
   <trkpt lat="25.0329560" lon="121.6086180">
    <ele>64.2</ele>
    <time>2026-07-26T07:31:41Z</time>
   </trkpt>
   <trkpt lat="25.0329570" lon="121.6086120">
    <ele>64.4</ele>
    <time>2026-07-26T07:31:42Z</time>
   </trkpt>
   <trkpt lat="25.0329560" lon="121.6086110">
    <ele>64.4</ele>
    <time>2026-07-26T07:31:43Z</time>
   </trkpt>
   <trkpt lat="25.0329520" lon="121.6086030">
    <ele>64.7</ele>
    <time>2026-07-26T07:31:44Z</time>
   </trkpt>
   <trkpt lat="25.0329520" lon="121.6085940">
    <ele>64.9</ele>
    <time>2026-07-26T07:31:45Z</time>
   </trkpt>
   <trkpt lat="25.0329510" lon="121.6085930">
    <ele>65.0</ele>
    <time>2026-07-26T07:31:46Z</time>
   </trkpt>
   <trkpt lat="25.0329470" lon="121.6085890">
    <ele>65.2</ele>
    <time>2026-07-26T07:31:47Z</time>
   </trkpt>
   <trkpt lat="25.0329410" lon="121.6085810">
    <ele>65.5</ele>
    <time>2026-07-26T07:31:48Z</time>
   </trkpt>
   <trkpt lat="25.0329370" lon="121.6085740">
    <ele>65.7</ele>
    <time>2026-07-26T07:31:49Z</time>
   </trkpt>
   <trkpt lat="25.0329370" lon="121.6085720">
    <ele>65.8</ele>
    <time>2026-07-26T07:31:50Z</time>
   </trkpt>
   <trkpt lat="25.0329400" lon="121.6085680">
    <ele>66.0</ele>
    <time>2026-07-26T07:31:51Z</time>
   </trkpt>
   <trkpt lat="25.0329400" lon="121.6085650">
    <ele>66.1</ele>
    <time>2026-07-26T07:31:52Z</time>
   </trkpt>
   <trkpt lat="25.0329360" lon="121.6085580">
    <ele>66.3</ele>
    <time>2026-07-26T07:31:53Z</time>
   </trkpt>
   <trkpt lat="25.0329360" lon="121.6085560">
    <ele>66.4</ele>
    <time>2026-07-26T07:31:54Z</time>
   </trkpt>
   <trkpt lat="25.0329360" lon="121.6085540">
    <ele>66.4</ele>
    <time>2026-07-26T07:31:55Z</time>
   </trkpt>
   <trkpt lat="25.0329370" lon="121.6085430">
    <ele>66.8</ele>
    <time>2026-07-26T07:31:56Z</time>
   </trkpt>
   <trkpt lat="25.0329380" lon="121.6085270">
    <ele>67.3</ele>
    <time>2026-07-26T07:31:57Z</time>
   </trkpt>
   <trkpt lat="25.0329360" lon="121.6085210">
    <ele>67.5</ele>
    <time>2026-07-26T07:31:58Z</time>
   </trkpt>
   <trkpt lat="25.0329390" lon="121.6085190">
    <ele>67.6</ele>
    <time>2026-07-26T07:31:59Z</time>
   </trkpt>
   <trkpt lat="25.0329390" lon="121.6085130">
    <ele>67.8</ele>
    <time>2026-07-26T07:32:00Z</time>
   </trkpt>
   <trkpt lat="25.0329370" lon="121.6085030">
    <ele>68.1</ele>
    <time>2026-07-26T07:32:01Z</time>
   </trkpt>
   <trkpt lat="25.0329390" lon="121.6084920">
    <ele>68.4</ele>
    <time>2026-07-26T07:32:02Z</time>
   </trkpt>
   <trkpt lat="25.0329380" lon="121.6084840">
    <ele>68.6</ele>
    <time>2026-07-26T07:32:03Z</time>
   </trkpt>
   <trkpt lat="25.0329400" lon="121.6084810">
    <ele>68.8</ele>
    <time>2026-07-26T07:32:04Z</time>
   </trkpt>
   <trkpt lat="25.0329430" lon="121.6084750">
    <ele>68.9</ele>
    <time>2026-07-26T07:32:05Z</time>
   </trkpt>
   <trkpt lat="25.0329440" lon="121.6084710">
    <ele>69.1</ele>
    <time>2026-07-26T07:32:06Z</time>
   </trkpt>
   <trkpt lat="25.0329460" lon="121.6084670">
    <ele>69.2</ele>
    <time>2026-07-26T07:32:07Z</time>
   </trkpt>
   <trkpt lat="25.0329460" lon="121.6084600">
    <ele>69.4</ele>
    <time>2026-07-26T07:32:08Z</time>
   </trkpt>
   <trkpt lat="25.0329450" lon="121.6084560">
    <ele>69.5</ele>
    <time>2026-07-26T07:32:09Z</time>
   </trkpt>
   <trkpt lat="25.0329450" lon="121.6084530">
    <ele>69.6</ele>
    <time>2026-07-26T07:32:10Z</time>
   </trkpt>
   <trkpt lat="25.0329410" lon="121.6084430">
    <ele>69.9</ele>
    <time>2026-07-26T07:32:11Z</time>
   </trkpt>
   <trkpt lat="25.0329410" lon="121.6084360">
    <ele>70.1</ele>
    <time>2026-07-26T07:32:12Z</time>
   </trkpt>
   <trkpt lat="25.0329380" lon="121.6084270">
    <ele>70.3</ele>
    <time>2026-07-26T07:32:13Z</time>
   </trkpt>
   <trkpt lat="25.0329380" lon="121.6084200">
    <ele>70.5</ele>
    <time>2026-07-26T07:32:14Z</time>
   </trkpt>
   <trkpt lat="25.0329390" lon="121.6084070">
    <ele>70.8</ele>
    <time>2026-07-26T07:32:15Z</time>
   </trkpt>
   <trkpt lat="25.0329390" lon="121.6084000">
    <ele>71.0</ele>
    <time>2026-07-26T07:32:16Z</time>
   </trkpt>
   <trkpt lat="25.0329380" lon="121.6083940">
    <ele>71.2</ele>
    <time>2026-07-26T07:32:17Z</time>
   </trkpt>
   <trkpt lat="25.0329380" lon="121.6083860">
    <ele>71.4</ele>
    <time>2026-07-26T07:32:18Z</time>
   </trkpt>
   <trkpt lat="25.0329400" lon="121.6083780">
    <ele>71.6</ele>
    <time>2026-07-26T07:32:19Z</time>
   </trkpt>
   <trkpt lat="25.0329440" lon="121.6083740">
    <ele>71.7</ele>
    <time>2026-07-26T07:32:20Z</time>
   </trkpt>
   <trkpt lat="25.0329470" lon="121.6083680">
    <ele>71.9</ele>
    <time>2026-07-26T07:32:21Z</time>
   </trkpt>
   <trkpt lat="25.0329520" lon="121.6083550">
    <ele>72.3</ele>
    <time>2026-07-26T07:32:22Z</time>
   </trkpt>
   <trkpt lat="25.0329550" lon="121.6083440">
    <ele>72.4</ele>
    <time>2026-07-26T07:32:23Z</time>
   </trkpt>
   <trkpt lat="25.0329590" lon="121.6083360">
    <ele>72.5</ele>
    <time>2026-07-26T07:32:24Z</time>
   </trkpt>
   <trkpt lat="25.0329630" lon="121.6083270">
    <ele>72.6</ele>
    <time>2026-07-26T07:32:25Z</time>
   </trkpt>
   <trkpt lat="25.0329700" lon="121.6083210">
    <ele>72.7</ele>
    <time>2026-07-26T07:32:26Z</time>
   </trkpt>
   <trkpt lat="25.0329750" lon="121.6083120">
    <ele>72.8</ele>
    <time>2026-07-26T07:32:27Z</time>
   </trkpt>
   <trkpt lat="25.0329810" lon="121.6083010">
    <ele>72.9</ele>
    <time>2026-07-26T07:32:28Z</time>
   </trkpt>
   <trkpt lat="25.0329880" lon="121.6082930">
    <ele>73.0</ele>
    <time>2026-07-26T07:32:29Z</time>
   </trkpt>
   <trkpt lat="25.0329910" lon="121.6082830">
    <ele>73.1</ele>
    <time>2026-07-26T07:32:30Z</time>
   </trkpt>
   <trkpt lat="25.0329960" lon="121.6082740">
    <ele>73.2</ele>
    <time>2026-07-26T07:32:31Z</time>
   </trkpt>
   <trkpt lat="25.0329970" lon="121.6082650">
    <ele>73.3</ele>
    <time>2026-07-26T07:32:32Z</time>
   </trkpt>
   <trkpt lat="25.0330000" lon="121.6082540">
    <ele>73.4</ele>
    <time>2026-07-26T07:32:33Z</time>
   </trkpt>
   <trkpt lat="25.0330050" lon="121.6082460">
    <ele>73.5</ele>
    <time>2026-07-26T07:32:34Z</time>
   </trkpt>
   <trkpt lat="25.0330090" lon="121.6082360">
    <ele>73.6</ele>
    <time>2026-07-26T07:32:35Z</time>
   </trkpt>
   <trkpt lat="25.0330170" lon="121.6082240">
    <ele>73.7</ele>
    <time>2026-07-26T07:32:36Z</time>
   </trkpt>
   <trkpt lat="25.0330200" lon="121.6082150">
    <ele>73.8</ele>
    <time>2026-07-26T07:32:37Z</time>
   </trkpt>
   <trkpt lat="25.0330210" lon="121.6082050">
    <ele>73.9</ele>
    <time>2026-07-26T07:32:38Z</time>
   </trkpt>
   <trkpt lat="25.0330210" lon="121.6081960">
    <ele>74.0</ele>
    <time>2026-07-26T07:32:39Z</time>
   </trkpt>
   <trkpt lat="25.0330270" lon="121.6081850">
    <ele>74.1</ele>
    <time>2026-07-26T07:32:40Z</time>
   </trkpt>
   <trkpt lat="25.0330300" lon="121.6081760">
    <ele>74.2</ele>
    <time>2026-07-26T07:32:41Z</time>
   </trkpt>
   <trkpt lat="25.0330340" lon="121.6081680">
    <ele>74.3</ele>
    <time>2026-07-26T07:32:42Z</time>
   </trkpt>
   <trkpt lat="25.0330370" lon="121.6081600">
    <ele>74.4</ele>
    <time>2026-07-26T07:32:43Z</time>
   </trkpt>
   <trkpt lat="25.0330440" lon="121.6081510">
    <ele>74.5</ele>
    <time>2026-07-26T07:32:44Z</time>
   </trkpt>
   <trkpt lat="25.0330510" lon="121.6081400">
    <ele>74.6</ele>
    <time>2026-07-26T07:32:45Z</time>
   </trkpt>
   <trkpt lat="25.0330550" lon="121.6081320">
    <ele>74.7</ele>
    <time>2026-07-26T07:32:46Z</time>
   </trkpt>
   <trkpt lat="25.0330600" lon="121.6081200">
    <ele>74.8</ele>
    <time>2026-07-26T07:32:47Z</time>
   </trkpt>
   <trkpt lat="25.0330630" lon="121.6081120">
    <ele>74.9</ele>
    <time>2026-07-26T07:32:48Z</time>
   </trkpt>
   <trkpt lat="25.0330690" lon="121.6080980">
    <ele>75.1</ele>
    <time>2026-07-26T07:32:49Z</time>
   </trkpt>
   <trkpt lat="25.0330720" lon="121.6080910">
    <ele>75.2</ele>
    <time>2026-07-26T07:32:50Z</time>
   </trkpt>
   <trkpt lat="25.0330770" lon="121.6080800">
    <ele>75.3</ele>
    <time>2026-07-26T07:32:51Z</time>
   </trkpt>
   <trkpt lat="25.0330820" lon="121.6080740">
    <ele>75.4</ele>
    <time>2026-07-26T07:32:52Z</time>
   </trkpt>
   <trkpt lat="25.0330880" lon="121.6080630">
    <ele>75.5</ele>
    <time>2026-07-26T07:32:53Z</time>
   </trkpt>
   <trkpt lat="25.0330910" lon="121.6080480">
    <ele>75.7</ele>
    <time>2026-07-26T07:32:54Z</time>
   </trkpt>
   <trkpt lat="25.0330940" lon="121.6080400">
    <ele>75.8</ele>
    <time>2026-07-26T07:32:55Z</time>
   </trkpt>
   <trkpt lat="25.0331010" lon="121.6080300">
    <ele>76.0</ele>
    <time>2026-07-26T07:32:56Z</time>
   </trkpt>
   <trkpt lat="25.0331060" lon="121.6080240">
    <ele>76.1</ele>
    <time>2026-07-26T07:32:57Z</time>
   </trkpt>
   <trkpt lat="25.0331040" lon="121.6080190">
    <ele>76.2</ele>
    <time>2026-07-26T07:32:58Z</time>
   </trkpt>
   <trkpt lat="25.0331110" lon="121.6080070">
    <ele>76.4</ele>
    <time>2026-07-26T07:32:59Z</time>
   </trkpt>
   <trkpt lat="25.0331140" lon="121.6080020">
    <ele>76.4</ele>
    <time>2026-07-26T07:33:00Z</time>
   </trkpt>
   <trkpt lat="25.0331190" lon="121.6079960">
    <ele>76.6</ele>
    <time>2026-07-26T07:33:01Z</time>
   </trkpt>
   <trkpt lat="25.0331220" lon="121.6079860">
    <ele>76.7</ele>
    <time>2026-07-26T07:33:02Z</time>
   </trkpt>
   <trkpt lat="25.0331220" lon="121.6079780">
    <ele>76.9</ele>
    <time>2026-07-26T07:33:03Z</time>
   </trkpt>
   <trkpt lat="25.0331240" lon="121.6079710">
    <ele>77.0</ele>
    <time>2026-07-26T07:33:05Z</time>
   </trkpt>
   <trkpt lat="25.0331280" lon="121.6079670">
    <ele>77.1</ele>
    <time>2026-07-26T07:33:06Z</time>
   </trkpt>
   <trkpt lat="25.0331390" lon="121.6079520">
    <ele>77.4</ele>
    <time>2026-07-26T07:33:07Z</time>
   </trkpt>
   <trkpt lat="25.0331410" lon="121.6079450">
    <ele>77.5</ele>
    <time>2026-07-26T07:33:08Z</time>
   </trkpt>
   <trkpt lat="25.0331470" lon="121.6079390">
    <ele>77.7</ele>
    <time>2026-07-26T07:33:09Z</time>
   </trkpt>
   <trkpt lat="25.0331510" lon="121.6079330">
    <ele>77.8</ele>
    <time>2026-07-26T07:33:10Z</time>
   </trkpt>
   <trkpt lat="25.0331550" lon="121.6079250">
    <ele>78.0</ele>
    <time>2026-07-26T07:33:11Z</time>
   </trkpt>
   <trkpt lat="25.0331610" lon="121.6079160">
    <ele>78.2</ele>
    <time>2026-07-26T07:33:12Z</time>
   </trkpt>
   <trkpt lat="25.0331650" lon="121.6079030">
    <ele>78.5</ele>
    <time>2026-07-26T07:33:13Z</time>
   </trkpt>
   <trkpt lat="25.0331690" lon="121.6078940">
    <ele>78.8</ele>
    <time>2026-07-26T07:33:14Z</time>
   </trkpt>
   <trkpt lat="25.0331730" lon="121.6078850">
    <ele>79.0</ele>
    <time>2026-07-26T07:33:15Z</time>
   </trkpt>
   <trkpt lat="25.0331750" lon="121.6078750">
    <ele>79.2</ele>
    <time>2026-07-26T07:33:16Z</time>
   </trkpt>
   <trkpt lat="25.0331760" lon="121.6078700">
    <ele>79.3</ele>
    <time>2026-07-26T07:33:17Z</time>
   </trkpt>
   <trkpt lat="25.0331800" lon="121.6078620">
    <ele>79.5</ele>
    <time>2026-07-26T07:33:18Z</time>
   </trkpt>
   <trkpt lat="25.0331870" lon="121.6078560">
    <ele>79.8</ele>
    <time>2026-07-26T07:33:19Z</time>
   </trkpt>
   <trkpt lat="25.0331920" lon="121.6078520">
    <ele>79.9</ele>
    <time>2026-07-26T07:33:20Z</time>
   </trkpt>
   <trkpt lat="25.0331940" lon="121.6078430">
    <ele>80.1</ele>
    <time>2026-07-26T07:33:21Z</time>
   </trkpt>
   <trkpt lat="25.0331940" lon="121.6078360">
    <ele>80.3</ele>
    <time>2026-07-26T07:33:22Z</time>
   </trkpt>
   <trkpt lat="25.0331970" lon="121.6078280">
    <ele>80.5</ele>
    <time>2026-07-26T07:33:23Z</time>
   </trkpt>
   <trkpt lat="25.0331980" lon="121.6078200">
    <ele>80.7</ele>
    <time>2026-07-26T07:33:24Z</time>
   </trkpt>
   <trkpt lat="25.0332020" lon="121.6078130">
    <ele>80.9</ele>
    <time>2026-07-26T07:33:25Z</time>
   </trkpt>
   <trkpt lat="25.0332090" lon="121.6078080">
    <ele>81.1</ele>
    <time>2026-07-26T07:33:26Z</time>
   </trkpt>
   <trkpt lat="25.0332110" lon="121.6078030">
    <ele>81.3</ele>
    <time>2026-07-26T07:33:27Z</time>
   </trkpt>
   <trkpt lat="25.0332150" lon="121.6077930">
    <ele>81.6</ele>
    <time>2026-07-26T07:33:28Z</time>
   </trkpt>
   <trkpt lat="25.0332210" lon="121.6077850">
    <ele>81.8</ele>
    <time>2026-07-26T07:33:29Z</time>
   </trkpt>
   <trkpt lat="25.0332270" lon="121.6077810">
    <ele>82.0</ele>
    <time>2026-07-26T07:33:30Z</time>
   </trkpt>
   <trkpt lat="25.0332260" lon="121.6077670">
    <ele>82.4</ele>
    <time>2026-07-26T07:33:31Z</time>
   </trkpt>
   <trkpt lat="25.0332280" lon="121.6077600">
    <ele>82.5</ele>
    <time>2026-07-26T07:33:32Z</time>
   </trkpt>
   <trkpt lat="25.0332320" lon="121.6077500">
    <ele>82.8</ele>
    <time>2026-07-26T07:33:33Z</time>
   </trkpt>
   <trkpt lat="25.0332310" lon="121.6077440">
    <ele>83.0</ele>
    <time>2026-07-26T07:33:34Z</time>
   </trkpt>
   <trkpt lat="25.0332310" lon="121.6077390">
    <ele>83.1</ele>
    <time>2026-07-26T07:33:35Z</time>
   </trkpt>
   <trkpt lat="25.0332350" lon="121.6077280">
    <ele>83.4</ele>
    <time>2026-07-26T07:33:36Z</time>
   </trkpt>
   <trkpt lat="25.0332350" lon="121.6077200">
    <ele>83.6</ele>
    <time>2026-07-26T07:33:37Z</time>
   </trkpt>
   <trkpt lat="25.0332360" lon="121.6077040">
    <ele>84.0</ele>
    <time>2026-07-26T07:33:38Z</time>
   </trkpt>
   <trkpt lat="25.0332360" lon="121.6076980">
    <ele>84.2</ele>
    <time>2026-07-26T07:33:39Z</time>
   </trkpt>
   <trkpt lat="25.0332360" lon="121.6076940">
    <ele>84.3</ele>
    <time>2026-07-26T07:33:40Z</time>
   </trkpt>
   <trkpt lat="25.0332370" lon="121.6076830">
    <ele>84.5</ele>
    <time>2026-07-26T07:33:41Z</time>
   </trkpt>
   <trkpt lat="25.0332350" lon="121.6076710">
    <ele>84.9</ele>
    <time>2026-07-26T07:33:42Z</time>
   </trkpt>
   <trkpt lat="25.0332350" lon="121.6076630">
    <ele>85.1</ele>
    <time>2026-07-26T07:33:43Z</time>
   </trkpt>
   <trkpt lat="25.0332370" lon="121.6076590">
    <ele>85.2</ele>
    <time>2026-07-26T07:33:44Z</time>
   </trkpt>
   <trkpt lat="25.0332400" lon="121.6076480">
    <ele>85.5</ele>
    <time>2026-07-26T07:33:45Z</time>
   </trkpt>
   <trkpt lat="25.0332480" lon="121.6076360">
    <ele>85.9</ele>
    <time>2026-07-26T07:33:46Z</time>
   </trkpt>
   <trkpt lat="25.0332490" lon="121.6076260">
    <ele>86.2</ele>
    <time>2026-07-26T07:33:47Z</time>
   </trkpt>
   <trkpt lat="25.0332510" lon="121.6076130">
    <ele>86.5</ele>
    <time>2026-07-26T07:33:48Z</time>
   </trkpt>
   <trkpt lat="25.0332540" lon="121.6076050">
    <ele>86.8</ele>
    <time>2026-07-26T07:33:49Z</time>
   </trkpt>
   <trkpt lat="25.0332590" lon="121.6075910">
    <ele>87.2</ele>
    <time>2026-07-26T07:33:50Z</time>
   </trkpt>
   <trkpt lat="25.0332580" lon="121.6075780">
    <ele>87.6</ele>
    <time>2026-07-26T07:33:51Z</time>
   </trkpt>
   <trkpt lat="25.0332580" lon="121.6075670">
    <ele>87.9</ele>
    <time>2026-07-26T07:33:52Z</time>
   </trkpt>
   <trkpt lat="25.0332590" lon="121.6075600">
    <ele>88.1</ele>
    <time>2026-07-26T07:33:53Z</time>
   </trkpt>
   <trkpt lat="25.0332640" lon="121.6075490">
    <ele>88.4</ele>
    <time>2026-07-26T07:33:54Z</time>
   </trkpt>
   <trkpt lat="25.0332630" lon="121.6075380">
    <ele>88.7</ele>
    <time>2026-07-26T07:33:55Z</time>
   </trkpt>
   <trkpt lat="25.0332640" lon="121.6075270">
    <ele>89.0</ele>
    <time>2026-07-26T07:33:56Z</time>
   </trkpt>
   <trkpt lat="25.0332630" lon="121.6075160">
    <ele>89.3</ele>
    <time>2026-07-26T07:33:57Z</time>
   </trkpt>
   <trkpt lat="25.0332700" lon="121.6075010">
    <ele>89.8</ele>
    <time>2026-07-26T07:33:58Z</time>
   </trkpt>
   <trkpt lat="25.0332670" lon="121.6074890">
    <ele>90.2</ele>
    <time>2026-07-26T07:33:59Z</time>
   </trkpt>
   <trkpt lat="25.0332650" lon="121.6074750">
    <ele>90.6</ele>
    <time>2026-07-26T07:34:00Z</time>
   </trkpt>
   <trkpt lat="25.0332660" lon="121.6074700">
    <ele>90.7</ele>
    <time>2026-07-26T07:34:01Z</time>
   </trkpt>
   <trkpt lat="25.0332590" lon="121.6074610">
    <ele>91.0</ele>
    <time>2026-07-26T07:34:02Z</time>
   </trkpt>
   <trkpt lat="25.0332550" lon="121.6074480">
    <ele>91.4</ele>
    <time>2026-07-26T07:34:03Z</time>
   </trkpt>
   <trkpt lat="25.0332580" lon="121.6074360">
    <ele>91.8</ele>
    <time>2026-07-26T07:34:04Z</time>
   </trkpt>
   <trkpt lat="25.0332520" lon="121.6074310">
    <ele>92.0</ele>
    <time>2026-07-26T07:34:05Z</time>
   </trkpt>
   <trkpt lat="25.0332450" lon="121.6074250">
    <ele>92.1</ele>
    <time>2026-07-26T07:34:06Z</time>
   </trkpt>
   <trkpt lat="25.0332340" lon="121.6074170">
    <ele>92.1</ele>
    <time>2026-07-26T07:34:07Z</time>
   </trkpt>
   <trkpt lat="25.0332270" lon="121.6074110">
    <ele>92.1</ele>
    <time>2026-07-26T07:34:08Z</time>
   </trkpt>
   <trkpt lat="25.0332240" lon="121.6074060">
    <ele>92.2</ele>
    <time>2026-07-26T07:34:09Z</time>
   </trkpt>
   <trkpt lat="25.0332170" lon="121.6073990">
    <ele>92.2</ele>
    <time>2026-07-26T07:34:10Z</time>
   </trkpt>
   <trkpt lat="25.0332100" lon="121.6073890">
    <ele>92.2</ele>
    <time>2026-07-26T07:34:11Z</time>
   </trkpt>
   <trkpt lat="25.0332100" lon="121.6073790">
    <ele>92.2</ele>
    <time>2026-07-26T07:34:12Z</time>
   </trkpt>
   <trkpt lat="25.0332080" lon="121.6073640">
    <ele>92.3</ele>
    <time>2026-07-26T07:34:13Z</time>
   </trkpt>
   <trkpt lat="25.0332160" lon="121.6073470">
    <ele>92.3</ele>
    <time>2026-07-26T07:34:14Z</time>
   </trkpt>
   <trkpt lat="25.0332200" lon="121.6073260">
    <ele>92.4</ele>
    <time>2026-07-26T07:34:15Z</time>
   </trkpt>
   <trkpt lat="25.0332250" lon="121.6073090">
    <ele>92.4</ele>
    <time>2026-07-26T07:34:16Z</time>
   </trkpt>
   <trkpt lat="25.0332300" lon="121.6073020">
    <ele>92.4</ele>
    <time>2026-07-26T07:34:17Z</time>
   </trkpt>
   <trkpt lat="25.0332340" lon="121.6072860">
    <ele>92.4</ele>
    <time>2026-07-26T07:34:18Z</time>
   </trkpt>
   <trkpt lat="25.0332340" lon="121.6072720">
    <ele>92.4</ele>
    <time>2026-07-26T07:34:19Z</time>
   </trkpt>
   <trkpt lat="25.0332370" lon="121.6072580">
    <ele>92.5</ele>
    <time>2026-07-26T07:34:20Z</time>
   </trkpt>
   <trkpt lat="25.0332410" lon="121.6072440">
    <ele>92.5</ele>
    <time>2026-07-26T07:34:21Z</time>
   </trkpt>
   <trkpt lat="25.0332450" lon="121.6072330">
    <ele>92.5</ele>
    <time>2026-07-26T07:34:22Z</time>
   </trkpt>
   <trkpt lat="25.0332450" lon="121.6072190">
    <ele>92.5</ele>
    <time>2026-07-26T07:34:23Z</time>
   </trkpt>
   <trkpt lat="25.0332470" lon="121.6072010">
    <ele>92.5</ele>
    <time>2026-07-26T07:34:24Z</time>
   </trkpt>
   <trkpt lat="25.0332480" lon="121.6071800">
    <ele>92.6</ele>
    <time>2026-07-26T07:34:25Z</time>
   </trkpt>
   <trkpt lat="25.0332510" lon="121.6071630">
    <ele>92.6</ele>
    <time>2026-07-26T07:34:26Z</time>
   </trkpt>
   <trkpt lat="25.0332490" lon="121.6071480">
    <ele>92.6</ele>
    <time>2026-07-26T07:34:27Z</time>
   </trkpt>
   <trkpt lat="25.0332420" lon="121.6071330">
    <ele>92.6</ele>
    <time>2026-07-26T07:34:28Z</time>
   </trkpt>
   <trkpt lat="25.0332380" lon="121.6071190">
    <ele>92.7</ele>
    <time>2026-07-26T07:34:29Z</time>
   </trkpt>
   <trkpt lat="25.0332320" lon="121.6071090">
    <ele>92.7</ele>
    <time>2026-07-26T07:34:30Z</time>
   </trkpt>
   <trkpt lat="25.0332260" lon="121.6070940">
    <ele>92.7</ele>
    <time>2026-07-26T07:34:31Z</time>
   </trkpt>
   <trkpt lat="25.0332190" lon="121.6070830">
    <ele>92.7</ele>
    <time>2026-07-26T07:34:32Z</time>
   </trkpt>
   <trkpt lat="25.0332140" lon="121.6070670">
    <ele>92.7</ele>
    <time>2026-07-26T07:34:33Z</time>
   </trkpt>
   <trkpt lat="25.0332080" lon="121.6070550">
    <ele>92.7</ele>
    <time>2026-07-26T07:34:34Z</time>
   </trkpt>
   <trkpt lat="25.0331990" lon="121.6070430">
    <ele>92.7</ele>
    <time>2026-07-26T07:34:35Z</time>
   </trkpt>
   <trkpt lat="25.0331890" lon="121.6070310">
    <ele>92.8</ele>
    <time>2026-07-26T07:34:36Z</time>
   </trkpt>
   <trkpt lat="25.0331780" lon="121.6070230">
    <ele>92.8</ele>
    <time>2026-07-26T07:34:37Z</time>
   </trkpt>
   <trkpt lat="25.0331700" lon="121.6070160">
    <ele>92.8</ele>
    <time>2026-07-26T07:34:38Z</time>
   </trkpt>
   <trkpt lat="25.0331610" lon="121.6070120">
    <ele>92.8</ele>
    <time>2026-07-26T07:34:39Z</time>
   </trkpt>
   <trkpt lat="25.0331550" lon="121.6070030">
    <ele>92.8</ele>
    <time>2026-07-26T07:34:40Z</time>
   </trkpt>
   <trkpt lat="25.0331450" lon="121.6069910">
    <ele>92.8</ele>
    <time>2026-07-26T07:34:41Z</time>
   </trkpt>
   <trkpt lat="25.0331380" lon="121.6069840">
    <ele>92.8</ele>
    <time>2026-07-26T07:34:42Z</time>
   </trkpt>
   <trkpt lat="25.0331310" lon="121.6069710">
    <ele>92.8</ele>
    <time>2026-07-26T07:34:43Z</time>
   </trkpt>
   <trkpt lat="25.0331250" lon="121.6069590">
    <ele>92.7</ele>
    <time>2026-07-26T07:34:44Z</time>
   </trkpt>
   <trkpt lat="25.0331140" lon="121.6069420">
    <ele>92.7</ele>
    <time>2026-07-26T07:34:45Z</time>
   </trkpt>
   <trkpt lat="25.0331030" lon="121.6069310">
    <ele>92.7</ele>
    <time>2026-07-26T07:34:46Z</time>
   </trkpt>
   <trkpt lat="25.0330940" lon="121.6069220">
    <ele>92.7</ele>
    <time>2026-07-26T07:34:47Z</time>
   </trkpt>
   <trkpt lat="25.0330870" lon="121.6069080">
    <ele>92.7</ele>
    <time>2026-07-26T07:34:48Z</time>
   </trkpt>
   <trkpt lat="25.0330800" lon="121.6068990">
    <ele>92.7</ele>
    <time>2026-07-26T07:34:49Z</time>
   </trkpt>
   <trkpt lat="25.0330720" lon="121.6068860">
    <ele>92.7</ele>
    <time>2026-07-26T07:34:50Z</time>
   </trkpt>
   <trkpt lat="25.0330670" lon="121.6068690">
    <ele>92.7</ele>
    <time>2026-07-26T07:34:51Z</time>
   </trkpt>
   <trkpt lat="25.0330620" lon="121.6068500">
    <ele>92.7</ele>
    <time>2026-07-26T07:34:52Z</time>
   </trkpt>
   <trkpt lat="25.0330580" lon="121.6068340">
    <ele>92.7</ele>
    <time>2026-07-26T07:34:53Z</time>
   </trkpt>
   <trkpt lat="25.0330570" lon="121.6068150">
    <ele>92.7</ele>
    <time>2026-07-26T07:34:54Z</time>
   </trkpt>
   <trkpt lat="25.0330520" lon="121.6068020">
    <ele>92.7</ele>
    <time>2026-07-26T07:34:55Z</time>
   </trkpt>
   <trkpt lat="25.0330450" lon="121.6067930">
    <ele>92.7</ele>
    <time>2026-07-26T07:34:56Z</time>
   </trkpt>
   <trkpt lat="25.0330380" lon="121.6067810">
    <ele>92.7</ele>
    <time>2026-07-26T07:34:57Z</time>
   </trkpt>
   <trkpt lat="25.0330330" lon="121.6067780">
    <ele>92.7</ele>
    <time>2026-07-26T07:34:58Z</time>
   </trkpt>
   <trkpt lat="25.0330240" lon="121.6067690">
    <ele>92.7</ele>
    <time>2026-07-26T07:34:59Z</time>
   </trkpt>
   <trkpt lat="25.0330090" lon="121.6067550">
    <ele>92.7</ele>
    <time>2026-07-26T07:35:00Z</time>
   </trkpt>
   <trkpt lat="25.0329990" lon="121.6067440">
    <ele>92.7</ele>
    <time>2026-07-26T07:35:01Z</time>
   </trkpt>
   <trkpt lat="25.0330030" lon="121.6067330">
    <ele>92.7</ele>
    <time>2026-07-26T07:35:02Z</time>
   </trkpt>
   <trkpt lat="25.0329960" lon="121.6067310">
    <ele>92.7</ele>
    <time>2026-07-26T07:35:03Z</time>
   </trkpt>
   <trkpt lat="25.0330010" lon="121.6067350">
    <ele>92.7</ele>
    <time>2026-07-26T07:35:04Z</time>
   </trkpt>
   <trkpt lat="25.0329980" lon="121.6067320">
    <ele>92.7</ele>
    <time>2026-07-26T07:35:05Z</time>
   </trkpt>
   <trkpt lat="25.0329990" lon="121.6067320">
    <ele>92.7</ele>
    <time>2026-07-26T07:35:06Z</time>
   </trkpt>
   <trkpt lat="25.0329930" lon="121.6067240">
    <ele>92.7</ele>
    <time>2026-07-26T07:35:07Z</time>
   </trkpt>
   <trkpt lat="25.0329850" lon="121.6067130">
    <ele>92.7</ele>
    <time>2026-07-26T07:35:08Z</time>
   </trkpt>
   <trkpt lat="25.0329790" lon="121.6067030">
    <ele>92.7</ele>
    <time>2026-07-26T07:35:09Z</time>
   </trkpt>
   <trkpt lat="25.0329730" lon="121.6066970">
    <ele>92.7</ele>
    <time>2026-07-26T07:35:10Z</time>
   </trkpt>
   <trkpt lat="25.0329680" lon="121.6066880">
    <ele>92.7</ele>
    <time>2026-07-26T07:35:11Z</time>
   </trkpt>
   <trkpt lat="25.0329570" lon="121.6066780">
    <ele>92.8</ele>
    <time>2026-07-26T07:35:12Z</time>
   </trkpt>
   <trkpt lat="25.0329520" lon="121.6066660">
    <ele>92.8</ele>
    <time>2026-07-26T07:35:13Z</time>
   </trkpt>
   <trkpt lat="25.0329460" lon="121.6066540">
    <ele>92.8</ele>
    <time>2026-07-26T07:35:14Z</time>
   </trkpt>
   <trkpt lat="25.0329360" lon="121.6066470">
    <ele>92.8</ele>
    <time>2026-07-26T07:35:15Z</time>
   </trkpt>
   <trkpt lat="25.0329300" lon="121.6066370">
    <ele>92.8</ele>
    <time>2026-07-26T07:35:16Z</time>
   </trkpt>
   <trkpt lat="25.0329280" lon="121.6066270">
    <ele>92.8</ele>
    <time>2026-07-26T07:35:17Z</time>
   </trkpt>
   <trkpt lat="25.0329270" lon="121.6066160">
    <ele>92.8</ele>
    <time>2026-07-26T07:35:18Z</time>
   </trkpt>
   <trkpt lat="25.0329300" lon="121.6066040">
    <ele>92.8</ele>
    <time>2026-07-26T07:35:19Z</time>
   </trkpt>
   <trkpt lat="25.0329430" lon="121.6065920">
    <ele>92.8</ele>
    <time>2026-07-26T07:35:20Z</time>
   </trkpt>
   <trkpt lat="25.0329530" lon="121.6065820">
    <ele>92.8</ele>
    <time>2026-07-26T07:35:21Z</time>
   </trkpt>
   <trkpt lat="25.0329620" lon="121.6065730">
    <ele>92.8</ele>
    <time>2026-07-26T07:35:22Z</time>
   </trkpt>
   <trkpt lat="25.0329640" lon="121.6065630">
    <ele>92.8</ele>
    <time>2026-07-26T07:35:23Z</time>
   </trkpt>
   <trkpt lat="25.0329670" lon="121.6065510">
    <ele>92.8</ele>
    <time>2026-07-26T07:35:24Z</time>
   </trkpt>
   <trkpt lat="25.0329710" lon="121.6065380">
    <ele>92.8</ele>
    <time>2026-07-26T07:35:25Z</time>
   </trkpt>
   <trkpt lat="25.0329750" lon="121.6065270">
    <ele>92.8</ele>
    <time>2026-07-26T07:35:26Z</time>
   </trkpt>
   <trkpt lat="25.0329790" lon="121.6065140">
    <ele>92.8</ele>
    <time>2026-07-26T07:35:27Z</time>
   </trkpt>
   <trkpt lat="25.0329840" lon="121.6065020">
    <ele>92.8</ele>
    <time>2026-07-26T07:35:28Z</time>
   </trkpt>
   <trkpt lat="25.0329850" lon="121.6064870">
    <ele>92.7</ele>
    <time>2026-07-26T07:35:29Z</time>
   </trkpt>
   <trkpt lat="25.0329880" lon="121.6064760">
    <ele>92.7</ele>
    <time>2026-07-26T07:35:30Z</time>
   </trkpt>
   <trkpt lat="25.0329950" lon="121.6064620">
    <ele>92.7</ele>
    <time>2026-07-26T07:35:31Z</time>
   </trkpt>
   <trkpt lat="25.0329990" lon="121.6064490">
    <ele>92.7</ele>
    <time>2026-07-26T07:35:32Z</time>
   </trkpt>
   <trkpt lat="25.0330020" lon="121.6064430">
    <ele>92.7</ele>
    <time>2026-07-26T07:35:33Z</time>
   </trkpt>
   <trkpt lat="25.0330060" lon="121.6064310">
    <ele>92.7</ele>
    <time>2026-07-26T07:35:34Z</time>
   </trkpt>
   <trkpt lat="25.0330070" lon="121.6064160">
    <ele>92.7</ele>
    <time>2026-07-26T07:35:35Z</time>
   </trkpt>
   <trkpt lat="25.0330110" lon="121.6064080">
    <ele>92.7</ele>
    <time>2026-07-26T07:35:36Z</time>
   </trkpt>
   <trkpt lat="25.0330190" lon="121.6063990">
    <ele>92.8</ele>
    <time>2026-07-26T07:35:37Z</time>
   </trkpt>
   <trkpt lat="25.0330250" lon="121.6063870">
    <ele>92.8</ele>
    <time>2026-07-26T07:35:38Z</time>
   </trkpt>
   <trkpt lat="25.0330300" lon="121.6063760">
    <ele>92.8</ele>
    <time>2026-07-26T07:35:39Z</time>
   </trkpt>
   <trkpt lat="25.0330330" lon="121.6063700">
    <ele>92.8</ele>
    <time>2026-07-26T07:35:40Z</time>
   </trkpt>
   <trkpt lat="25.0330340" lon="121.6063580">
    <ele>92.8</ele>
    <time>2026-07-26T07:35:41Z</time>
   </trkpt>
   <trkpt lat="25.0330400" lon="121.6063440">
    <ele>92.8</ele>
    <time>2026-07-26T07:35:42Z</time>
   </trkpt>
   <trkpt lat="25.0330450" lon="121.6063370">
    <ele>92.9</ele>
    <time>2026-07-26T07:35:43Z</time>
   </trkpt>
   <trkpt lat="25.0330490" lon="121.6063260">
    <ele>92.9</ele>
    <time>2026-07-26T07:35:44Z</time>
   </trkpt>
   <trkpt lat="25.0330550" lon="121.6063180">
    <ele>92.9</ele>
    <time>2026-07-26T07:35:45Z</time>
   </trkpt>
   <trkpt lat="25.0330600" lon="121.6063100">
    <ele>92.9</ele>
    <time>2026-07-26T07:35:46Z</time>
   </trkpt>
   <trkpt lat="25.0330650" lon="121.6063040">
    <ele>93.0</ele>
    <time>2026-07-26T07:35:47Z</time>
   </trkpt>
   <trkpt lat="25.0330700" lon="121.6062970">
    <ele>93.0</ele>
    <time>2026-07-26T07:35:48Z</time>
   </trkpt>
   <trkpt lat="25.0330760" lon="121.6062840">
    <ele>93.0</ele>
    <time>2026-07-26T07:35:49Z</time>
   </trkpt>
   <trkpt lat="25.0330800" lon="121.6062740">
    <ele>93.1</ele>
    <time>2026-07-26T07:35:50Z</time>
   </trkpt>
   <trkpt lat="25.0330830" lon="121.6062640">
    <ele>93.1</ele>
    <time>2026-07-26T07:35:51Z</time>
   </trkpt>
   <trkpt lat="25.0330830" lon="121.6062610">
    <ele>93.1</ele>
    <time>2026-07-26T07:35:52Z</time>
   </trkpt>
   <trkpt lat="25.0330860" lon="121.6062530">
    <ele>93.2</ele>
    <time>2026-07-26T07:35:53Z</time>
   </trkpt>
   <trkpt lat="25.0330930" lon="121.6062410">
    <ele>93.2</ele>
    <time>2026-07-26T07:35:54Z</time>
   </trkpt>
   <trkpt lat="25.0330960" lon="121.6062310">
    <ele>93.2</ele>
    <time>2026-07-26T07:35:55Z</time>
   </trkpt>
   <trkpt lat="25.0330970" lon="121.6062220">
    <ele>93.3</ele>
    <time>2026-07-26T07:35:56Z</time>
   </trkpt>
   <trkpt lat="25.0330980" lon="121.6062100">
    <ele>93.3</ele>
    <time>2026-07-26T07:35:57Z</time>
   </trkpt>
   <trkpt lat="25.0331040" lon="121.6062060">
    <ele>93.4</ele>
    <time>2026-07-26T07:35:58Z</time>
   </trkpt>
   <trkpt lat="25.0331050" lon="121.6062030">
    <ele>93.4</ele>
    <time>2026-07-26T07:35:59Z</time>
   </trkpt>
   <trkpt lat="25.0331030" lon="121.6061950">
    <ele>93.4</ele>
    <time>2026-07-26T07:36:00Z</time>
   </trkpt>
   <trkpt lat="25.0330970" lon="121.6061750">
    <ele>93.5</ele>
    <time>2026-07-26T07:36:01Z</time>
   </trkpt>
   <trkpt lat="25.0330920" lon="121.6061640">
    <ele>93.6</ele>
    <time>2026-07-26T07:36:02Z</time>
   </trkpt>
   <trkpt lat="25.0330880" lon="121.6061560">
    <ele>93.6</ele>
    <time>2026-07-26T07:36:03Z</time>
   </trkpt>
   <trkpt lat="25.0330820" lon="121.6061470">
    <ele>93.7</ele>
    <time>2026-07-26T07:36:04Z</time>
   </trkpt>
   <trkpt lat="25.0330820" lon="121.6061390">
    <ele>93.7</ele>
    <time>2026-07-26T07:36:05Z</time>
   </trkpt>
   <trkpt lat="25.0330780" lon="121.6061210">
    <ele>93.8</ele>
    <time>2026-07-26T07:36:06Z</time>
   </trkpt>
   <trkpt lat="25.0330770" lon="121.6061080">
    <ele>93.9</ele>
    <time>2026-07-26T07:36:07Z</time>
   </trkpt>
   <trkpt lat="25.0330790" lon="121.6060980">
    <ele>94.0</ele>
    <time>2026-07-26T07:36:08Z</time>
   </trkpt>
   <trkpt lat="25.0330820" lon="121.6060900">
    <ele>94.0</ele>
    <time>2026-07-26T07:36:09Z</time>
   </trkpt>
   <trkpt lat="25.0330850" lon="121.6060780">
    <ele>94.1</ele>
    <time>2026-07-26T07:36:10Z</time>
   </trkpt>
   <trkpt lat="25.0330880" lon="121.6060650">
    <ele>94.2</ele>
    <time>2026-07-26T07:36:11Z</time>
   </trkpt>
   <trkpt lat="25.0330940" lon="121.6060530">
    <ele>94.3</ele>
    <time>2026-07-26T07:36:12Z</time>
   </trkpt>
   <trkpt lat="25.0330940" lon="121.6060320">
    <ele>94.5</ele>
    <time>2026-07-26T07:36:13Z</time>
   </trkpt>
   <trkpt lat="25.0330970" lon="121.6060240">
    <ele>94.5</ele>
    <time>2026-07-26T07:36:14Z</time>
   </trkpt>
   <trkpt lat="25.0330970" lon="121.6060070">
    <ele>94.7</ele>
    <time>2026-07-26T07:36:15Z</time>
   </trkpt>
   <trkpt lat="25.0330940" lon="121.6059960">
    <ele>94.8</ele>
    <time>2026-07-26T07:36:16Z</time>
   </trkpt>
   <trkpt lat="25.0330880" lon="121.6059860">
    <ele>94.9</ele>
    <time>2026-07-26T07:36:17Z</time>
   </trkpt>
   <trkpt lat="25.0330780" lon="121.6059700">
    <ele>95.0</ele>
    <time>2026-07-26T07:36:18Z</time>
   </trkpt>
   <trkpt lat="25.0330740" lon="121.6059560">
    <ele>95.2</ele>
    <time>2026-07-26T07:36:19Z</time>
   </trkpt>
   <trkpt lat="25.0330710" lon="121.6059480">
    <ele>95.2</ele>
    <time>2026-07-26T07:36:20Z</time>
   </trkpt>
   <trkpt lat="25.0330700" lon="121.6059420">
    <ele>95.3</ele>
    <time>2026-07-26T07:36:21Z</time>
   </trkpt>
   <trkpt lat="25.0330720" lon="121.6059380">
    <ele>95.3</ele>
    <time>2026-07-26T07:36:22Z</time>
   </trkpt>
   <trkpt lat="25.0330760" lon="121.6059420">
    <ele>95.4</ele>
    <time>2026-07-26T07:36:23Z</time>
   </trkpt>
   <trkpt lat="25.0330730" lon="121.6059450">
    <ele>95.4</ele>
    <time>2026-07-26T07:36:24Z</time>
   </trkpt>
   <trkpt lat="25.0330710" lon="121.6059460">
    <ele>95.4</ele>
    <time>2026-07-26T07:36:25Z</time>
   </trkpt>
   <trkpt lat="25.0330710" lon="121.6059460">
    <ele>95.4</ele>
    <time>2026-07-26T07:36:26Z</time>
   </trkpt>
   <trkpt lat="25.0330710" lon="121.6059460">
    <ele>95.4</ele>
    <time>2026-07-26T07:36:27Z</time>
   </trkpt>
   <trkpt lat="25.0330710" lon="121.6059460">
    <ele>95.4</ele>
    <time>2026-07-26T07:36:28Z</time>
   </trkpt>
   <trkpt lat="25.0330830" lon="121.6059580">
    <ele>95.6</ele>
    <time>2026-07-26T07:36:29Z</time>
   </trkpt>
   <trkpt lat="25.0330770" lon="121.6059530">
    <ele>95.6</ele>
    <time>2026-07-26T07:36:30Z</time>
   </trkpt>
   <trkpt lat="25.0330720" lon="121.6059530">
    <ele>95.7</ele>
    <time>2026-07-26T07:36:31Z</time>
   </trkpt>
   <trkpt lat="25.0330720" lon="121.6059530">
    <ele>95.7</ele>
    <time>2026-07-26T07:36:32Z</time>
   </trkpt>
   <trkpt lat="25.0330720" lon="121.6059530">
    <ele>95.7</ele>
    <time>2026-07-26T07:36:33Z</time>
   </trkpt>
   <trkpt lat="25.0330720" lon="121.6059560">
    <ele>95.7</ele>
    <time>2026-07-26T07:36:34Z</time>
   </trkpt>
   <trkpt lat="25.0330720" lon="121.6059560">
    <ele>95.7</ele>
    <time>2026-07-26T07:36:35Z</time>
   </trkpt>
   <trkpt lat="25.0330720" lon="121.6059560">
    <ele>95.7</ele>
    <time>2026-07-26T07:36:36Z</time>
   </trkpt>
   <trkpt lat="25.0330720" lon="121.6059560">
    <ele>95.7</ele>
    <time>2026-07-26T07:36:37Z</time>
   </trkpt>
   <trkpt lat="25.0330720" lon="121.6059560">
    <ele>95.7</ele>
    <time>2026-07-26T07:36:38Z</time>
   </trkpt>
   <trkpt lat="25.0330680" lon="121.6059480">
    <ele>95.8</ele>
    <time>2026-07-26T07:36:39Z</time>
   </trkpt>
   <trkpt lat="25.0330640" lon="121.6059350">
    <ele>95.9</ele>
    <time>2026-07-26T07:36:40Z</time>
   </trkpt>
   <trkpt lat="25.0330670" lon="121.6059230">
    <ele>96.0</ele>
    <time>2026-07-26T07:36:41Z</time>
   </trkpt>
   <trkpt lat="25.0330760" lon="121.6059190">
    <ele>96.1</ele>
    <time>2026-07-26T07:36:42Z</time>
   </trkpt>
   <trkpt lat="25.0330730" lon="121.6059150">
    <ele>96.1</ele>
    <time>2026-07-26T07:36:43Z</time>
   </trkpt>
   <trkpt lat="25.0330700" lon="121.6059150">
    <ele>96.1</ele>
    <time>2026-07-26T07:36:44Z</time>
   </trkpt>
   <trkpt lat="25.0330560" lon="121.6059150">
    <ele>96.1</ele>
    <time>2026-07-26T07:36:45Z</time>
   </trkpt>
   <trkpt lat="25.0330480" lon="121.6059110">
    <ele>96.1</ele>
    <time>2026-07-26T07:36:46Z</time>
   </trkpt>
   <trkpt lat="25.0330470" lon="121.6059030">
    <ele>96.1</ele>
    <time>2026-07-26T07:36:47Z</time>
   </trkpt>
   <trkpt lat="25.0330500" lon="121.6059020">
    <ele>96.1</ele>
    <time>2026-07-26T07:36:48Z</time>
   </trkpt>
   <trkpt lat="25.0330490" lon="121.6059030">
    <ele>96.1</ele>
    <time>2026-07-26T07:36:49Z</time>
   </trkpt>
   <trkpt lat="25.0330470" lon="121.6059060">
    <ele>96.1</ele>
    <time>2026-07-26T07:36:50Z</time>
   </trkpt>
   <trkpt lat="25.0330470" lon="121.6059090">
    <ele>96.1</ele>
    <time>2026-07-26T07:36:51Z</time>
   </trkpt>
   <trkpt lat="25.0330440" lon="121.6059070">
    <ele>96.1</ele>
    <time>2026-07-26T07:36:52Z</time>
   </trkpt>
   <trkpt lat="25.0330440" lon="121.6059070">
    <ele>96.1</ele>
    <time>2026-07-26T07:36:53Z</time>
   </trkpt>
   <trkpt lat="25.0330440" lon="121.6059070">
    <ele>96.1</ele>
    <time>2026-07-26T07:36:54Z</time>
   </trkpt>
   <trkpt lat="25.0330440" lon="121.6059070">
    <ele>96.1</ele>
    <time>2026-07-26T07:36:55Z</time>
   </trkpt>
   <trkpt lat="25.0330440" lon="121.6059070">
    <ele>96.1</ele>
    <time>2026-07-26T07:36:56Z</time>
   </trkpt>
   <trkpt lat="25.0330440" lon="121.6059070">
    <ele>96.1</ele>
    <time>2026-07-26T07:36:57Z</time>
   </trkpt>
   <trkpt lat="25.0330440" lon="121.6059070">
    <ele>96.1</ele>
    <time>2026-07-26T07:36:58Z</time>
   </trkpt>
   <trkpt lat="25.0330440" lon="121.6059070">
    <ele>96.1</ele>
    <time>2026-07-26T07:36:59Z</time>
   </trkpt>
   <trkpt lat="25.0330440" lon="121.6059070">
    <ele>96.1</ele>
    <time>2026-07-26T07:37:00Z</time>
   </trkpt>
   <trkpt lat="25.0330440" lon="121.6059070">
    <ele>96.1</ele>
    <time>2026-07-26T07:37:01Z</time>
   </trkpt>
   <trkpt lat="25.0330510" lon="121.6059110">
    <ele>96.1</ele>
    <time>2026-07-26T07:37:02Z</time>
   </trkpt>
   <trkpt lat="25.0330520" lon="121.6059110">
    <ele>96.1</ele>
    <time>2026-07-26T07:37:03Z</time>
   </trkpt>
   <trkpt lat="25.0330520" lon="121.6059110">
    <ele>96.1</ele>
    <time>2026-07-26T07:37:04Z</time>
   </trkpt>
   <trkpt lat="25.0330470" lon="121.6059070">
    <ele>96.1</ele>
    <time>2026-07-26T07:37:05Z</time>
   </trkpt>
   <trkpt lat="25.0330400" lon="121.6059070">
    <ele>96.1</ele>
    <time>2026-07-26T07:37:06Z</time>
   </trkpt>
   <trkpt lat="25.0330390" lon="121.6058950">
    <ele>96.1</ele>
    <time>2026-07-26T07:37:07Z</time>
   </trkpt>
   <trkpt lat="25.0330340" lon="121.6058780">
    <ele>96.2</ele>
    <time>2026-07-26T07:37:08Z</time>
   </trkpt>
   <trkpt lat="25.0330270" lon="121.6058860">
    <ele>96.2</ele>
    <time>2026-07-26T07:37:09Z</time>
   </trkpt>
   <trkpt lat="25.0330110" lon="121.6058780">
    <ele>96.2</ele>
    <time>2026-07-26T07:37:10Z</time>
   </trkpt>
   <trkpt lat="25.0329970" lon="121.6058700">
    <ele>96.2</ele>
    <time>2026-07-26T07:37:11Z</time>
   </trkpt>
   <trkpt lat="25.0329820" lon="121.6058520">
    <ele>96.3</ele>
    <time>2026-07-26T07:37:12Z</time>
   </trkpt>
   <trkpt lat="25.0329820" lon="121.6058350">
    <ele>96.3</ele>
    <time>2026-07-26T07:37:13Z</time>
   </trkpt>
   <trkpt lat="25.0329760" lon="121.6058210">
    <ele>96.3</ele>
    <time>2026-07-26T07:37:14Z</time>
   </trkpt>
   <trkpt lat="25.0329710" lon="121.6058150">
    <ele>96.3</ele>
    <time>2026-07-26T07:37:15Z</time>
   </trkpt>
   <trkpt lat="25.0329690" lon="121.6058140">
    <ele>96.3</ele>
    <time>2026-07-26T07:37:16Z</time>
   </trkpt>
   <trkpt lat="25.0329630" lon="121.6058020">
    <ele>96.4</ele>
    <time>2026-07-26T07:37:17Z</time>
   </trkpt>
   <trkpt lat="25.0329540" lon="121.6057900">
    <ele>96.4</ele>
    <time>2026-07-26T07:37:18Z</time>
   </trkpt>
   <trkpt lat="25.0329490" lon="121.6057790">
    <ele>96.4</ele>
    <time>2026-07-26T07:37:19Z</time>
   </trkpt>
   <trkpt lat="25.0329390" lon="121.6057620">
    <ele>96.4</ele>
    <time>2026-07-26T07:37:20Z</time>
   </trkpt>
   <trkpt lat="25.0329400" lon="121.6057520">
    <ele>96.4</ele>
    <time>2026-07-26T07:37:21Z</time>
   </trkpt>
   <trkpt lat="25.0329380" lon="121.6057390">
    <ele>96.5</ele>
    <time>2026-07-26T07:37:22Z</time>
   </trkpt>
   <trkpt lat="25.0329310" lon="121.6057310">
    <ele>96.5</ele>
    <time>2026-07-26T07:37:23Z</time>
   </trkpt>
   <trkpt lat="25.0329250" lon="121.6057140">
    <ele>96.5</ele>
    <time>2026-07-26T07:37:24Z</time>
   </trkpt>
   <trkpt lat="25.0329230" lon="121.6057030">
    <ele>96.5</ele>
    <time>2026-07-26T07:37:25Z</time>
   </trkpt>
   <trkpt lat="25.0329160" lon="121.6056950">
    <ele>96.5</ele>
    <time>2026-07-26T07:37:26Z</time>
   </trkpt>
   <trkpt lat="25.0329160" lon="121.6056840">
    <ele>96.5</ele>
    <time>2026-07-26T07:37:27Z</time>
   </trkpt>
   <trkpt lat="25.0329160" lon="121.6056710">
    <ele>96.5</ele>
    <time>2026-07-26T07:37:28Z</time>
   </trkpt>
   <trkpt lat="25.0329190" lon="121.6056690">
    <ele>96.5</ele>
    <time>2026-07-26T07:37:29Z</time>
   </trkpt>
   <trkpt lat="25.0329170" lon="121.6056660">
    <ele>96.5</ele>
    <time>2026-07-26T07:37:30Z</time>
   </trkpt>
   <trkpt lat="25.0329170" lon="121.6056670">
    <ele>96.5</ele>
    <time>2026-07-26T07:37:31Z</time>
   </trkpt>
   <trkpt lat="25.0329150" lon="121.6056680">
    <ele>96.6</ele>
    <time>2026-07-26T07:37:32Z</time>
   </trkpt>
   <trkpt lat="25.0329130" lon="121.6056740">
    <ele>96.6</ele>
    <time>2026-07-26T07:37:33Z</time>
   </trkpt>
   <trkpt lat="25.0329120" lon="121.6056720">
    <ele>96.6</ele>
    <time>2026-07-26T07:37:34Z</time>
   </trkpt>
   <trkpt lat="25.0329170" lon="121.6056730">
    <ele>96.6</ele>
    <time>2026-07-26T07:37:35Z</time>
   </trkpt>
   <trkpt lat="25.0329150" lon="121.6056700">
    <ele>96.6</ele>
    <time>2026-07-26T07:37:36Z</time>
   </trkpt>
   <trkpt lat="25.0329130" lon="121.6056710">
    <ele>96.6</ele>
    <time>2026-07-26T07:37:37Z</time>
   </trkpt>
   <trkpt lat="25.0329130" lon="121.6056710">
    <ele>96.6</ele>
    <time>2026-07-26T07:37:38Z</time>
   </trkpt>
   <trkpt lat="25.0329130" lon="121.6056710">
    <ele>96.6</ele>
    <time>2026-07-26T07:37:39Z</time>
   </trkpt>
   <trkpt lat="25.0329130" lon="121.6056710">
    <ele>96.6</ele>
    <time>2026-07-26T07:37:40Z</time>
   </trkpt>
   <trkpt lat="25.0329130" lon="121.6056710">
    <ele>96.6</ele>
    <time>2026-07-26T07:37:41Z</time>
   </trkpt>
   <trkpt lat="25.0329130" lon="121.6056710">
    <ele>96.6</ele>
    <time>2026-07-26T07:37:42Z</time>
   </trkpt>
   <trkpt lat="25.0329130" lon="121.6056710">
    <ele>96.6</ele>
    <time>2026-07-26T07:37:43Z</time>
   </trkpt>
   <trkpt lat="25.0329150" lon="121.6056530">
    <ele>96.6</ele>
    <time>2026-07-26T07:37:44Z</time>
   </trkpt>
   <trkpt lat="25.0329150" lon="121.6056500">
    <ele>96.6</ele>
    <time>2026-07-26T07:37:45Z</time>
   </trkpt>
   <trkpt lat="25.0329140" lon="121.6056500">
    <ele>96.6</ele>
    <time>2026-07-26T07:37:46Z</time>
   </trkpt>
   <trkpt lat="25.0329140" lon="121.6056500">
    <ele>96.6</ele>
    <time>2026-07-26T07:37:47Z</time>
   </trkpt>
   <trkpt lat="25.0329140" lon="121.6056500">
    <ele>96.6</ele>
    <time>2026-07-26T07:37:48Z</time>
   </trkpt>
   <trkpt lat="25.0329140" lon="121.6056500">
    <ele>96.6</ele>
    <time>2026-07-26T07:37:49Z</time>
   </trkpt>
   <trkpt lat="25.0329140" lon="121.6056500">
    <ele>96.6</ele>
    <time>2026-07-26T07:37:50Z</time>
   </trkpt>
   <trkpt lat="25.0329140" lon="121.6056500">
    <ele>96.6</ele>
    <time>2026-07-26T07:37:51Z</time>
   </trkpt>
   <trkpt lat="25.0329140" lon="121.6056500">
    <ele>96.6</ele>
    <time>2026-07-26T07:37:52Z</time>
   </trkpt>
   <trkpt lat="25.0329140" lon="121.6056500">
    <ele>96.6</ele>
    <time>2026-07-26T07:37:53Z</time>
   </trkpt>
   <trkpt lat="25.0329360" lon="121.6056420">
    <ele>96.6</ele>
    <time>2026-07-26T07:37:54Z</time>
   </trkpt>
   <trkpt lat="25.0329220" lon="121.6056480">
    <ele>96.7</ele>
    <time>2026-07-26T07:37:55Z</time>
   </trkpt>
   <trkpt lat="25.0329220" lon="121.6056490">
    <ele>96.7</ele>
    <time>2026-07-26T07:37:56Z</time>
   </trkpt>
   <trkpt lat="25.0329190" lon="121.6056340">
    <ele>96.7</ele>
    <time>2026-07-26T07:37:57Z</time>
   </trkpt>
   <trkpt lat="25.0329120" lon="121.6056150">
    <ele>96.7</ele>
    <time>2026-07-26T07:37:58Z</time>
   </trkpt>
   <trkpt lat="25.0329150" lon="121.6055980">
    <ele>96.8</ele>
    <time>2026-07-26T07:37:59Z</time>
   </trkpt>
   <trkpt lat="25.0329110" lon="121.6055830">
    <ele>96.8</ele>
    <time>2026-07-26T07:38:00Z</time>
   </trkpt>
   <trkpt lat="25.0329190" lon="121.6055680">
    <ele>96.8</ele>
    <time>2026-07-26T07:38:01Z</time>
   </trkpt>
   <trkpt lat="25.0329110" lon="121.6055570">
    <ele>97.1</ele>
    <time>2026-07-26T07:38:02Z</time>
   </trkpt>
   <trkpt lat="25.0329100" lon="121.6055510">
    <ele>97.2</ele>
    <time>2026-07-26T07:38:03Z</time>
   </trkpt>
   <trkpt lat="25.0329050" lon="121.6055370">
    <ele>97.4</ele>
    <time>2026-07-26T07:38:04Z</time>
   </trkpt>
   <trkpt lat="25.0328970" lon="121.6055220">
    <ele>97.7</ele>
    <time>2026-07-26T07:38:05Z</time>
   </trkpt>
   <trkpt lat="25.0328940" lon="121.6055060">
    <ele>98.0</ele>
    <time>2026-07-26T07:38:06Z</time>
   </trkpt>
   <trkpt lat="25.0328980" lon="121.6054960">
    <ele>98.1</ele>
    <time>2026-07-26T07:38:07Z</time>
   </trkpt>
   <trkpt lat="25.0328950" lon="121.6054870">
    <ele>98.3</ele>
    <time>2026-07-26T07:38:08Z</time>
   </trkpt>
   <trkpt lat="25.0328900" lon="121.6054790">
    <ele>98.5</ele>
    <time>2026-07-26T07:38:09Z</time>
   </trkpt>
   <trkpt lat="25.0328810" lon="121.6054690">
    <ele>98.7</ele>
    <time>2026-07-26T07:38:10Z</time>
   </trkpt>
   <trkpt lat="25.0328690" lon="121.6054600">
    <ele>99.0</ele>
    <time>2026-07-26T07:38:11Z</time>
   </trkpt>
   <trkpt lat="25.0328630" lon="121.6054480">
    <ele>99.2</ele>
    <time>2026-07-26T07:38:12Z</time>
   </trkpt>
   <trkpt lat="25.0328540" lon="121.6054390">
    <ele>99.4</ele>
    <time>2026-07-26T07:38:13Z</time>
   </trkpt>
   <trkpt lat="25.0328490" lon="121.6054330">
    <ele>99.5</ele>
    <time>2026-07-26T07:38:14Z</time>
   </trkpt>
   <trkpt lat="25.0328440" lon="121.6054270">
    <ele>99.7</ele>
    <time>2026-07-26T07:38:15Z</time>
   </trkpt>
   <trkpt lat="25.0328300" lon="121.6054180">
    <ele>100.0</ele>
    <time>2026-07-26T07:38:16Z</time>
   </trkpt>
   <trkpt lat="25.0328190" lon="121.6054140">
    <ele>100.2</ele>
    <time>2026-07-26T07:38:17Z</time>
   </trkpt>
   <trkpt lat="25.0328150" lon="121.6054080">
    <ele>100.3</ele>
    <time>2026-07-26T07:38:18Z</time>
   </trkpt>
   <trkpt lat="25.0328000" lon="121.6053950">
    <ele>100.6</ele>
    <time>2026-07-26T07:38:19Z</time>
   </trkpt>
   <trkpt lat="25.0327930" lon="121.6053810">
    <ele>100.9</ele>
    <time>2026-07-26T07:38:20Z</time>
   </trkpt>
   <trkpt lat="25.0327900" lon="121.6053680">
    <ele>101.1</ele>
    <time>2026-07-26T07:38:21Z</time>
   </trkpt>
   <trkpt lat="25.0327850" lon="121.6053550">
    <ele>101.4</ele>
    <time>2026-07-26T07:38:22Z</time>
   </trkpt>
   <trkpt lat="25.0327830" lon="121.6053420">
    <ele>101.6</ele>
    <time>2026-07-26T07:38:23Z</time>
   </trkpt>
   <trkpt lat="25.0327830" lon="121.6053280">
    <ele>101.9</ele>
    <time>2026-07-26T07:38:24Z</time>
   </trkpt>
   <trkpt lat="25.0327780" lon="121.6053120">
    <ele>102.3</ele>
    <time>2026-07-26T07:38:25Z</time>
   </trkpt>
   <trkpt lat="25.0327800" lon="121.6053040">
    <ele>102.4</ele>
    <time>2026-07-26T07:38:26Z</time>
   </trkpt>
   <trkpt lat="25.0327770" lon="121.6052880">
    <ele>102.7</ele>
    <time>2026-07-26T07:38:27Z</time>
   </trkpt>
   <trkpt lat="25.0327770" lon="121.6052740">
    <ele>103.0</ele>
    <time>2026-07-26T07:38:28Z</time>
   </trkpt>
   <trkpt lat="25.0327830" lon="121.6052600">
    <ele>103.3</ele>
    <time>2026-07-26T07:38:29Z</time>
   </trkpt>
   <trkpt lat="25.0327860" lon="121.6052470">
    <ele>103.6</ele>
    <time>2026-07-26T07:38:30Z</time>
   </trkpt>
   <trkpt lat="25.0327860" lon="121.6052390">
    <ele>103.6</ele>
    <time>2026-07-26T07:38:31Z</time>
   </trkpt>
   <trkpt lat="25.0327850" lon="121.6052300">
    <ele>103.7</ele>
    <time>2026-07-26T07:38:32Z</time>
   </trkpt>
   <trkpt lat="25.0327900" lon="121.6052190">
    <ele>103.8</ele>
    <time>2026-07-26T07:38:33Z</time>
   </trkpt>
   <trkpt lat="25.0327950" lon="121.6052060">
    <ele>104.0</ele>
    <time>2026-07-26T07:38:34Z</time>
   </trkpt>
   <trkpt lat="25.0327980" lon="121.6051940">
    <ele>104.1</ele>
    <time>2026-07-26T07:38:35Z</time>
   </trkpt>
   <trkpt lat="25.0328040" lon="121.6051830">
    <ele>104.2</ele>
    <time>2026-07-26T07:38:36Z</time>
   </trkpt>
   <trkpt lat="25.0328070" lon="121.6051680">
    <ele>104.3</ele>
    <time>2026-07-26T07:38:37Z</time>
   </trkpt>
   <trkpt lat="25.0328180" lon="121.6051560">
    <ele>104.5</ele>
    <time>2026-07-26T07:38:38Z</time>
   </trkpt>
   <trkpt lat="25.0328340" lon="121.6051410">
    <ele>104.6</ele>
    <time>2026-07-26T07:38:39Z</time>
   </trkpt>
   <trkpt lat="25.0328500" lon="121.6051300">
    <ele>104.7</ele>
    <time>2026-07-26T07:38:40Z</time>
   </trkpt>
   <trkpt lat="25.0328580" lon="121.6051180">
    <ele>104.8</ele>
    <time>2026-07-26T07:38:41Z</time>
   </trkpt>
   <trkpt lat="25.0328600" lon="121.6051080">
    <ele>104.8</ele>
    <time>2026-07-26T07:38:42Z</time>
   </trkpt>
   <trkpt lat="25.0328610" lon="121.6050930">
    <ele>104.9</ele>
    <time>2026-07-26T07:38:43Z</time>
   </trkpt>
   <trkpt lat="25.0328610" lon="121.6050840">
    <ele>104.9</ele>
    <time>2026-07-26T07:38:44Z</time>
   </trkpt>
   <trkpt lat="25.0328630" lon="121.6050720">
    <ele>105.0</ele>
    <time>2026-07-26T07:38:45Z</time>
   </trkpt>
   <trkpt lat="25.0328660" lon="121.6050580">
    <ele>105.0</ele>
    <time>2026-07-26T07:38:46Z</time>
   </trkpt>
   <trkpt lat="25.0328670" lon="121.6050450">
    <ele>105.0</ele>
    <time>2026-07-26T07:38:47Z</time>
   </trkpt>
   <trkpt lat="25.0328700" lon="121.6050280">
    <ele>105.0</ele>
    <time>2026-07-26T07:38:48Z</time>
   </trkpt>
   <trkpt lat="25.0328760" lon="121.6050120">
    <ele>105.1</ele>
    <time>2026-07-26T07:38:49Z</time>
   </trkpt>
   <trkpt lat="25.0328840" lon="121.6049960">
    <ele>105.1</ele>
    <time>2026-07-26T07:38:50Z</time>
   </trkpt>
   <trkpt lat="25.0328910" lon="121.6049830">
    <ele>105.1</ele>
    <time>2026-07-26T07:38:51Z</time>
   </trkpt>
   <trkpt lat="25.0328980" lon="121.6049750">
    <ele>105.1</ele>
    <time>2026-07-26T07:38:52Z</time>
   </trkpt>
   <trkpt lat="25.0329220" lon="121.6049570">
    <ele>105.1</ele>
    <time>2026-07-26T07:38:53Z</time>
   </trkpt>
   <trkpt lat="25.0329230" lon="121.6049440">
    <ele>105.1</ele>
    <time>2026-07-26T07:38:54Z</time>
   </trkpt>
   <trkpt lat="25.0329260" lon="121.6049320">
    <ele>105.1</ele>
    <time>2026-07-26T07:38:55Z</time>
   </trkpt>
   <trkpt lat="25.0329340" lon="121.6049200">
    <ele>105.1</ele>
    <time>2026-07-26T07:38:56Z</time>
   </trkpt>
   <trkpt lat="25.0329430" lon="121.6049080">
    <ele>105.1</ele>
    <time>2026-07-26T07:38:57Z</time>
   </trkpt>
   <trkpt lat="25.0329450" lon="121.6048950">
    <ele>105.2</ele>
    <time>2026-07-26T07:38:58Z</time>
   </trkpt>
   <trkpt lat="25.0329480" lon="121.6048800">
    <ele>105.2</ele>
    <time>2026-07-26T07:38:59Z</time>
   </trkpt>
   <trkpt lat="25.0329580" lon="121.6048690">
    <ele>105.2</ele>
    <time>2026-07-26T07:39:00Z</time>
   </trkpt>
   <trkpt lat="25.0329780" lon="121.6048580">
    <ele>105.3</ele>
    <time>2026-07-26T07:39:01Z</time>
   </trkpt>
   <trkpt lat="25.0330080" lon="121.6048350">
    <ele>105.4</ele>
    <time>2026-07-26T07:39:02Z</time>
   </trkpt>
   <trkpt lat="25.0330150" lon="121.6048190">
    <ele>105.5</ele>
    <time>2026-07-26T07:39:03Z</time>
   </trkpt>
   <trkpt lat="25.0330170" lon="121.6048130">
    <ele>105.5</ele>
    <time>2026-07-26T07:39:04Z</time>
   </trkpt>
   <trkpt lat="25.0330240" lon="121.6048010">
    <ele>105.6</ele>
    <time>2026-07-26T07:39:05Z</time>
   </trkpt>
   <trkpt lat="25.0330400" lon="121.6047960">
    <ele>105.7</ele>
    <time>2026-07-26T07:39:06Z</time>
   </trkpt>
   <trkpt lat="25.0330450" lon="121.6048010">
    <ele>105.7</ele>
    <time>2026-07-26T07:39:07Z</time>
   </trkpt>
   <trkpt lat="25.0330560" lon="121.6047990">
    <ele>105.8</ele>
    <time>2026-07-26T07:39:08Z</time>
   </trkpt>
   <trkpt lat="25.0330670" lon="121.6047890">
    <ele>105.9</ele>
    <time>2026-07-26T07:39:09Z</time>
   </trkpt>
   <trkpt lat="25.0330810" lon="121.6047780">
    <ele>106.0</ele>
    <time>2026-07-26T07:39:10Z</time>
   </trkpt>
   <trkpt lat="25.0330810" lon="121.6047660">
    <ele>106.1</ele>
    <time>2026-07-26T07:39:11Z</time>
   </trkpt>
   <trkpt lat="25.0330790" lon="121.6047520">
    <ele>106.3</ele>
    <time>2026-07-26T07:39:12Z</time>
   </trkpt>
   <trkpt lat="25.0330850" lon="121.6047440">
    <ele>106.5</ele>
    <time>2026-07-26T07:39:13Z</time>
   </trkpt>
   <trkpt lat="25.0331030" lon="121.6047300">
    <ele>106.8</ele>
    <time>2026-07-26T07:39:14Z</time>
   </trkpt>
   <trkpt lat="25.0331090" lon="121.6047110">
    <ele>107.2</ele>
    <time>2026-07-26T07:39:15Z</time>
   </trkpt>
   <trkpt lat="25.0331160" lon="121.6046990">
    <ele>107.4</ele>
    <time>2026-07-26T07:39:16Z</time>
   </trkpt>
   <trkpt lat="25.0331170" lon="121.6046900">
    <ele>107.6</ele>
    <time>2026-07-26T07:39:17Z</time>
   </trkpt>
   <trkpt lat="25.0331190" lon="121.6046790">
    <ele>107.8</ele>
    <time>2026-07-26T07:39:18Z</time>
   </trkpt>
   <trkpt lat="25.0331170" lon="121.6046610">
    <ele>108.1</ele>
    <time>2026-07-26T07:39:19Z</time>
   </trkpt>
   <trkpt lat="25.0331150" lon="121.6046510">
    <ele>108.3</ele>
    <time>2026-07-26T07:39:20Z</time>
   </trkpt>
   <trkpt lat="25.0331060" lon="121.6046440">
    <ele>108.5</ele>
    <time>2026-07-26T07:39:21Z</time>
   </trkpt>
   <trkpt lat="25.0330930" lon="121.6046340">
    <ele>108.9</ele>
    <time>2026-07-26T07:39:22Z</time>
   </trkpt>
   <trkpt lat="25.0330920" lon="121.6046230">
    <ele>109.1</ele>
    <time>2026-07-26T07:39:23Z</time>
   </trkpt>
   <trkpt lat="25.0330880" lon="121.6046150">
    <ele>109.3</ele>
    <time>2026-07-26T07:39:24Z</time>
   </trkpt>
   <trkpt lat="25.0330810" lon="121.6046040">
    <ele>109.6</ele>
    <time>2026-07-26T07:39:25Z</time>
   </trkpt>
   <trkpt lat="25.0330800" lon="121.6045970">
    <ele>109.8</ele>
    <time>2026-07-26T07:39:26Z</time>
   </trkpt>
   <trkpt lat="25.0330830" lon="121.6045860">
    <ele>110.1</ele>
    <time>2026-07-26T07:39:27Z</time>
   </trkpt>
   <trkpt lat="25.0330890" lon="121.6045820">
    <ele>110.3</ele>
    <time>2026-07-26T07:39:28Z</time>
   </trkpt>
   <trkpt lat="25.0330940" lon="121.6045750">
    <ele>110.5</ele>
    <time>2026-07-26T07:39:29Z</time>
   </trkpt>
   <trkpt lat="25.0330930" lon="121.6045680">
    <ele>110.7</ele>
    <time>2026-07-26T07:39:30Z</time>
   </trkpt>
   <trkpt lat="25.0330870" lon="121.6045600">
    <ele>110.9</ele>
    <time>2026-07-26T07:39:31Z</time>
   </trkpt>
   <trkpt lat="25.0330840" lon="121.6045510">
    <ele>111.2</ele>
    <time>2026-07-26T07:39:32Z</time>
   </trkpt>
   <trkpt lat="25.0330760" lon="121.6045410">
    <ele>111.5</ele>
    <time>2026-07-26T07:39:33Z</time>
   </trkpt>
   <trkpt lat="25.0330740" lon="121.6045330">
    <ele>111.8</ele>
    <time>2026-07-26T07:39:34Z</time>
   </trkpt>
   <trkpt lat="25.0330690" lon="121.6045390">
    <ele>112.0</ele>
    <time>2026-07-26T07:39:35Z</time>
   </trkpt>
   <trkpt lat="25.0330620" lon="121.6045420">
    <ele>112.2</ele>
    <time>2026-07-26T07:39:36Z</time>
   </trkpt>
   <trkpt lat="25.0330490" lon="121.6045280">
    <ele>112.7</ele>
    <time>2026-07-26T07:39:37Z</time>
   </trkpt>
   <trkpt lat="25.0330420" lon="121.6045300">
    <ele>113.0</ele>
    <time>2026-07-26T07:39:38Z</time>
   </trkpt>
   <trkpt lat="25.0330380" lon="121.6045190">
    <ele>113.3</ele>
    <time>2026-07-26T07:39:39Z</time>
   </trkpt>
   <trkpt lat="25.0330330" lon="121.6045120">
    <ele>113.5</ele>
    <time>2026-07-26T07:39:40Z</time>
   </trkpt>
   <trkpt lat="25.0330320" lon="121.6045090">
    <ele>113.6</ele>
    <time>2026-07-26T07:39:41Z</time>
   </trkpt>
   <trkpt lat="25.0330290" lon="121.6045070">
    <ele>113.7</ele>
    <time>2026-07-26T07:39:42Z</time>
   </trkpt>
   <trkpt lat="25.0330240" lon="121.6044990">
    <ele>114.0</ele>
    <time>2026-07-26T07:39:43Z</time>
   </trkpt>
   <trkpt lat="25.0330270" lon="121.6044850">
    <ele>114.4</ele>
    <time>2026-07-26T07:39:44Z</time>
   </trkpt>
   <trkpt lat="25.0330300" lon="121.6044820">
    <ele>114.5</ele>
    <time>2026-07-26T07:39:45Z</time>
   </trkpt>
   <trkpt lat="25.0330250" lon="121.6044790">
    <ele>114.6</ele>
    <time>2026-07-26T07:39:46Z</time>
   </trkpt>
   <trkpt lat="25.0330250" lon="121.6044750">
    <ele>114.7</ele>
    <time>2026-07-26T07:39:47Z</time>
   </trkpt>
   <trkpt lat="25.0330210" lon="121.6044730">
    <ele>114.9</ele>
    <time>2026-07-26T07:39:48Z</time>
   </trkpt>
   <trkpt lat="25.0330230" lon="121.6044670">
    <ele>115.0</ele>
    <time>2026-07-26T07:39:49Z</time>
   </trkpt>
   <trkpt lat="25.0330150" lon="121.6044560">
    <ele>115.4</ele>
    <time>2026-07-26T07:39:50Z</time>
   </trkpt>
   <trkpt lat="25.0330110" lon="121.6044510">
    <ele>115.6</ele>
    <time>2026-07-26T07:39:51Z</time>
   </trkpt>
   <trkpt lat="25.0330000" lon="121.6044350">
    <ele>116.1</ele>
    <time>2026-07-26T07:39:52Z</time>
   </trkpt>
   <trkpt lat="25.0329860" lon="121.6044270">
    <ele>116.5</ele>
    <time>2026-07-26T07:39:53Z</time>
   </trkpt>
   <trkpt lat="25.0329740" lon="121.6044130">
    <ele>117.0</ele>
    <time>2026-07-26T07:39:54Z</time>
   </trkpt>
   <trkpt lat="25.0329670" lon="121.6043970">
    <ele>117.4</ele>
    <time>2026-07-26T07:39:55Z</time>
   </trkpt>
   <trkpt lat="25.0329580" lon="121.6043800">
    <ele>117.9</ele>
    <time>2026-07-26T07:39:56Z</time>
   </trkpt>
   <trkpt lat="25.0329490" lon="121.6043650">
    <ele>118.3</ele>
    <time>2026-07-26T07:39:57Z</time>
   </trkpt>
   <trkpt lat="25.0329420" lon="121.6043460">
    <ele>118.8</ele>
    <time>2026-07-26T07:39:58Z</time>
   </trkpt>
   <trkpt lat="25.0329370" lon="121.6043280">
    <ele>119.2</ele>
    <time>2026-07-26T07:39:59Z</time>
   </trkpt>
   <trkpt lat="25.0329300" lon="121.6043190">
    <ele>119.5</ele>
    <time>2026-07-26T07:40:00Z</time>
   </trkpt>
   <trkpt lat="25.0329400" lon="121.6043140">
    <ele>119.7</ele>
    <time>2026-07-26T07:40:01Z</time>
   </trkpt>
   <trkpt lat="25.0329450" lon="121.6043090">
    <ele>119.9</ele>
    <time>2026-07-26T07:40:02Z</time>
   </trkpt>
   <trkpt lat="25.0329510" lon="121.6043060">
    <ele>120.0</ele>
    <time>2026-07-26T07:40:03Z</time>
   </trkpt>
   <trkpt lat="25.0329560" lon="121.6043070">
    <ele>120.2</ele>
    <time>2026-07-26T07:40:04Z</time>
   </trkpt>
   <trkpt lat="25.0329620" lon="121.6043050">
    <ele>120.3</ele>
    <time>2026-07-26T07:40:05Z</time>
   </trkpt>
   <trkpt lat="25.0329660" lon="121.6043040">
    <ele>120.4</ele>
    <time>2026-07-26T07:40:06Z</time>
   </trkpt>
   <trkpt lat="25.0329750" lon="121.6043060">
    <ele>120.6</ele>
    <time>2026-07-26T07:40:07Z</time>
   </trkpt>
   <trkpt lat="25.0329800" lon="121.6043040">
    <ele>120.7</ele>
    <time>2026-07-26T07:40:08Z</time>
   </trkpt>
   <trkpt lat="25.0329930" lon="121.6042990">
    <ele>121.0</ele>
    <time>2026-07-26T07:40:09Z</time>
   </trkpt>
   <trkpt lat="25.0330110" lon="121.6043010">
    <ele>121.4</ele>
    <time>2026-07-26T07:40:10Z</time>
   </trkpt>
   <trkpt lat="25.0330260" lon="121.6043030">
    <ele>121.7</ele>
    <time>2026-07-26T07:40:11Z</time>
   </trkpt>
   <trkpt lat="25.0330350" lon="121.6043040">
    <ele>121.9</ele>
    <time>2026-07-26T07:40:12Z</time>
   </trkpt>
   <trkpt lat="25.0330500" lon="121.6043070">
    <ele>122.2</ele>
    <time>2026-07-26T07:40:13Z</time>
   </trkpt>
   <trkpt lat="25.0330590" lon="121.6043070">
    <ele>122.4</ele>
    <time>2026-07-26T07:40:14Z</time>
   </trkpt>
   <trkpt lat="25.0330630" lon="121.6042990">
    <ele>122.7</ele>
    <time>2026-07-26T07:40:15Z</time>
   </trkpt>
   <trkpt lat="25.0330650" lon="121.6042870">
    <ele>123.0</ele>
    <time>2026-07-26T07:40:16Z</time>
   </trkpt>
   <trkpt lat="25.0330660" lon="121.6042740">
    <ele>123.4</ele>
    <time>2026-07-26T07:40:17Z</time>
   </trkpt>
   <trkpt lat="25.0330650" lon="121.6042640">
    <ele>123.7</ele>
    <time>2026-07-26T07:40:18Z</time>
   </trkpt>
   <trkpt lat="25.0330620" lon="121.6042590">
    <ele>123.9</ele>
    <time>2026-07-26T07:40:19Z</time>
   </trkpt>
   <trkpt lat="25.0330640" lon="121.6042520">
    <ele>124.1</ele>
    <time>2026-07-26T07:40:20Z</time>
   </trkpt>
   <trkpt lat="25.0330710" lon="121.6042460">
    <ele>124.3</ele>
    <time>2026-07-26T07:40:21Z</time>
   </trkpt>
   <trkpt lat="25.0330750" lon="121.6042410">
    <ele>124.5</ele>
    <time>2026-07-26T07:40:22Z</time>
   </trkpt>
   <trkpt lat="25.0330840" lon="121.6042360">
    <ele>124.8</ele>
    <time>2026-07-26T07:40:23Z</time>
   </trkpt>
   <trkpt lat="25.0330890" lon="121.6042300">
    <ele>125.1</ele>
    <time>2026-07-26T07:40:24Z</time>
   </trkpt>
   <trkpt lat="25.0330930" lon="121.6042190">
    <ele>125.4</ele>
    <time>2026-07-26T07:40:25Z</time>
   </trkpt>
   <trkpt lat="25.0330970" lon="121.6042070">
    <ele>125.7</ele>
    <time>2026-07-26T07:40:26Z</time>
   </trkpt>
   <trkpt lat="25.0330930" lon="121.6041990">
    <ele>126.0</ele>
    <time>2026-07-26T07:40:27Z</time>
   </trkpt>
   <trkpt lat="25.0330890" lon="121.6041890">
    <ele>126.3</ele>
    <time>2026-07-26T07:40:28Z</time>
   </trkpt>
   <trkpt lat="25.0330870" lon="121.6041870">
    <ele>126.4</ele>
    <time>2026-07-26T07:40:29Z</time>
   </trkpt>
   <trkpt lat="25.0330720" lon="121.6041840">
    <ele>126.9</ele>
    <time>2026-07-26T07:40:30Z</time>
   </trkpt>
   <trkpt lat="25.0330590" lon="121.6041840">
    <ele>127.2</ele>
    <time>2026-07-26T07:40:31Z</time>
   </trkpt>
   <trkpt lat="25.0330460" lon="121.6041820">
    <ele>127.6</ele>
    <time>2026-07-26T07:40:32Z</time>
   </trkpt>
   <trkpt lat="25.0330400" lon="121.6041780">
    <ele>127.8</ele>
    <time>2026-07-26T07:40:33Z</time>
   </trkpt>
   <trkpt lat="25.0330340" lon="121.6041720">
    <ele>128.1</ele>
    <time>2026-07-26T07:40:34Z</time>
   </trkpt>
   <trkpt lat="25.0330300" lon="121.6041670">
    <ele>128.3</ele>
    <time>2026-07-26T07:40:35Z</time>
   </trkpt>
   <trkpt lat="25.0330300" lon="121.6041610">
    <ele>128.4</ele>
    <time>2026-07-26T07:40:36Z</time>
   </trkpt>
   <trkpt lat="25.0330230" lon="121.6041530">
    <ele>128.7</ele>
    <time>2026-07-26T07:40:37Z</time>
   </trkpt>
   <trkpt lat="25.0330190" lon="121.6041470">
    <ele>128.9</ele>
    <time>2026-07-26T07:40:38Z</time>
   </trkpt>
   <trkpt lat="25.0330160" lon="121.6041400">
    <ele>129.1</ele>
    <time>2026-07-26T07:40:39Z</time>
   </trkpt>
   <trkpt lat="25.0330060" lon="121.6041320">
    <ele>129.5</ele>
    <time>2026-07-26T07:40:40Z</time>
   </trkpt>
   <trkpt lat="25.0330040" lon="121.6041250">
    <ele>129.7</ele>
    <time>2026-07-26T07:40:41Z</time>
   </trkpt>
   <trkpt lat="25.0330010" lon="121.6041210">
    <ele>129.8</ele>
    <time>2026-07-26T07:40:42Z</time>
   </trkpt>
   <trkpt lat="25.0329950" lon="121.6041180">
    <ele>130.0</ele>
    <time>2026-07-26T07:40:43Z</time>
   </trkpt>
   <trkpt lat="25.0329870" lon="121.6041080">
    <ele>130.3</ele>
    <time>2026-07-26T07:40:44Z</time>
   </trkpt>
   <trkpt lat="25.0329840" lon="121.6041040">
    <ele>130.5</ele>
    <time>2026-07-26T07:40:45Z</time>
   </trkpt>
   <trkpt lat="25.0329830" lon="121.6040980">
    <ele>130.6</ele>
    <time>2026-07-26T07:40:46Z</time>
   </trkpt>
   <trkpt lat="25.0329820" lon="121.6040880">
    <ele>130.9</ele>
    <time>2026-07-26T07:40:47Z</time>
   </trkpt>
   <trkpt lat="25.0329800" lon="121.6040780">
    <ele>131.1</ele>
    <time>2026-07-26T07:40:48Z</time>
   </trkpt>
   <trkpt lat="25.0329780" lon="121.6040680">
    <ele>131.4</ele>
    <time>2026-07-26T07:40:49Z</time>
   </trkpt>
   <trkpt lat="25.0329810" lon="121.6040620">
    <ele>131.5</ele>
    <time>2026-07-26T07:40:50Z</time>
   </trkpt>
   <trkpt lat="25.0329780" lon="121.6040480">
    <ele>131.9</ele>
    <time>2026-07-26T07:40:51Z</time>
   </trkpt>
   <trkpt lat="25.0329680" lon="121.6040360">
    <ele>132.2</ele>
    <time>2026-07-26T07:40:52Z</time>
   </trkpt>
   <trkpt lat="25.0329610" lon="121.6040300">
    <ele>132.5</ele>
    <time>2026-07-26T07:40:53Z</time>
   </trkpt>
   <trkpt lat="25.0329550" lon="121.6040190">
    <ele>132.8</ele>
    <time>2026-07-26T07:40:54Z</time>
   </trkpt>
   <trkpt lat="25.0329450" lon="121.6040140">
    <ele>133.0</ele>
    <time>2026-07-26T07:40:55Z</time>
   </trkpt>
   <trkpt lat="25.0329420" lon="121.6040060">
    <ele>133.2</ele>
    <time>2026-07-26T07:40:56Z</time>
   </trkpt>
   <trkpt lat="25.0329390" lon="121.6039930">
    <ele>133.5</ele>
    <time>2026-07-26T07:40:57Z</time>
   </trkpt>
   <trkpt lat="25.0329310" lon="121.6039820">
    <ele>133.8</ele>
    <time>2026-07-26T07:40:58Z</time>
   </trkpt>
   <trkpt lat="25.0329280" lon="121.6039740">
    <ele>134.0</ele>
    <time>2026-07-26T07:40:59Z</time>
   </trkpt>
   <trkpt lat="25.0329240" lon="121.6039600">
    <ele>134.4</ele>
    <time>2026-07-26T07:41:00Z</time>
   </trkpt>
   <trkpt lat="25.0329180" lon="121.6039470">
    <ele>134.7</ele>
    <time>2026-07-26T07:41:01Z</time>
   </trkpt>
   <trkpt lat="25.0329150" lon="121.6039400">
    <ele>134.8</ele>
    <time>2026-07-26T07:41:02Z</time>
   </trkpt>
   <trkpt lat="25.0329110" lon="121.6039310">
    <ele>135.1</ele>
    <time>2026-07-26T07:41:03Z</time>
   </trkpt>
   <trkpt lat="25.0329150" lon="121.6039230">
    <ele>135.3</ele>
    <time>2026-07-26T07:41:04Z</time>
   </trkpt>
   <trkpt lat="25.0329180" lon="121.6039090">
    <ele>135.6</ele>
    <time>2026-07-26T07:41:05Z</time>
   </trkpt>
   <trkpt lat="25.0329210" lon="121.6038980">
    <ele>135.8</ele>
    <time>2026-07-26T07:41:06Z</time>
   </trkpt>
   <trkpt lat="25.0329240" lon="121.6038880">
    <ele>136.0</ele>
    <time>2026-07-26T07:41:07Z</time>
   </trkpt>
   <trkpt lat="25.0329290" lon="121.6038780">
    <ele>136.3</ele>
    <time>2026-07-26T07:41:08Z</time>
   </trkpt>
   <trkpt lat="25.0329350" lon="121.6038690">
    <ele>136.5</ele>
    <time>2026-07-26T07:41:09Z</time>
   </trkpt>
   <trkpt lat="25.0329390" lon="121.6038580">
    <ele>136.8</ele>
    <time>2026-07-26T07:41:10Z</time>
   </trkpt>
   <trkpt lat="25.0329410" lon="121.6038550">
    <ele>136.9</ele>
    <time>2026-07-26T07:41:11Z</time>
   </trkpt>
   <trkpt lat="25.0329500" lon="121.6038440">
    <ele>137.2</ele>
    <time>2026-07-26T07:41:12Z</time>
   </trkpt>
   <trkpt lat="25.0329580" lon="121.6038310">
    <ele>137.5</ele>
    <time>2026-07-26T07:41:13Z</time>
   </trkpt>
   <trkpt lat="25.0329620" lon="121.6038230">
    <ele>137.7</ele>
    <time>2026-07-26T07:41:14Z</time>
   </trkpt>
   <trkpt lat="25.0329630" lon="121.6038100">
    <ele>138.0</ele>
    <time>2026-07-26T07:41:15Z</time>
   </trkpt>
   <trkpt lat="25.0329640" lon="121.6037980">
    <ele>138.3</ele>
    <time>2026-07-26T07:41:16Z</time>
   </trkpt>
   <trkpt lat="25.0329590" lon="121.6037830">
    <ele>138.5</ele>
    <time>2026-07-26T07:41:17Z</time>
   </trkpt>
   <trkpt lat="25.0329620" lon="121.6037730">
    <ele>138.7</ele>
    <time>2026-07-26T07:41:18Z</time>
   </trkpt>
   <trkpt lat="25.0329570" lon="121.6037640">
    <ele>138.8</ele>
    <time>2026-07-26T07:41:19Z</time>
   </trkpt>
   <trkpt lat="25.0329530" lon="121.6037540">
    <ele>138.9</ele>
    <time>2026-07-26T07:41:20Z</time>
   </trkpt>
   <trkpt lat="25.0329490" lon="121.6037430">
    <ele>139.1</ele>
    <time>2026-07-26T07:41:21Z</time>
   </trkpt>
   <trkpt lat="25.0329430" lon="121.6037370">
    <ele>139.2</ele>
    <time>2026-07-26T07:41:22Z</time>
   </trkpt>
   <trkpt lat="25.0329390" lon="121.6037330">
    <ele>139.2</ele>
    <time>2026-07-26T07:41:23Z</time>
   </trkpt>
   <trkpt lat="25.0329370" lon="121.6037270">
    <ele>139.3</ele>
    <time>2026-07-26T07:41:24Z</time>
   </trkpt>
   <trkpt lat="25.0329280" lon="121.6037150">
    <ele>139.5</ele>
    <time>2026-07-26T07:41:25Z</time>
   </trkpt>
   <trkpt lat="25.0329210" lon="121.6037060">
    <ele>139.6</ele>
    <time>2026-07-26T07:41:26Z</time>
   </trkpt>
   <trkpt lat="25.0329100" lon="121.6036930">
    <ele>139.8</ele>
    <time>2026-07-26T07:41:27Z</time>
   </trkpt>
   <trkpt lat="25.0329050" lon="121.6036890">
    <ele>139.9</ele>
    <time>2026-07-26T07:41:28Z</time>
   </trkpt>
   <trkpt lat="25.0328920" lon="121.6036780">
    <ele>140.1</ele>
    <time>2026-07-26T07:41:29Z</time>
   </trkpt>
   <trkpt lat="25.0328850" lon="121.6036680">
    <ele>140.2</ele>
    <time>2026-07-26T07:41:30Z</time>
   </trkpt>
   <trkpt lat="25.0328730" lon="121.6036560">
    <ele>140.3</ele>
    <time>2026-07-26T07:41:31Z</time>
   </trkpt>
   <trkpt lat="25.0328680" lon="121.6036440">
    <ele>140.5</ele>
    <time>2026-07-26T07:41:32Z</time>
   </trkpt>
   <trkpt lat="25.0328610" lon="121.6036330">
    <ele>140.6</ele>
    <time>2026-07-26T07:41:33Z</time>
   </trkpt>
   <trkpt lat="25.0328590" lon="121.6036230">
    <ele>140.7</ele>
    <time>2026-07-26T07:41:34Z</time>
   </trkpt>
   <trkpt lat="25.0328560" lon="121.6036130">
    <ele>140.8</ele>
    <time>2026-07-26T07:41:35Z</time>
   </trkpt>
   <trkpt lat="25.0328550" lon="121.6035990">
    <ele>140.9</ele>
    <time>2026-07-26T07:41:36Z</time>
   </trkpt>
   <trkpt lat="25.0328350" lon="121.6035880">
    <ele>141.1</ele>
    <time>2026-07-26T07:41:37Z</time>
   </trkpt>
   <trkpt lat="25.0328250" lon="121.6035760">
    <ele>141.2</ele>
    <time>2026-07-26T07:41:38Z</time>
   </trkpt>
   <trkpt lat="25.0328130" lon="121.6035680">
    <ele>141.3</ele>
    <time>2026-07-26T07:41:39Z</time>
   </trkpt>
   <trkpt lat="25.0328070" lon="121.6035620">
    <ele>141.4</ele>
    <time>2026-07-26T07:41:40Z</time>
   </trkpt>
   <trkpt lat="25.0327980" lon="121.6035540">
    <ele>141.5</ele>
    <time>2026-07-26T07:41:41Z</time>
   </trkpt>
   <trkpt lat="25.0327910" lon="121.6035500">
    <ele>141.5</ele>
    <time>2026-07-26T07:41:42Z</time>
   </trkpt>
   <trkpt lat="25.0327820" lon="121.6035430">
    <ele>141.6</ele>
    <time>2026-07-26T07:41:43Z</time>
   </trkpt>
   <trkpt lat="25.0327690" lon="121.6035330">
    <ele>141.7</ele>
    <time>2026-07-26T07:41:44Z</time>
   </trkpt>
   <trkpt lat="25.0327560" lon="121.6035240">
    <ele>141.9</ele>
    <time>2026-07-26T07:41:45Z</time>
   </trkpt>
   <trkpt lat="25.0327430" lon="121.6035170">
    <ele>142.0</ele>
    <time>2026-07-26T07:41:46Z</time>
   </trkpt>
   <trkpt lat="25.0327380" lon="121.6035120">
    <ele>142.0</ele>
    <time>2026-07-26T07:41:47Z</time>
   </trkpt>
   <trkpt lat="25.0327330" lon="121.6035060">
    <ele>142.1</ele>
    <time>2026-07-26T07:41:48Z</time>
   </trkpt>
   <trkpt lat="25.0327270" lon="121.6034930">
    <ele>142.2</ele>
    <time>2026-07-26T07:41:49Z</time>
   </trkpt>
   <trkpt lat="25.0327280" lon="121.6034850">
    <ele>142.2</ele>
    <time>2026-07-26T07:41:50Z</time>
   </trkpt>
   <trkpt lat="25.0327210" lon="121.6034720">
    <ele>142.3</ele>
    <time>2026-07-26T07:41:51Z</time>
   </trkpt>
   <trkpt lat="25.0327120" lon="121.6034560">
    <ele>142.5</ele>
    <time>2026-07-26T07:41:52Z</time>
   </trkpt>
   <trkpt lat="25.0327070" lon="121.6034410">
    <ele>142.6</ele>
    <time>2026-07-26T07:41:53Z</time>
   </trkpt>
   <trkpt lat="25.0327050" lon="121.6034290">
    <ele>142.6</ele>
    <time>2026-07-26T07:41:54Z</time>
   </trkpt>
   <trkpt lat="25.0326970" lon="121.6034120">
    <ele>142.8</ele>
    <time>2026-07-26T07:41:55Z</time>
   </trkpt>
   <trkpt lat="25.0326940" lon="121.6033990">
    <ele>143.0</ele>
    <time>2026-07-26T07:41:56Z</time>
   </trkpt>
   <trkpt lat="25.0326940" lon="121.6033840">
    <ele>143.2</ele>
    <time>2026-07-26T07:41:57Z</time>
   </trkpt>
   <trkpt lat="25.0326910" lon="121.6033720">
    <ele>143.4</ele>
    <time>2026-07-26T07:41:58Z</time>
   </trkpt>
   <trkpt lat="25.0326920" lon="121.6033550">
    <ele>143.6</ele>
    <time>2026-07-26T07:41:59Z</time>
   </trkpt>
   <trkpt lat="25.0326900" lon="121.6033370">
    <ele>143.9</ele>
    <time>2026-07-26T07:42:00Z</time>
   </trkpt>
   <trkpt lat="25.0326920" lon="121.6033250">
    <ele>144.0</ele>
    <time>2026-07-26T07:42:01Z</time>
   </trkpt>
   <trkpt lat="25.0326940" lon="121.6033280">
    <ele>144.1</ele>
    <time>2026-07-26T07:42:02Z</time>
   </trkpt>
   <trkpt lat="25.0326950" lon="121.6033110">
    <ele>144.3</ele>
    <time>2026-07-26T07:42:03Z</time>
   </trkpt>
   <trkpt lat="25.0327040" lon="121.6032990">
    <ele>144.6</ele>
    <time>2026-07-26T07:42:04Z</time>
   </trkpt>
   <trkpt lat="25.0327100" lon="121.6032840">
    <ele>144.8</ele>
    <time>2026-07-26T07:42:05Z</time>
   </trkpt>
   <trkpt lat="25.0327180" lon="121.6032690">
    <ele>145.1</ele>
    <time>2026-07-26T07:42:06Z</time>
   </trkpt>
   <trkpt lat="25.0327230" lon="121.6032590">
    <ele>145.2</ele>
    <time>2026-07-26T07:42:07Z</time>
   </trkpt>
   <trkpt lat="25.0327310" lon="121.6032510">
    <ele>145.4</ele>
    <time>2026-07-26T07:42:08Z</time>
   </trkpt>
   <trkpt lat="25.0327320" lon="121.6032440">
    <ele>145.5</ele>
    <time>2026-07-26T07:42:09Z</time>
   </trkpt>
   <trkpt lat="25.0327350" lon="121.6032350">
    <ele>145.7</ele>
    <time>2026-07-26T07:42:10Z</time>
   </trkpt>
   <trkpt lat="25.0327350" lon="121.6032230">
    <ele>145.9</ele>
    <time>2026-07-26T07:42:11Z</time>
   </trkpt>
   <trkpt lat="25.0327380" lon="121.6032180">
    <ele>146.0</ele>
    <time>2026-07-26T07:42:12Z</time>
   </trkpt>
   <trkpt lat="25.0327410" lon="121.6032060">
    <ele>146.1</ele>
    <time>2026-07-26T07:42:13Z</time>
   </trkpt>
   <trkpt lat="25.0327460" lon="121.6031940">
    <ele>146.3</ele>
    <time>2026-07-26T07:42:14Z</time>
   </trkpt>
   <trkpt lat="25.0327490" lon="121.6031850">
    <ele>146.5</ele>
    <time>2026-07-26T07:42:15Z</time>
   </trkpt>
   <trkpt lat="25.0327560" lon="121.6031790">
    <ele>146.6</ele>
    <time>2026-07-26T07:42:16Z</time>
   </trkpt>
   <trkpt lat="25.0327580" lon="121.6031670">
    <ele>146.8</ele>
    <time>2026-07-26T07:42:17Z</time>
   </trkpt>
   <trkpt lat="25.0327640" lon="121.6031590">
    <ele>147.0</ele>
    <time>2026-07-26T07:42:18Z</time>
   </trkpt>
   <trkpt lat="25.0327680" lon="121.6031500">
    <ele>147.2</ele>
    <time>2026-07-26T07:42:19Z</time>
   </trkpt>
   <trkpt lat="25.0327790" lon="121.6031390">
    <ele>147.4</ele>
    <time>2026-07-26T07:42:20Z</time>
   </trkpt>
   <trkpt lat="25.0327990" lon="121.6031270">
    <ele>147.8</ele>
    <time>2026-07-26T07:42:21Z</time>
   </trkpt>
   <trkpt lat="25.0328060" lon="121.6031190">
    <ele>148.0</ele>
    <time>2026-07-26T07:42:22Z</time>
   </trkpt>
   <trkpt lat="25.0328130" lon="121.6031130">
    <ele>148.2</ele>
    <time>2026-07-26T07:42:23Z</time>
   </trkpt>
   <trkpt lat="25.0328240" lon="121.6031040">
    <ele>148.4</ele>
    <time>2026-07-26T07:42:24Z</time>
   </trkpt>
   <trkpt lat="25.0328310" lon="121.6030960">
    <ele>148.6</ele>
    <time>2026-07-26T07:42:25Z</time>
   </trkpt>
   <trkpt lat="25.0328340" lon="121.6030860">
    <ele>148.8</ele>
    <time>2026-07-26T07:42:26Z</time>
   </trkpt>
   <trkpt lat="25.0328360" lon="121.6030740">
    <ele>149.1</ele>
    <time>2026-07-26T07:42:27Z</time>
   </trkpt>
   <trkpt lat="25.0328420" lon="121.6030680">
    <ele>149.2</ele>
    <time>2026-07-26T07:42:28Z</time>
   </trkpt>
   <trkpt lat="25.0328490" lon="121.6030560">
    <ele>149.5</ele>
    <time>2026-07-26T07:42:29Z</time>
   </trkpt>
   <trkpt lat="25.0328600" lon="121.6030460">
    <ele>149.8</ele>
    <time>2026-07-26T07:42:30Z</time>
   </trkpt>
   <trkpt lat="25.0328650" lon="121.6030370">
    <ele>150.0</ele>
    <time>2026-07-26T07:42:31Z</time>
   </trkpt>
   <trkpt lat="25.0328730" lon="121.6030280">
    <ele>150.3</ele>
    <time>2026-07-26T07:42:32Z</time>
   </trkpt>
   <trkpt lat="25.0328780" lon="121.6030160">
    <ele>150.5</ele>
    <time>2026-07-26T07:42:33Z</time>
   </trkpt>
   <trkpt lat="25.0328820" lon="121.6030110">
    <ele>150.7</ele>
    <time>2026-07-26T07:42:34Z</time>
   </trkpt>
   <trkpt lat="25.0328850" lon="121.6030020">
    <ele>150.9</ele>
    <time>2026-07-26T07:42:35Z</time>
   </trkpt>
   <trkpt lat="25.0328860" lon="121.6029890">
    <ele>151.1</ele>
    <time>2026-07-26T07:42:36Z</time>
   </trkpt>
   <trkpt lat="25.0328910" lon="121.6029800">
    <ele>151.4</ele>
    <time>2026-07-26T07:42:37Z</time>
   </trkpt>
   <trkpt lat="25.0328940" lon="121.6029680">
    <ele>151.6</ele>
    <time>2026-07-26T07:42:38Z</time>
   </trkpt>
   <trkpt lat="25.0328960" lon="121.6029640">
    <ele>151.7</ele>
    <time>2026-07-26T07:42:39Z</time>
   </trkpt>
   <trkpt lat="25.0328970" lon="121.6029470">
    <ele>152.1</ele>
    <time>2026-07-26T07:42:40Z</time>
   </trkpt>
   <trkpt lat="25.0328980" lon="121.6029300">
    <ele>152.4</ele>
    <time>2026-07-26T07:42:41Z</time>
   </trkpt>
   <trkpt lat="25.0329010" lon="121.6029180">
    <ele>152.7</ele>
    <time>2026-07-26T07:42:42Z</time>
   </trkpt>
   <trkpt lat="25.0329040" lon="121.6029050">
    <ele>153.0</ele>
    <time>2026-07-26T07:42:43Z</time>
   </trkpt>
   <trkpt lat="25.0329100" lon="121.6028880">
    <ele>153.4</ele>
    <time>2026-07-26T07:42:44Z</time>
   </trkpt>
   <trkpt lat="25.0329150" lon="121.6028700">
    <ele>153.8</ele>
    <time>2026-07-26T07:42:45Z</time>
   </trkpt>
   <trkpt lat="25.0329190" lon="121.6028570">
    <ele>154.1</ele>
    <time>2026-07-26T07:42:46Z</time>
   </trkpt>
   <trkpt lat="25.0329220" lon="121.6028420">
    <ele>154.4</ele>
    <time>2026-07-26T07:42:47Z</time>
   </trkpt>
   <trkpt lat="25.0329240" lon="121.6028330">
    <ele>154.6</ele>
    <time>2026-07-26T07:42:48Z</time>
   </trkpt>
   <trkpt lat="25.0329210" lon="121.6028290">
    <ele>154.7</ele>
    <time>2026-07-26T07:42:49Z</time>
   </trkpt>
   <trkpt lat="25.0329210" lon="121.6028120">
    <ele>155.1</ele>
    <time>2026-07-26T07:42:50Z</time>
   </trkpt>
   <trkpt lat="25.0329270" lon="121.6028010">
    <ele>155.3</ele>
    <time>2026-07-26T07:42:51Z</time>
   </trkpt>
   <trkpt lat="25.0329270" lon="121.6027890">
    <ele>155.6</ele>
    <time>2026-07-26T07:42:52Z</time>
   </trkpt>
   <trkpt lat="25.0329250" lon="121.6027790">
    <ele>155.7</ele>
    <time>2026-07-26T07:42:53Z</time>
   </trkpt>
   <trkpt lat="25.0329270" lon="121.6027710">
    <ele>155.9</ele>
    <time>2026-07-26T07:42:54Z</time>
   </trkpt>
   <trkpt lat="25.0329270" lon="121.6027570">
    <ele>156.2</ele>
    <time>2026-07-26T07:42:55Z</time>
   </trkpt>
   <trkpt lat="25.0329270" lon="121.6027420">
    <ele>156.4</ele>
    <time>2026-07-26T07:42:56Z</time>
   </trkpt>
   <trkpt lat="25.0329270" lon="121.6027280">
    <ele>156.7</ele>
    <time>2026-07-26T07:42:57Z</time>
   </trkpt>
   <trkpt lat="25.0329310" lon="121.6027140">
    <ele>157.0</ele>
    <time>2026-07-26T07:42:58Z</time>
   </trkpt>
   <trkpt lat="25.0329330" lon="121.6026990">
    <ele>157.2</ele>
    <time>2026-07-26T07:42:59Z</time>
   </trkpt>
   <trkpt lat="25.0329340" lon="121.6026840">
    <ele>157.5</ele>
    <time>2026-07-26T07:43:00Z</time>
   </trkpt>
   <trkpt lat="25.0329330" lon="121.6026730">
    <ele>157.6</ele>
    <time>2026-07-26T07:43:01Z</time>
   </trkpt>
   <trkpt lat="25.0329370" lon="121.6026560">
    <ele>157.9</ele>
    <time>2026-07-26T07:43:02Z</time>
   </trkpt>
   <trkpt lat="25.0329410" lon="121.6026450">
    <ele>158.0</ele>
    <time>2026-07-26T07:43:03Z</time>
   </trkpt>
   <trkpt lat="25.0329470" lon="121.6026330">
    <ele>158.2</ele>
    <time>2026-07-26T07:43:04Z</time>
   </trkpt>
   <trkpt lat="25.0329560" lon="121.6026220">
    <ele>158.3</ele>
    <time>2026-07-26T07:43:05Z</time>
   </trkpt>
   <trkpt lat="25.0329630" lon="121.6026060">
    <ele>158.5</ele>
    <time>2026-07-26T07:43:06Z</time>
   </trkpt>
   <trkpt lat="25.0329680" lon="121.6025960">
    <ele>158.6</ele>
    <time>2026-07-26T07:43:07Z</time>
   </trkpt>
   <trkpt lat="25.0329710" lon="121.6025810">
    <ele>158.8</ele>
    <time>2026-07-26T07:43:08Z</time>
   </trkpt>
   <trkpt lat="25.0329780" lon="121.6025700">
    <ele>158.9</ele>
    <time>2026-07-26T07:43:09Z</time>
   </trkpt>
   <trkpt lat="25.0329800" lon="121.6025540">
    <ele>159.1</ele>
    <time>2026-07-26T07:43:10Z</time>
   </trkpt>
   <trkpt lat="25.0329840" lon="121.6025410">
    <ele>159.2</ele>
    <time>2026-07-26T07:43:11Z</time>
   </trkpt>
   <trkpt lat="25.0329900" lon="121.6025280">
    <ele>159.3</ele>
    <time>2026-07-26T07:43:12Z</time>
   </trkpt>
   <trkpt lat="25.0329890" lon="121.6025120">
    <ele>159.5</ele>
    <time>2026-07-26T07:43:14Z</time>
   </trkpt>
   <trkpt lat="25.0329920" lon="121.6024970">
    <ele>159.7</ele>
    <time>2026-07-26T07:43:15Z</time>
   </trkpt>
   <trkpt lat="25.0329940" lon="121.6024820">
    <ele>159.8</ele>
    <time>2026-07-26T07:43:16Z</time>
   </trkpt>
   <trkpt lat="25.0330010" lon="121.6024660">
    <ele>160.0</ele>
    <time>2026-07-26T07:43:17Z</time>
   </trkpt>
   <trkpt lat="25.0330060" lon="121.6024520">
    <ele>160.2</ele>
    <time>2026-07-26T07:43:18Z</time>
   </trkpt>
   <trkpt lat="25.0330110" lon="121.6024440">
    <ele>160.3</ele>
    <time>2026-07-26T07:43:19Z</time>
   </trkpt>
   <trkpt lat="25.0330200" lon="121.6024370">
    <ele>160.4</ele>
    <time>2026-07-26T07:43:20Z</time>
   </trkpt>
   <trkpt lat="25.0330300" lon="121.6024250">
    <ele>160.6</ele>
    <time>2026-07-26T07:43:21Z</time>
   </trkpt>
   <trkpt lat="25.0330380" lon="121.6024140">
    <ele>160.8</ele>
    <time>2026-07-26T07:43:22Z</time>
   </trkpt>
   <trkpt lat="25.0330420" lon="121.6024030">
    <ele>160.9</ele>
    <time>2026-07-26T07:43:23Z</time>
   </trkpt>
   <trkpt lat="25.0330520" lon="121.6023920">
    <ele>161.1</ele>
    <time>2026-07-26T07:43:24Z</time>
   </trkpt>
   <trkpt lat="25.0330570" lon="121.6023870">
    <ele>161.2</ele>
    <time>2026-07-26T07:43:25Z</time>
   </trkpt>
   <trkpt lat="25.0330630" lon="121.6023700">
    <ele>161.4</ele>
    <time>2026-07-26T07:43:26Z</time>
   </trkpt>
   <trkpt lat="25.0330700" lon="121.6023600">
    <ele>161.5</ele>
    <time>2026-07-26T07:43:27Z</time>
   </trkpt>
   <trkpt lat="25.0330790" lon="121.6023460">
    <ele>161.7</ele>
    <time>2026-07-26T07:43:28Z</time>
   </trkpt>
   <trkpt lat="25.0330870" lon="121.6023380">
    <ele>161.8</ele>
    <time>2026-07-26T07:43:29Z</time>
   </trkpt>
   <trkpt lat="25.0330960" lon="121.6023300">
    <ele>161.9</ele>
    <time>2026-07-26T07:43:30Z</time>
   </trkpt>
   <trkpt lat="25.0331040" lon="121.6023270">
    <ele>162.0</ele>
    <time>2026-07-26T07:43:31Z</time>
   </trkpt>
   <trkpt lat="25.0331090" lon="121.6023170">
    <ele>162.1</ele>
    <time>2026-07-26T07:43:32Z</time>
   </trkpt>
   <trkpt lat="25.0331060" lon="121.6023060">
    <ele>162.2</ele>
    <time>2026-07-26T07:43:33Z</time>
   </trkpt>
   <trkpt lat="25.0331060" lon="121.6022860">
    <ele>162.4</ele>
    <time>2026-07-26T07:43:34Z</time>
   </trkpt>
   <trkpt lat="25.0331010" lon="121.6022740">
    <ele>162.5</ele>
    <time>2026-07-26T07:43:35Z</time>
   </trkpt>
   <trkpt lat="25.0331090" lon="121.6022670">
    <ele>162.6</ele>
    <time>2026-07-26T07:43:36Z</time>
   </trkpt>
   <trkpt lat="25.0331290" lon="121.6022550">
    <ele>162.8</ele>
    <time>2026-07-26T07:43:37Z</time>
   </trkpt>
   <trkpt lat="25.0331320" lon="121.6022450">
    <ele>162.9</ele>
    <time>2026-07-26T07:43:38Z</time>
   </trkpt>
   <trkpt lat="25.0331370" lon="121.6022300">
    <ele>163.0</ele>
    <time>2026-07-26T07:43:39Z</time>
   </trkpt>
   <trkpt lat="25.0331440" lon="121.6022140">
    <ele>163.2</ele>
    <time>2026-07-26T07:43:40Z</time>
   </trkpt>
   <trkpt lat="25.0331480" lon="121.6022010">
    <ele>163.3</ele>
    <time>2026-07-26T07:43:41Z</time>
   </trkpt>
   <trkpt lat="25.0331530" lon="121.6021880">
    <ele>163.4</ele>
    <time>2026-07-26T07:43:42Z</time>
   </trkpt>
   <trkpt lat="25.0331560" lon="121.6021710">
    <ele>163.5</ele>
    <time>2026-07-26T07:43:43Z</time>
   </trkpt>
   <trkpt lat="25.0331530" lon="121.6021580">
    <ele>163.6</ele>
    <time>2026-07-26T07:43:44Z</time>
   </trkpt>
   <trkpt lat="25.0331500" lon="121.6021490">
    <ele>163.7</ele>
    <time>2026-07-26T07:43:45Z</time>
   </trkpt>
   <trkpt lat="25.0331480" lon="121.6021360">
    <ele>163.8</ele>
    <time>2026-07-26T07:43:46Z</time>
   </trkpt>
   <trkpt lat="25.0331480" lon="121.6021140">
    <ele>163.9</ele>
    <time>2026-07-26T07:43:47Z</time>
   </trkpt>
   <trkpt lat="25.0331440" lon="121.6021030">
    <ele>164.0</ele>
    <time>2026-07-26T07:43:48Z</time>
   </trkpt>
   <trkpt lat="25.0331430" lon="121.6020900">
    <ele>164.1</ele>
    <time>2026-07-26T07:43:49Z</time>
   </trkpt>
   <trkpt lat="25.0331470" lon="121.6020750">
    <ele>164.2</ele>
    <time>2026-07-26T07:43:50Z</time>
   </trkpt>
   <trkpt lat="25.0331450" lon="121.6020560">
    <ele>164.3</ele>
    <time>2026-07-26T07:43:51Z</time>
   </trkpt>
   <trkpt lat="25.0331440" lon="121.6020450">
    <ele>164.4</ele>
    <time>2026-07-26T07:43:52Z</time>
   </trkpt>
   <trkpt lat="25.0331480" lon="121.6020370">
    <ele>164.4</ele>
    <time>2026-07-26T07:43:53Z</time>
   </trkpt>
   <trkpt lat="25.0331490" lon="121.6020290">
    <ele>164.4</ele>
    <time>2026-07-26T07:43:54Z</time>
   </trkpt>
   <trkpt lat="25.0331550" lon="121.6020190">
    <ele>164.5</ele>
    <time>2026-07-26T07:43:55Z</time>
   </trkpt>
   <trkpt lat="25.0331670" lon="121.6020130">
    <ele>164.5</ele>
    <time>2026-07-26T07:43:56Z</time>
   </trkpt>
   <trkpt lat="25.0331770" lon="121.6020040">
    <ele>164.6</ele>
    <time>2026-07-26T07:43:57Z</time>
   </trkpt>
   <trkpt lat="25.0331900" lon="121.6020060">
    <ele>164.6</ele>
    <time>2026-07-26T07:43:58Z</time>
   </trkpt>
   <trkpt lat="25.0332020" lon="121.6020140">
    <ele>164.6</ele>
    <time>2026-07-26T07:43:59Z</time>
   </trkpt>
   <trkpt lat="25.0332130" lon="121.6020190">
    <ele>164.6</ele>
    <time>2026-07-26T07:44:00Z</time>
   </trkpt>
   <trkpt lat="25.0332250" lon="121.6020230">
    <ele>164.7</ele>
    <time>2026-07-26T07:44:01Z</time>
   </trkpt>
   <trkpt lat="25.0332380" lon="121.6020260">
    <ele>164.7</ele>
    <time>2026-07-26T07:44:02Z</time>
   </trkpt>
   <trkpt lat="25.0332550" lon="121.6020290">
    <ele>164.7</ele>
    <time>2026-07-26T07:44:03Z</time>
   </trkpt>
   <trkpt lat="25.0332690" lon="121.6020370">
    <ele>164.7</ele>
    <time>2026-07-26T07:44:04Z</time>
   </trkpt>
   <trkpt lat="25.0332860" lon="121.6020340">
    <ele>164.7</ele>
    <time>2026-07-26T07:44:05Z</time>
   </trkpt>
   <trkpt lat="25.0332910" lon="121.6020260">
    <ele>164.7</ele>
    <time>2026-07-26T07:44:06Z</time>
   </trkpt>
   <trkpt lat="25.0332970" lon="121.6020130">
    <ele>164.6</ele>
    <time>2026-07-26T07:44:07Z</time>
   </trkpt>
   <trkpt lat="25.0333040" lon="121.6020000">
    <ele>164.6</ele>
    <time>2026-07-26T07:44:08Z</time>
   </trkpt>
   <trkpt lat="25.0333110" lon="121.6019870">
    <ele>164.6</ele>
    <time>2026-07-26T07:44:09Z</time>
   </trkpt>
   <trkpt lat="25.0333160" lon="121.6019770">
    <ele>164.5</ele>
    <time>2026-07-26T07:44:10Z</time>
   </trkpt>
   <trkpt lat="25.0333210" lon="121.6019720">
    <ele>164.5</ele>
    <time>2026-07-26T07:44:11Z</time>
   </trkpt>
   <trkpt lat="25.0333290" lon="121.6019580">
    <ele>164.5</ele>
    <time>2026-07-26T07:44:12Z</time>
   </trkpt>
   <trkpt lat="25.0333350" lon="121.6019460">
    <ele>164.4</ele>
    <time>2026-07-26T07:44:13Z</time>
   </trkpt>
   <trkpt lat="25.0333460" lon="121.6019310">
    <ele>164.3</ele>
    <time>2026-07-26T07:44:14Z</time>
   </trkpt>
   <trkpt lat="25.0333570" lon="121.6019150">
    <ele>164.2</ele>
    <time>2026-07-26T07:44:15Z</time>
   </trkpt>
   <trkpt lat="25.0333710" lon="121.6019000">
    <ele>164.1</ele>
    <time>2026-07-26T07:44:16Z</time>
   </trkpt>
   <trkpt lat="25.0333850" lon="121.6018890">
    <ele>164.0</ele>
    <time>2026-07-26T07:44:17Z</time>
   </trkpt>
   <trkpt lat="25.0333990" lon="121.6018870">
    <ele>163.9</ele>
    <time>2026-07-26T07:44:18Z</time>
   </trkpt>
   <trkpt lat="25.0334070" lon="121.6018660">
    <ele>163.8</ele>
    <time>2026-07-26T07:44:19Z</time>
   </trkpt>
   <trkpt lat="25.0334210" lon="121.6018530">
    <ele>163.7</ele>
    <time>2026-07-26T07:44:20Z</time>
   </trkpt>
   <trkpt lat="25.0334290" lon="121.6018380">
    <ele>163.7</ele>
    <time>2026-07-26T07:44:21Z</time>
   </trkpt>
   <trkpt lat="25.0334300" lon="121.6018200">
    <ele>163.6</ele>
    <time>2026-07-26T07:44:22Z</time>
   </trkpt>
   <trkpt lat="25.0334350" lon="121.6018050">
    <ele>163.5</ele>
    <time>2026-07-26T07:44:23Z</time>
   </trkpt>
   <trkpt lat="25.0334410" lon="121.6017940">
    <ele>163.5</ele>
    <time>2026-07-26T07:44:24Z</time>
   </trkpt>
   <trkpt lat="25.0334440" lon="121.6017860">
    <ele>163.5</ele>
    <time>2026-07-26T07:44:25Z</time>
   </trkpt>
   <trkpt lat="25.0334530" lon="121.6017770">
    <ele>163.4</ele>
    <time>2026-07-26T07:44:26Z</time>
   </trkpt>
   <trkpt lat="25.0334690" lon="121.6017690">
    <ele>163.4</ele>
    <time>2026-07-26T07:44:27Z</time>
   </trkpt>
   <trkpt lat="25.0334830" lon="121.6017680">
    <ele>163.3</ele>
    <time>2026-07-26T07:44:28Z</time>
   </trkpt>
   <trkpt lat="25.0335030" lon="121.6017650">
    <ele>163.3</ele>
    <time>2026-07-26T07:44:29Z</time>
   </trkpt>
   <trkpt lat="25.0335180" lon="121.6017710">
    <ele>163.3</ele>
    <time>2026-07-26T07:44:30Z</time>
   </trkpt>
   <trkpt lat="25.0335280" lon="121.6017730">
    <ele>163.3</ele>
    <time>2026-07-26T07:44:31Z</time>
   </trkpt>
   <trkpt lat="25.0335420" lon="121.6017810">
    <ele>163.3</ele>
    <time>2026-07-26T07:44:32Z</time>
   </trkpt>
   <trkpt lat="25.0335590" lon="121.6017810">
    <ele>163.3</ele>
    <time>2026-07-26T07:44:33Z</time>
   </trkpt>
   <trkpt lat="25.0335750" lon="121.6017830">
    <ele>163.3</ele>
    <time>2026-07-26T07:44:34Z</time>
   </trkpt>
   <trkpt lat="25.0335890" lon="121.6017780">
    <ele>163.4</ele>
    <time>2026-07-26T07:44:35Z</time>
   </trkpt>
   <trkpt lat="25.0336020" lon="121.6017760">
    <ele>163.4</ele>
    <time>2026-07-26T07:44:36Z</time>
   </trkpt>
   <trkpt lat="25.0336170" lon="121.6017760">
    <ele>163.4</ele>
    <time>2026-07-26T07:44:37Z</time>
   </trkpt>
   <trkpt lat="25.0336320" lon="121.6017740">
    <ele>163.5</ele>
    <time>2026-07-26T07:44:38Z</time>
   </trkpt>
   <trkpt lat="25.0336420" lon="121.6017690">
    <ele>163.5</ele>
    <time>2026-07-26T07:44:39Z</time>
   </trkpt>
   <trkpt lat="25.0336640" lon="121.6017760">
    <ele>163.6</ele>
    <time>2026-07-26T07:44:40Z</time>
   </trkpt>
   <trkpt lat="25.0336870" lon="121.6017800">
    <ele>163.6</ele>
    <time>2026-07-26T07:44:41Z</time>
   </trkpt>
   <trkpt lat="25.0337070" lon="121.6017810">
    <ele>163.7</ele>
    <time>2026-07-26T07:44:42Z</time>
   </trkpt>
   <trkpt lat="25.0337240" lon="121.6017790">
    <ele>163.7</ele>
    <time>2026-07-26T07:44:43Z</time>
   </trkpt>
   <trkpt lat="25.0337370" lon="121.6017780">
    <ele>163.6</ele>
    <time>2026-07-26T07:44:44Z</time>
   </trkpt>
   <trkpt lat="25.0337440" lon="121.6017710">
    <ele>163.6</ele>
    <time>2026-07-26T07:44:45Z</time>
   </trkpt>
   <trkpt lat="25.0337570" lon="121.6017640">
    <ele>163.6</ele>
    <time>2026-07-26T07:44:46Z</time>
   </trkpt>
   <trkpt lat="25.0337720" lon="121.6017590">
    <ele>163.5</ele>
    <time>2026-07-26T07:44:47Z</time>
   </trkpt>
   <trkpt lat="25.0337860" lon="121.6017430">
    <ele>163.5</ele>
    <time>2026-07-26T07:44:48Z</time>
   </trkpt>
   <trkpt lat="25.0338030" lon="121.6017330">
    <ele>163.4</ele>
    <time>2026-07-26T07:44:49Z</time>
   </trkpt>
   <trkpt lat="25.0338170" lon="121.6017150">
    <ele>163.3</ele>
    <time>2026-07-26T07:44:50Z</time>
   </trkpt>
   <trkpt lat="25.0338300" lon="121.6017080">
    <ele>163.2</ele>
    <time>2026-07-26T07:44:51Z</time>
   </trkpt>
   <trkpt lat="25.0338390" lon="121.6017020">
    <ele>163.2</ele>
    <time>2026-07-26T07:44:52Z</time>
   </trkpt>
   <trkpt lat="25.0338460" lon="121.6016880">
    <ele>163.1</ele>
    <time>2026-07-26T07:44:53Z</time>
   </trkpt>
   <trkpt lat="25.0338470" lon="121.6016780">
    <ele>163.1</ele>
    <time>2026-07-26T07:44:54Z</time>
   </trkpt>
   <trkpt lat="25.0338550" lon="121.6016630">
    <ele>163.0</ele>
    <time>2026-07-26T07:44:55Z</time>
   </trkpt>
   <trkpt lat="25.0338660" lon="121.6016490">
    <ele>162.9</ele>
    <time>2026-07-26T07:44:56Z</time>
   </trkpt>
   <trkpt lat="25.0338730" lon="121.6016400">
    <ele>162.9</ele>
    <time>2026-07-26T07:44:57Z</time>
   </trkpt>
   <trkpt lat="25.0338770" lon="121.6016330">
    <ele>162.8</ele>
    <time>2026-07-26T07:44:58Z</time>
   </trkpt>
   <trkpt lat="25.0338830" lon="121.6016190">
    <ele>162.8</ele>
    <time>2026-07-26T07:44:59Z</time>
   </trkpt>
   <trkpt lat="25.0338940" lon="121.6016070">
    <ele>162.7</ele>
    <time>2026-07-26T07:45:00Z</time>
   </trkpt>
   <trkpt lat="25.0339040" lon="121.6015960">
    <ele>162.6</ele>
    <time>2026-07-26T07:45:01Z</time>
   </trkpt>
   <trkpt lat="25.0339130" lon="121.6015890">
    <ele>162.6</ele>
    <time>2026-07-26T07:45:02Z</time>
   </trkpt>
   <trkpt lat="25.0339240" lon="121.6015760">
    <ele>162.5</ele>
    <time>2026-07-26T07:45:03Z</time>
   </trkpt>
   <trkpt lat="25.0339320" lon="121.6015650">
    <ele>162.4</ele>
    <time>2026-07-26T07:45:04Z</time>
   </trkpt>
   <trkpt lat="25.0339390" lon="121.6015570">
    <ele>162.4</ele>
    <time>2026-07-26T07:45:05Z</time>
   </trkpt>
   <trkpt lat="25.0339480" lon="121.6015470">
    <ele>162.3</ele>
    <time>2026-07-26T07:45:06Z</time>
   </trkpt>
   <trkpt lat="25.0339620" lon="121.6015360">
    <ele>162.2</ele>
    <time>2026-07-26T07:45:07Z</time>
   </trkpt>
   <trkpt lat="25.0339750" lon="121.6015290">
    <ele>162.1</ele>
    <time>2026-07-26T07:45:08Z</time>
   </trkpt>
   <trkpt lat="25.0339830" lon="121.6015270">
    <ele>162.1</ele>
    <time>2026-07-26T07:45:09Z</time>
   </trkpt>
   <trkpt lat="25.0339880" lon="121.6015170">
    <ele>162.0</ele>
    <time>2026-07-26T07:45:10Z</time>
   </trkpt>
   <trkpt lat="25.0340050" lon="121.6015020">
    <ele>161.9</ele>
    <time>2026-07-26T07:45:11Z</time>
   </trkpt>
   <trkpt lat="25.0340170" lon="121.6014900">
    <ele>161.8</ele>
    <time>2026-07-26T07:45:12Z</time>
   </trkpt>
   <trkpt lat="25.0340160" lon="121.6014820">
    <ele>161.7</ele>
    <time>2026-07-26T07:45:13Z</time>
   </trkpt>
   <trkpt lat="25.0340230" lon="121.6014710">
    <ele>161.7</ele>
    <time>2026-07-26T07:45:14Z</time>
   </trkpt>
   <trkpt lat="25.0340210" lon="121.6014580">
    <ele>161.6</ele>
    <time>2026-07-26T07:45:15Z</time>
   </trkpt>
   <trkpt lat="25.0340260" lon="121.6014390">
    <ele>161.5</ele>
    <time>2026-07-26T07:45:16Z</time>
   </trkpt>
   <trkpt lat="25.0340320" lon="121.6013980">
    <ele>161.3</ele>
    <time>2026-07-26T07:45:17Z</time>
   </trkpt>
   <trkpt lat="25.0340300" lon="121.6013810">
    <ele>161.3</ele>
    <time>2026-07-26T07:45:18Z</time>
   </trkpt>
   <trkpt lat="25.0340270" lon="121.6013740">
    <ele>161.3</ele>
    <time>2026-07-26T07:45:20Z</time>
   </trkpt>
   <trkpt lat="25.0340210" lon="121.6013670">
    <ele>161.2</ele>
    <time>2026-07-26T07:45:21Z</time>
   </trkpt>
   <trkpt lat="25.0340160" lon="121.6013540">
    <ele>161.2</ele>
    <time>2026-07-26T07:45:22Z</time>
   </trkpt>
   <trkpt lat="25.0340110" lon="121.6013460">
    <ele>161.2</ele>
    <time>2026-07-26T07:45:23Z</time>
   </trkpt>
   <trkpt lat="25.0340030" lon="121.6013340">
    <ele>161.1</ele>
    <time>2026-07-26T07:45:24Z</time>
   </trkpt>
   <trkpt lat="25.0340000" lon="121.6013250">
    <ele>161.1</ele>
    <time>2026-07-26T07:45:25Z</time>
   </trkpt>
   <trkpt lat="25.0339850" lon="121.6013090">
    <ele>161.2</ele>
    <time>2026-07-26T07:45:26Z</time>
   </trkpt>
   <trkpt lat="25.0339800" lon="121.6012980">
    <ele>161.3</ele>
    <time>2026-07-26T07:45:27Z</time>
   </trkpt>
   <trkpt lat="25.0339730" lon="121.6012840">
    <ele>161.4</ele>
    <time>2026-07-26T07:45:28Z</time>
   </trkpt>
   <trkpt lat="25.0339670" lon="121.6012650">
    <ele>161.5</ele>
    <time>2026-07-26T07:45:29Z</time>
   </trkpt>
   <trkpt lat="25.0339600" lon="121.6012470">
    <ele>161.7</ele>
    <time>2026-07-26T07:45:30Z</time>
   </trkpt>
   <trkpt lat="25.0339520" lon="121.6012350">
    <ele>161.9</ele>
    <time>2026-07-26T07:45:31Z</time>
   </trkpt>
   <trkpt lat="25.0339440" lon="121.6012240">
    <ele>162.0</ele>
    <time>2026-07-26T07:45:32Z</time>
   </trkpt>
   <trkpt lat="25.0339350" lon="121.6012140">
    <ele>162.1</ele>
    <time>2026-07-26T07:45:33Z</time>
   </trkpt>
   <trkpt lat="25.0339280" lon="121.6011960">
    <ele>162.4</ele>
    <time>2026-07-26T07:45:34Z</time>
   </trkpt>
   <trkpt lat="25.0339230" lon="121.6011810">
    <ele>162.5</ele>
    <time>2026-07-26T07:45:35Z</time>
   </trkpt>
   <trkpt lat="25.0339120" lon="121.6011650">
    <ele>162.8</ele>
    <time>2026-07-26T07:45:36Z</time>
   </trkpt>
   <trkpt lat="25.0339030" lon="121.6011650">
    <ele>162.9</ele>
    <time>2026-07-26T07:45:37Z</time>
   </trkpt>
   <trkpt lat="25.0338950" lon="121.6011530">
    <ele>163.1</ele>
    <time>2026-07-26T07:45:38Z</time>
   </trkpt>
   <trkpt lat="25.0338890" lon="121.6011450">
    <ele>163.3</ele>
    <time>2026-07-26T07:45:39Z</time>
   </trkpt>
   <trkpt lat="25.0338640" lon="121.6011170">
    <ele>163.8</ele>
    <time>2026-07-26T07:45:40Z</time>
   </trkpt>
   <trkpt lat="25.0338640" lon="121.6011150">
    <ele>163.8</ele>
    <time>2026-07-26T07:45:41Z</time>
   </trkpt>
   <trkpt lat="25.0338590" lon="121.6011050">
    <ele>164.0</ele>
    <time>2026-07-26T07:45:42Z</time>
   </trkpt>
   <trkpt lat="25.0338490" lon="121.6010970">
    <ele>164.2</ele>
    <time>2026-07-26T07:45:43Z</time>
   </trkpt>
   <trkpt lat="25.0338400" lon="121.6010880">
    <ele>164.4</ele>
    <time>2026-07-26T07:45:44Z</time>
   </trkpt>
   <trkpt lat="25.0338330" lon="121.6010810">
    <ele>164.6</ele>
    <time>2026-07-26T07:45:45Z</time>
   </trkpt>
   <trkpt lat="25.0338260" lon="121.6010720">
    <ele>164.7</ele>
    <time>2026-07-26T07:45:46Z</time>
   </trkpt>
   <trkpt lat="25.0338200" lon="121.6010640">
    <ele>164.9</ele>
    <time>2026-07-26T07:45:47Z</time>
   </trkpt>
   <trkpt lat="25.0338140" lon="121.6010660">
    <ele>165.0</ele>
    <time>2026-07-26T07:45:48Z</time>
   </trkpt>
   <trkpt lat="25.0338010" lon="121.6010700">
    <ele>165.2</ele>
    <time>2026-07-26T07:45:49Z</time>
   </trkpt>
   <trkpt lat="25.0337940" lon="121.6010710">
    <ele>165.4</ele>
    <time>2026-07-26T07:45:50Z</time>
   </trkpt>
   <trkpt lat="25.0337840" lon="121.6010700">
    <ele>165.5</ele>
    <time>2026-07-26T07:45:51Z</time>
   </trkpt>
   <trkpt lat="25.0337720" lon="121.6010710">
    <ele>165.8</ele>
    <time>2026-07-26T07:45:52Z</time>
   </trkpt>
   <trkpt lat="25.0337520" lon="121.6010830">
    <ele>166.2</ele>
    <time>2026-07-26T07:45:53Z</time>
   </trkpt>
   <trkpt lat="25.0337460" lon="121.6010820">
    <ele>166.3</ele>
    <time>2026-07-26T07:45:54Z</time>
   </trkpt>
   <trkpt lat="25.0337430" lon="121.6010800">
    <ele>166.4</ele>
    <time>2026-07-26T07:45:55Z</time>
   </trkpt>
   <trkpt lat="25.0337340" lon="121.6010720">
    <ele>166.6</ele>
    <time>2026-07-26T07:45:56Z</time>
   </trkpt>
   <trkpt lat="25.0337280" lon="121.6010630">
    <ele>166.8</ele>
    <time>2026-07-26T07:45:57Z</time>
   </trkpt>
   <trkpt lat="25.0337250" lon="121.6010520">
    <ele>167.0</ele>
    <time>2026-07-26T07:45:58Z</time>
   </trkpt>
   <trkpt lat="25.0337230" lon="121.6010410">
    <ele>167.2</ele>
    <time>2026-07-26T07:45:59Z</time>
   </trkpt>
   <trkpt lat="25.0337270" lon="121.6010270">
    <ele>167.3</ele>
    <time>2026-07-26T07:46:00Z</time>
   </trkpt>
   <trkpt lat="25.0337310" lon="121.6010120">
    <ele>167.4</ele>
    <time>2026-07-26T07:46:01Z</time>
   </trkpt>
   <trkpt lat="25.0337330" lon="121.6009980">
    <ele>167.5</ele>
    <time>2026-07-26T07:46:02Z</time>
   </trkpt>
   <trkpt lat="25.0337360" lon="121.6009870">
    <ele>167.6</ele>
    <time>2026-07-26T07:46:03Z</time>
   </trkpt>
   <trkpt lat="25.0337400" lon="121.6009730">
    <ele>167.7</ele>
    <time>2026-07-26T07:46:04Z</time>
   </trkpt>
   <trkpt lat="25.0337400" lon="121.6009590">
    <ele>167.8</ele>
    <time>2026-07-26T07:46:05Z</time>
   </trkpt>
   <trkpt lat="25.0337390" lon="121.6009470">
    <ele>167.8</ele>
    <time>2026-07-26T07:46:06Z</time>
   </trkpt>
   <trkpt lat="25.0337400" lon="121.6009310">
    <ele>167.9</ele>
    <time>2026-07-26T07:46:07Z</time>
   </trkpt>
   <trkpt lat="25.0337460" lon="121.6009180">
    <ele>167.9</ele>
    <time>2026-07-26T07:46:08Z</time>
   </trkpt>
   <trkpt lat="25.0337540" lon="121.6009010">
    <ele>167.9</ele>
    <time>2026-07-26T07:46:09Z</time>
   </trkpt>
   <trkpt lat="25.0337560" lon="121.6008880">
    <ele>167.9</ele>
    <time>2026-07-26T07:46:10Z</time>
   </trkpt>
   <trkpt lat="25.0337570" lon="121.6008720">
    <ele>167.9</ele>
    <time>2026-07-26T07:46:11Z</time>
   </trkpt>
   <trkpt lat="25.0337530" lon="121.6008560">
    <ele>167.9</ele>
    <time>2026-07-26T07:46:12Z</time>
   </trkpt>
   <trkpt lat="25.0337570" lon="121.6008340">
    <ele>167.9</ele>
    <time>2026-07-26T07:46:13Z</time>
   </trkpt>
   <trkpt lat="25.0337570" lon="121.6008130">
    <ele>167.8</ele>
    <time>2026-07-26T07:46:14Z</time>
   </trkpt>
   <trkpt lat="25.0337610" lon="121.6007870">
    <ele>167.7</ele>
    <time>2026-07-26T07:46:15Z</time>
   </trkpt>
   <trkpt lat="25.0337650" lon="121.6007740">
    <ele>167.6</ele>
    <time>2026-07-26T07:46:16Z</time>
   </trkpt>
   <trkpt lat="25.0337720" lon="121.6007640">
    <ele>167.5</ele>
    <time>2026-07-26T07:46:17Z</time>
   </trkpt>
   <trkpt lat="25.0337780" lon="121.6007500">
    <ele>167.5</ele>
    <time>2026-07-26T07:46:18Z</time>
   </trkpt>
   <trkpt lat="25.0337840" lon="121.6007380">
    <ele>167.4</ele>
    <time>2026-07-26T07:46:19Z</time>
   </trkpt>
   <trkpt lat="25.0337790" lon="121.6007210">
    <ele>167.3</ele>
    <time>2026-07-26T07:46:20Z</time>
   </trkpt>
   <trkpt lat="25.0337790" lon="121.6006980">
    <ele>167.2</ele>
    <time>2026-07-26T07:46:21Z</time>
   </trkpt>
   <trkpt lat="25.0337710" lon="121.6006820">
    <ele>167.1</ele>
    <time>2026-07-26T07:46:22Z</time>
   </trkpt>
   <trkpt lat="25.0337680" lon="121.6006640">
    <ele>167.0</ele>
    <time>2026-07-26T07:46:23Z</time>
   </trkpt>
   <trkpt lat="25.0337690" lon="121.6006430">
    <ele>166.9</ele>
    <time>2026-07-26T07:46:24Z</time>
   </trkpt>
   <trkpt lat="25.0337650" lon="121.6006240">
    <ele>166.8</ele>
    <time>2026-07-26T07:46:25Z</time>
   </trkpt>
   <trkpt lat="25.0337640" lon="121.6006050">
    <ele>166.7</ele>
    <time>2026-07-26T07:46:26Z</time>
   </trkpt>
   <trkpt lat="25.0337660" lon="121.6005930">
    <ele>166.7</ele>
    <time>2026-07-26T07:46:27Z</time>
   </trkpt>
   <trkpt lat="25.0337580" lon="121.6005770">
    <ele>166.6</ele>
    <time>2026-07-26T07:46:28Z</time>
   </trkpt>
   <trkpt lat="25.0337570" lon="121.6005630">
    <ele>166.6</ele>
    <time>2026-07-26T07:46:29Z</time>
   </trkpt>
   <trkpt lat="25.0337520" lon="121.6005440">
    <ele>166.5</ele>
    <time>2026-07-26T07:46:30Z</time>
   </trkpt>
   <trkpt lat="25.0337460" lon="121.6005250">
    <ele>166.5</ele>
    <time>2026-07-26T07:46:31Z</time>
   </trkpt>
   <trkpt lat="25.0337370" lon="121.6005090">
    <ele>166.4</ele>
    <time>2026-07-26T07:46:32Z</time>
   </trkpt>
   <trkpt lat="25.0337310" lon="121.6004970">
    <ele>166.4</ele>
    <time>2026-07-26T07:46:33Z</time>
   </trkpt>
   <trkpt lat="25.0337260" lon="121.6004810">
    <ele>166.4</ele>
    <time>2026-07-26T07:46:34Z</time>
   </trkpt>
   <trkpt lat="25.0337250" lon="121.6004600">
    <ele>166.4</ele>
    <time>2026-07-26T07:46:35Z</time>
   </trkpt>
   <trkpt lat="25.0337200" lon="121.6004400">
    <ele>166.3</ele>
    <time>2026-07-26T07:46:36Z</time>
   </trkpt>
   <trkpt lat="25.0337170" lon="121.6004260">
    <ele>166.3</ele>
    <time>2026-07-26T07:46:37Z</time>
   </trkpt>
   <trkpt lat="25.0337150" lon="121.6004120">
    <ele>166.4</ele>
    <time>2026-07-26T07:46:38Z</time>
   </trkpt>
   <trkpt lat="25.0337080" lon="121.6003960">
    <ele>166.6</ele>
    <time>2026-07-26T07:46:39Z</time>
   </trkpt>
   <trkpt lat="25.0337020" lon="121.6003830">
    <ele>166.7</ele>
    <time>2026-07-26T07:46:40Z</time>
   </trkpt>
   <trkpt lat="25.0336970" lon="121.6003720">
    <ele>166.8</ele>
    <time>2026-07-26T07:46:41Z</time>
   </trkpt>
   <trkpt lat="25.0336910" lon="121.6003630">
    <ele>166.9</ele>
    <time>2026-07-26T07:46:42Z</time>
   </trkpt>
   <trkpt lat="25.0336860" lon="121.6003520">
    <ele>167.0</ele>
    <time>2026-07-26T07:46:43Z</time>
   </trkpt>
   <trkpt lat="25.0336830" lon="121.6003410">
    <ele>167.1</ele>
    <time>2026-07-26T07:46:44Z</time>
   </trkpt>
   <trkpt lat="25.0336820" lon="121.6003250">
    <ele>167.3</ele>
    <time>2026-07-26T07:46:45Z</time>
   </trkpt>
   <trkpt lat="25.0336780" lon="121.6003060">
    <ele>167.5</ele>
    <time>2026-07-26T07:46:46Z</time>
   </trkpt>
   <trkpt lat="25.0336750" lon="121.6002920">
    <ele>167.7</ele>
    <time>2026-07-26T07:46:47Z</time>
   </trkpt>
   <trkpt lat="25.0336780" lon="121.6002890">
    <ele>167.7</ele>
    <time>2026-07-26T07:46:48Z</time>
   </trkpt>
   <trkpt lat="25.0336780" lon="121.6002780">
    <ele>167.8</ele>
    <time>2026-07-26T07:46:49Z</time>
   </trkpt>
   <trkpt lat="25.0336760" lon="121.6002670">
    <ele>168.0</ele>
    <time>2026-07-26T07:46:50Z</time>
   </trkpt>
   <trkpt lat="25.0336760" lon="121.6002550">
    <ele>168.1</ele>
    <time>2026-07-26T07:46:51Z</time>
   </trkpt>
   <trkpt lat="25.0336780" lon="121.6002500">
    <ele>168.2</ele>
    <time>2026-07-26T07:46:52Z</time>
   </trkpt>
   <trkpt lat="25.0336830" lon="121.6002500">
    <ele>168.3</ele>
    <time>2026-07-26T07:46:53Z</time>
   </trkpt>
   <trkpt lat="25.0336910" lon="121.6002290">
    <ele>168.6</ele>
    <time>2026-07-26T07:46:54Z</time>
   </trkpt>
   <trkpt lat="25.0337000" lon="121.6002060">
    <ele>169.0</ele>
    <time>2026-07-26T07:46:55Z</time>
   </trkpt>
   <trkpt lat="25.0336980" lon="121.6001930">
    <ele>169.2</ele>
    <time>2026-07-26T07:46:56Z</time>
   </trkpt>
   <trkpt lat="25.0336980" lon="121.6001820">
    <ele>169.4</ele>
    <time>2026-07-26T07:46:57Z</time>
   </trkpt>
   <trkpt lat="25.0337050" lon="121.6001680">
    <ele>169.6</ele>
    <time>2026-07-26T07:46:58Z</time>
   </trkpt>
   <trkpt lat="25.0337110" lon="121.6001500">
    <ele>170.0</ele>
    <time>2026-07-26T07:46:59Z</time>
   </trkpt>
   <trkpt lat="25.0337190" lon="121.6001260">
    <ele>170.4</ele>
    <time>2026-07-26T07:47:00Z</time>
   </trkpt>
   <trkpt lat="25.0337090" lon="121.6001170">
    <ele>170.7</ele>
    <time>2026-07-26T07:47:01Z</time>
   </trkpt>
   <trkpt lat="25.0337050" lon="121.6001080">
    <ele>170.8</ele>
    <time>2026-07-26T07:47:02Z</time>
   </trkpt>
   <trkpt lat="25.0337070" lon="121.6000960">
    <ele>171.1</ele>
    <time>2026-07-26T07:47:03Z</time>
   </trkpt>
   <trkpt lat="25.0337130" lon="121.6000810">
    <ele>171.4</ele>
    <time>2026-07-26T07:47:04Z</time>
   </trkpt>
   <trkpt lat="25.0337210" lon="121.6000730">
    <ele>171.6</ele>
    <time>2026-07-26T07:47:05Z</time>
   </trkpt>
   <trkpt lat="25.0337300" lon="121.6000660">
    <ele>171.8</ele>
    <time>2026-07-26T07:47:06Z</time>
   </trkpt>
   <trkpt lat="25.0337370" lon="121.6000570">
    <ele>172.0</ele>
    <time>2026-07-26T07:47:07Z</time>
   </trkpt>
   <trkpt lat="25.0337390" lon="121.6000450">
    <ele>172.2</ele>
    <time>2026-07-26T07:47:08Z</time>
   </trkpt>
   <trkpt lat="25.0337350" lon="121.6000360">
    <ele>172.4</ele>
    <time>2026-07-26T07:47:09Z</time>
   </trkpt>
   <trkpt lat="25.0337360" lon="121.6000250">
    <ele>172.6</ele>
    <time>2026-07-26T07:47:10Z</time>
   </trkpt>
   <trkpt lat="25.0337370" lon="121.6000120">
    <ele>172.8</ele>
    <time>2026-07-26T07:47:11Z</time>
   </trkpt>
   <trkpt lat="25.0337340" lon="121.6000010">
    <ele>173.0</ele>
    <time>2026-07-26T07:47:12Z</time>
   </trkpt>
   <trkpt lat="25.0337320" lon="121.5999910">
    <ele>173.2</ele>
    <time>2026-07-26T07:47:13Z</time>
   </trkpt>
   <trkpt lat="25.0337330" lon="121.5999830">
    <ele>173.3</ele>
    <time>2026-07-26T07:47:14Z</time>
   </trkpt>
   <trkpt lat="25.0337340" lon="121.5999790">
    <ele>173.4</ele>
    <time>2026-07-26T07:47:15Z</time>
   </trkpt>
   <trkpt lat="25.0337310" lon="121.5999700">
    <ele>173.6</ele>
    <time>2026-07-26T07:47:16Z</time>
   </trkpt>
   <trkpt lat="25.0337320" lon="121.5999580">
    <ele>173.8</ele>
    <time>2026-07-26T07:47:17Z</time>
   </trkpt>
   <trkpt lat="25.0337320" lon="121.5999520">
    <ele>173.9</ele>
    <time>2026-07-26T07:47:18Z</time>
   </trkpt>
   <trkpt lat="25.0337250" lon="121.5999370">
    <ele>174.1</ele>
    <time>2026-07-26T07:47:19Z</time>
   </trkpt>
   <trkpt lat="25.0337220" lon="121.5999240">
    <ele>174.3</ele>
    <time>2026-07-26T07:47:20Z</time>
   </trkpt>
   <trkpt lat="25.0337310" lon="121.5999230">
    <ele>174.5</ele>
    <time>2026-07-26T07:47:21Z</time>
   </trkpt>
   <trkpt lat="25.0337430" lon="121.5999100">
    <ele>174.8</ele>
    <time>2026-07-26T07:47:22Z</time>
   </trkpt>
   <trkpt lat="25.0337440" lon="121.5999010">
    <ele>174.9</ele>
    <time>2026-07-26T07:47:23Z</time>
   </trkpt>
   <trkpt lat="25.0337500" lon="121.5998860">
    <ele>175.1</ele>
    <time>2026-07-26T07:47:24Z</time>
   </trkpt>
   <trkpt lat="25.0337520" lon="121.5998730">
    <ele>175.3</ele>
    <time>2026-07-26T07:47:26Z</time>
   </trkpt>
   <trkpt lat="25.0337590" lon="121.5998630">
    <ele>175.5</ele>
    <time>2026-07-26T07:47:27Z</time>
   </trkpt>
   <trkpt lat="25.0337710" lon="121.5998510">
    <ele>175.9</ele>
    <time>2026-07-26T07:47:28Z</time>
   </trkpt>
   <trkpt lat="25.0337800" lon="121.5998500">
    <ele>176.1</ele>
    <time>2026-07-26T07:47:29Z</time>
   </trkpt>
   <trkpt lat="25.0337920" lon="121.5998430">
    <ele>176.5</ele>
    <time>2026-07-26T07:47:30Z</time>
   </trkpt>
   <trkpt lat="25.0337970" lon="121.5998360">
    <ele>176.7</ele>
    <time>2026-07-26T07:47:31Z</time>
   </trkpt>
   <trkpt lat="25.0338110" lon="121.5998300">
    <ele>177.0</ele>
    <time>2026-07-26T07:47:32Z</time>
   </trkpt>
   <trkpt lat="25.0338250" lon="121.5998210">
    <ele>177.4</ele>
    <time>2026-07-26T07:47:33Z</time>
   </trkpt>
   <trkpt lat="25.0338360" lon="121.5998070">
    <ele>177.8</ele>
    <time>2026-07-26T07:47:34Z</time>
   </trkpt>
   <trkpt lat="25.0338470" lon="121.5997960">
    <ele>178.2</ele>
    <time>2026-07-26T07:47:35Z</time>
   </trkpt>
   <trkpt lat="25.0338490" lon="121.5997890">
    <ele>178.4</ele>
    <time>2026-07-26T07:47:36Z</time>
   </trkpt>
   <trkpt lat="25.0338540" lon="121.5997790">
    <ele>178.6</ele>
    <time>2026-07-26T07:47:37Z</time>
   </trkpt>
   <trkpt lat="25.0338530" lon="121.5997600">
    <ele>179.1</ele>
    <time>2026-07-26T07:47:38Z</time>
   </trkpt>
   <trkpt lat="25.0338510" lon="121.5997520">
    <ele>179.2</ele>
    <time>2026-07-26T07:47:39Z</time>
   </trkpt>
   <trkpt lat="25.0338500" lon="121.5997390">
    <ele>179.4</ele>
    <time>2026-07-26T07:47:40Z</time>
   </trkpt>
   <trkpt lat="25.0338480" lon="121.5997310">
    <ele>179.5</ele>
    <time>2026-07-26T07:47:41Z</time>
   </trkpt>
   <trkpt lat="25.0338470" lon="121.5997210">
    <ele>179.6</ele>
    <time>2026-07-26T07:47:42Z</time>
   </trkpt>
   <trkpt lat="25.0338500" lon="121.5997020">
    <ele>179.8</ele>
    <time>2026-07-26T07:47:43Z</time>
   </trkpt>
   <trkpt lat="25.0338480" lon="121.5996840">
    <ele>179.9</ele>
    <time>2026-07-26T07:47:44Z</time>
   </trkpt>
   <trkpt lat="25.0338440" lon="121.5996670">
    <ele>180.1</ele>
    <time>2026-07-26T07:47:45Z</time>
   </trkpt>
   <trkpt lat="25.0338420" lon="121.5996510">
    <ele>180.2</ele>
    <time>2026-07-26T07:47:46Z</time>
   </trkpt>
   <trkpt lat="25.0338420" lon="121.5996390">
    <ele>180.3</ele>
    <time>2026-07-26T07:47:47Z</time>
   </trkpt>
   <trkpt lat="25.0338380" lon="121.5996280">
    <ele>180.5</ele>
    <time>2026-07-26T07:47:48Z</time>
   </trkpt>
   <trkpt lat="25.0338370" lon="121.5996150">
    <ele>180.6</ele>
    <time>2026-07-26T07:47:49Z</time>
   </trkpt>
   <trkpt lat="25.0338340" lon="121.5996040">
    <ele>180.7</ele>
    <time>2026-07-26T07:47:50Z</time>
   </trkpt>
   <trkpt lat="25.0338300" lon="121.5995970">
    <ele>180.8</ele>
    <time>2026-07-26T07:47:51Z</time>
   </trkpt>
   <trkpt lat="25.0338290" lon="121.5995890">
    <ele>180.8</ele>
    <time>2026-07-26T07:47:52Z</time>
   </trkpt>
   <trkpt lat="25.0338280" lon="121.5995780">
    <ele>180.9</ele>
    <time>2026-07-26T07:47:53Z</time>
   </trkpt>
   <trkpt lat="25.0338240" lon="121.5995670">
    <ele>181.0</ele>
    <time>2026-07-26T07:47:54Z</time>
   </trkpt>
   <trkpt lat="25.0338260" lon="121.5995330">
    <ele>181.3</ele>
    <time>2026-07-26T07:47:55Z</time>
   </trkpt>
   <trkpt lat="25.0338310" lon="121.5995100">
    <ele>181.4</ele>
    <time>2026-07-26T07:47:56Z</time>
   </trkpt>
   <trkpt lat="25.0338320" lon="121.5994990">
    <ele>181.5</ele>
    <time>2026-07-26T07:47:57Z</time>
   </trkpt>
   <trkpt lat="25.0338320" lon="121.5994840">
    <ele>181.6</ele>
    <time>2026-07-26T07:47:58Z</time>
   </trkpt>
   <trkpt lat="25.0338340" lon="121.5994660">
    <ele>181.8</ele>
    <time>2026-07-26T07:47:59Z</time>
   </trkpt>
   <trkpt lat="25.0338320" lon="121.5994470">
    <ele>181.9</ele>
    <time>2026-07-26T07:48:00Z</time>
   </trkpt>
   <trkpt lat="25.0338320" lon="121.5994320">
    <ele>182.0</ele>
    <time>2026-07-26T07:48:01Z</time>
   </trkpt>
   <trkpt lat="25.0338310" lon="121.5994220">
    <ele>182.1</ele>
    <time>2026-07-26T07:48:02Z</time>
   </trkpt>
   <trkpt lat="25.0338290" lon="121.5994110">
    <ele>182.1</ele>
    <time>2026-07-26T07:48:03Z</time>
   </trkpt>
   <trkpt lat="25.0338280" lon="121.5993970">
    <ele>182.2</ele>
    <time>2026-07-26T07:48:04Z</time>
   </trkpt>
   <trkpt lat="25.0338310" lon="121.5993810">
    <ele>182.3</ele>
    <time>2026-07-26T07:48:05Z</time>
   </trkpt>
   <trkpt lat="25.0338300" lon="121.5993730">
    <ele>182.4</ele>
    <time>2026-07-26T07:48:06Z</time>
   </trkpt>
   <trkpt lat="25.0338310" lon="121.5993660">
    <ele>182.4</ele>
    <time>2026-07-26T07:48:07Z</time>
   </trkpt>
   <trkpt lat="25.0338300" lon="121.5993610">
    <ele>182.4</ele>
    <time>2026-07-26T07:48:08Z</time>
   </trkpt>
   <trkpt lat="25.0338330" lon="121.5993450">
    <ele>182.5</ele>
    <time>2026-07-26T07:48:09Z</time>
   </trkpt>
   <trkpt lat="25.0338300" lon="121.5993400">
    <ele>182.6</ele>
    <time>2026-07-26T07:48:10Z</time>
   </trkpt>
   <trkpt lat="25.0338250" lon="121.5993260">
    <ele>182.7</ele>
    <time>2026-07-26T07:48:11Z</time>
   </trkpt>
   <trkpt lat="25.0338230" lon="121.5993050">
    <ele>182.8</ele>
    <time>2026-07-26T07:48:12Z</time>
   </trkpt>
   <trkpt lat="25.0338210" lon="121.5992920">
    <ele>182.9</ele>
    <time>2026-07-26T07:48:13Z</time>
   </trkpt>
   <trkpt lat="25.0338170" lon="121.5992730">
    <ele>183.0</ele>
    <time>2026-07-26T07:48:14Z</time>
   </trkpt>
   <trkpt lat="25.0338120" lon="121.5992650">
    <ele>183.1</ele>
    <time>2026-07-26T07:48:15Z</time>
   </trkpt>
   <trkpt lat="25.0338070" lon="121.5992590">
    <ele>183.3</ele>
    <time>2026-07-26T07:48:16Z</time>
   </trkpt>
   <trkpt lat="25.0337990" lon="121.5992340">
    <ele>183.8</ele>
    <time>2026-07-26T07:48:17Z</time>
   </trkpt>
   <trkpt lat="25.0337880" lon="121.5992330">
    <ele>184.0</ele>
    <time>2026-07-26T07:48:18Z</time>
   </trkpt>
   <trkpt lat="25.0337840" lon="121.5992240">
    <ele>184.2</ele>
    <time>2026-07-26T07:48:19Z</time>
   </trkpt>
   <trkpt lat="25.0337750" lon="121.5992110">
    <ele>184.5</ele>
    <time>2026-07-26T07:48:20Z</time>
   </trkpt>
   <trkpt lat="25.0337690" lon="121.5992100">
    <ele>184.6</ele>
    <time>2026-07-26T07:48:21Z</time>
   </trkpt>
   <trkpt lat="25.0337620" lon="121.5991970">
    <ele>184.9</ele>
    <time>2026-07-26T07:48:22Z</time>
   </trkpt>
   <trkpt lat="25.0337570" lon="121.5991860">
    <ele>185.2</ele>
    <time>2026-07-26T07:48:23Z</time>
   </trkpt>
   <trkpt lat="25.0337480" lon="121.5991830">
    <ele>185.4</ele>
    <time>2026-07-26T07:48:24Z</time>
   </trkpt>
   <trkpt lat="25.0337370" lon="121.5991790">
    <ele>185.6</ele>
    <time>2026-07-26T07:48:25Z</time>
   </trkpt>
   <trkpt lat="25.0337260" lon="121.5991750">
    <ele>185.8</ele>
    <time>2026-07-26T07:48:26Z</time>
   </trkpt>
   <trkpt lat="25.0337230" lon="121.5991730">
    <ele>185.9</ele>
    <time>2026-07-26T07:48:27Z</time>
   </trkpt>
   <trkpt lat="25.0337160" lon="121.5991670">
    <ele>186.1</ele>
    <time>2026-07-26T07:48:28Z</time>
   </trkpt>
   <trkpt lat="25.0337070" lon="121.5991630">
    <ele>186.3</ele>
    <time>2026-07-26T07:48:29Z</time>
   </trkpt>
   <trkpt lat="25.0336960" lon="121.5991530">
    <ele>186.6</ele>
    <time>2026-07-26T07:48:30Z</time>
   </trkpt>
   <trkpt lat="25.0336880" lon="121.5991400">
    <ele>186.9</ele>
    <time>2026-07-26T07:48:31Z</time>
   </trkpt>
   <trkpt lat="25.0336790" lon="121.5991320">
    <ele>187.1</ele>
    <time>2026-07-26T07:48:32Z</time>
   </trkpt>
   <trkpt lat="25.0336710" lon="121.5991240">
    <ele>187.4</ele>
    <time>2026-07-26T07:48:33Z</time>
   </trkpt>
   <trkpt lat="25.0336620" lon="121.5991190">
    <ele>187.6</ele>
    <time>2026-07-26T07:48:34Z</time>
   </trkpt>
   <trkpt lat="25.0336570" lon="121.5991140">
    <ele>187.7</ele>
    <time>2026-07-26T07:48:35Z</time>
   </trkpt>
   <trkpt lat="25.0336470" lon="121.5991060">
    <ele>188.0</ele>
    <time>2026-07-26T07:48:36Z</time>
   </trkpt>
   <trkpt lat="25.0336410" lon="121.5991060">
    <ele>188.1</ele>
    <time>2026-07-26T07:48:37Z</time>
   </trkpt>
   <trkpt lat="25.0336280" lon="121.5990890">
    <ele>188.6</ele>
    <time>2026-07-26T07:48:38Z</time>
   </trkpt>
   <trkpt lat="25.0336210" lon="121.5990860">
    <ele>188.8</ele>
    <time>2026-07-26T07:48:39Z</time>
   </trkpt>
   <trkpt lat="25.0336250" lon="121.5990910">
    <ele>188.9</ele>
    <time>2026-07-26T07:48:40Z</time>
   </trkpt>
   <trkpt lat="25.0336190" lon="121.5990820">
    <ele>189.2</ele>
    <time>2026-07-26T07:48:41Z</time>
   </trkpt>
   <trkpt lat="25.0336090" lon="121.5990770">
    <ele>189.5</ele>
    <time>2026-07-26T07:48:42Z</time>
   </trkpt>
   <trkpt lat="25.0336040" lon="121.5990790">
    <ele>189.6</ele>
    <time>2026-07-26T07:48:43Z</time>
   </trkpt>
   <trkpt lat="25.0335960" lon="121.5990730">
    <ele>189.9</ele>
    <time>2026-07-26T07:48:44Z</time>
   </trkpt>
   <trkpt lat="25.0335850" lon="121.5990670">
    <ele>190.2</ele>
    <time>2026-07-26T07:48:45Z</time>
   </trkpt>
   <trkpt lat="25.0335780" lon="121.5990610">
    <ele>190.4</ele>
    <time>2026-07-26T07:48:46Z</time>
   </trkpt>
   <trkpt lat="25.0335740" lon="121.5990530">
    <ele>190.7</ele>
    <time>2026-07-26T07:48:47Z</time>
   </trkpt>
   <trkpt lat="25.0335660" lon="121.5990420">
    <ele>191.0</ele>
    <time>2026-07-26T07:48:48Z</time>
   </trkpt>
   <trkpt lat="25.0335580" lon="121.5990350">
    <ele>191.3</ele>
    <time>2026-07-26T07:48:49Z</time>
   </trkpt>
   <trkpt lat="25.0335500" lon="121.5990300">
    <ele>191.6</ele>
    <time>2026-07-26T07:48:50Z</time>
   </trkpt>
   <trkpt lat="25.0335450" lon="121.5990260">
    <ele>191.8</ele>
    <time>2026-07-26T07:48:51Z</time>
   </trkpt>
   <trkpt lat="25.0335390" lon="121.5990220">
    <ele>192.0</ele>
    <time>2026-07-26T07:48:52Z</time>
   </trkpt>
   <trkpt lat="25.0335330" lon="121.5990130">
    <ele>192.3</ele>
    <time>2026-07-26T07:48:53Z</time>
   </trkpt>
   <trkpt lat="25.0335300" lon="121.5990070">
    <ele>192.5</ele>
    <time>2026-07-26T07:48:54Z</time>
   </trkpt>
   <trkpt lat="25.0335270" lon="121.5990020">
    <ele>192.6</ele>
    <time>2026-07-26T07:48:55Z</time>
   </trkpt>
   <trkpt lat="25.0335200" lon="121.5989970">
    <ele>192.9</ele>
    <time>2026-07-26T07:48:56Z</time>
   </trkpt>
   <trkpt lat="25.0335130" lon="121.5990010">
    <ele>193.1</ele>
    <time>2026-07-26T07:48:57Z</time>
   </trkpt>
   <trkpt lat="25.0335050" lon="121.5989920">
    <ele>193.4</ele>
    <time>2026-07-26T07:48:58Z</time>
   </trkpt>
   <trkpt lat="25.0334930" lon="121.5989900">
    <ele>193.8</ele>
    <time>2026-07-26T07:48:59Z</time>
   </trkpt>
   <trkpt lat="25.0334900" lon="121.5989890">
    <ele>193.9</ele>
    <time>2026-07-26T07:49:00Z</time>
   </trkpt>
   <trkpt lat="25.0334850" lon="121.5989890">
    <ele>194.0</ele>
    <time>2026-07-26T07:49:01Z</time>
   </trkpt>
   <trkpt lat="25.0334760" lon="121.5989940">
    <ele>194.3</ele>
    <time>2026-07-26T07:49:02Z</time>
   </trkpt>
   <trkpt lat="25.0334710" lon="121.5989910">
    <ele>194.5</ele>
    <time>2026-07-26T07:49:03Z</time>
   </trkpt>
   <trkpt lat="25.0334630" lon="121.5989890">
    <ele>194.7</ele>
    <time>2026-07-26T07:49:04Z</time>
   </trkpt>
   <trkpt lat="25.0334530" lon="121.5989880">
    <ele>195.0</ele>
    <time>2026-07-26T07:49:05Z</time>
   </trkpt>
   <trkpt lat="25.0334450" lon="121.5989870">
    <ele>195.2</ele>
    <time>2026-07-26T07:49:06Z</time>
   </trkpt>
   <trkpt lat="25.0334390" lon="121.5989840">
    <ele>195.4</ele>
    <time>2026-07-26T07:49:07Z</time>
   </trkpt>
   <trkpt lat="25.0334310" lon="121.5989820">
    <ele>195.6</ele>
    <time>2026-07-26T07:49:08Z</time>
   </trkpt>
   <trkpt lat="25.0334230" lon="121.5989810">
    <ele>195.9</ele>
    <time>2026-07-26T07:49:09Z</time>
   </trkpt>
   <trkpt lat="25.0334190" lon="121.5989810">
    <ele>196.0</ele>
    <time>2026-07-26T07:49:10Z</time>
   </trkpt>
   <trkpt lat="25.0334110" lon="121.5989780">
    <ele>196.2</ele>
    <time>2026-07-26T07:49:11Z</time>
   </trkpt>
   <trkpt lat="25.0334050" lon="121.5989670">
    <ele>196.5</ele>
    <time>2026-07-26T07:49:12Z</time>
   </trkpt>
   <trkpt lat="25.0334000" lon="121.5989650">
    <ele>196.7</ele>
    <time>2026-07-26T07:49:13Z</time>
   </trkpt>
   <trkpt lat="25.0333960" lon="121.5989600">
    <ele>196.8</ele>
    <time>2026-07-26T07:49:14Z</time>
   </trkpt>
   <trkpt lat="25.0333870" lon="121.5989510">
    <ele>197.2</ele>
    <time>2026-07-26T07:49:15Z</time>
   </trkpt>
   <trkpt lat="25.0333850" lon="121.5989440">
    <ele>197.4</ele>
    <time>2026-07-26T07:49:16Z</time>
   </trkpt>
   <trkpt lat="25.0333830" lon="121.5989290">
    <ele>197.4</ele>
    <time>2026-07-26T07:49:17Z</time>
   </trkpt>
   <trkpt lat="25.0333860" lon="121.5989060">
    <ele>197.4</ele>
    <time>2026-07-26T07:49:18Z</time>
   </trkpt>
   <trkpt lat="25.0333910" lon="121.5988860">
    <ele>197.3</ele>
    <time>2026-07-26T07:49:19Z</time>
   </trkpt>
   <trkpt lat="25.0333960" lon="121.5988730">
    <ele>197.3</ele>
    <time>2026-07-26T07:49:20Z</time>
   </trkpt>
   <trkpt lat="25.0334010" lon="121.5988610">
    <ele>197.3</ele>
    <time>2026-07-26T07:49:21Z</time>
   </trkpt>
   <trkpt lat="25.0334030" lon="121.5988510">
    <ele>197.3</ele>
    <time>2026-07-26T07:49:22Z</time>
   </trkpt>
   <trkpt lat="25.0334060" lon="121.5988390">
    <ele>197.3</ele>
    <time>2026-07-26T07:49:23Z</time>
   </trkpt>
   <trkpt lat="25.0334040" lon="121.5988210">
    <ele>197.2</ele>
    <time>2026-07-26T07:49:24Z</time>
   </trkpt>
   <trkpt lat="25.0334050" lon="121.5988080">
    <ele>197.2</ele>
    <time>2026-07-26T07:49:25Z</time>
   </trkpt>
   <trkpt lat="25.0334020" lon="121.5987930">
    <ele>197.2</ele>
    <time>2026-07-26T07:49:26Z</time>
   </trkpt>
   <trkpt lat="25.0333990" lon="121.5987800">
    <ele>197.1</ele>
    <time>2026-07-26T07:49:27Z</time>
   </trkpt>
   <trkpt lat="25.0333990" lon="121.5987610">
    <ele>197.1</ele>
    <time>2026-07-26T07:49:28Z</time>
   </trkpt>
   <trkpt lat="25.0333990" lon="121.5987410">
    <ele>197.1</ele>
    <time>2026-07-26T07:49:29Z</time>
   </trkpt>
   <trkpt lat="25.0333960" lon="121.5987260">
    <ele>197.0</ele>
    <time>2026-07-26T07:49:31Z</time>
   </trkpt>
   <trkpt lat="25.0333940" lon="121.5987170">
    <ele>197.0</ele>
    <time>2026-07-26T07:49:32Z</time>
   </trkpt>
   <trkpt lat="25.0333840" lon="121.5987020">
    <ele>197.0</ele>
    <time>2026-07-26T07:49:33Z</time>
   </trkpt>
   <trkpt lat="25.0333650" lon="121.5986780">
    <ele>196.9</ele>
    <time>2026-07-26T07:49:34Z</time>
   </trkpt>
   <trkpt lat="25.0333580" lon="121.5986730">
    <ele>196.9</ele>
    <time>2026-07-26T07:49:35Z</time>
   </trkpt>
   <trkpt lat="25.0333510" lon="121.5986610">
    <ele>196.9</ele>
    <time>2026-07-26T07:49:36Z</time>
   </trkpt>
   <trkpt lat="25.0333470" lon="121.5986490">
    <ele>196.8</ele>
    <time>2026-07-26T07:49:37Z</time>
   </trkpt>
   <trkpt lat="25.0333400" lon="121.5986440">
    <ele>196.8</ele>
    <time>2026-07-26T07:49:38Z</time>
   </trkpt>
   <trkpt lat="25.0333350" lon="121.5986320">
    <ele>196.8</ele>
    <time>2026-07-26T07:49:39Z</time>
   </trkpt>
   <trkpt lat="25.0333300" lon="121.5986180">
    <ele>196.8</ele>
    <time>2026-07-26T07:49:40Z</time>
   </trkpt>
   <trkpt lat="25.0333240" lon="121.5986130">
    <ele>196.8</ele>
    <time>2026-07-26T07:49:41Z</time>
   </trkpt>
   <trkpt lat="25.0333200" lon="121.5986040">
    <ele>196.8</ele>
    <time>2026-07-26T07:49:42Z</time>
   </trkpt>
   <trkpt lat="25.0333130" lon="121.5985930">
    <ele>196.7</ele>
    <time>2026-07-26T07:49:43Z</time>
   </trkpt>
   <trkpt lat="25.0333080" lon="121.5985810">
    <ele>196.7</ele>
    <time>2026-07-26T07:49:44Z</time>
   </trkpt>
   <trkpt lat="25.0333010" lon="121.5985640">
    <ele>196.7</ele>
    <time>2026-07-26T07:49:45Z</time>
   </trkpt>
   <trkpt lat="25.0333000" lon="121.5985560">
    <ele>196.7</ele>
    <time>2026-07-26T07:49:46Z</time>
   </trkpt>
   <trkpt lat="25.0332960" lon="121.5985440">
    <ele>196.6</ele>
    <time>2026-07-26T07:49:47Z</time>
   </trkpt>
   <trkpt lat="25.0332940" lon="121.5985280">
    <ele>196.6</ele>
    <time>2026-07-26T07:49:48Z</time>
   </trkpt>
   <trkpt lat="25.0332930" lon="121.5985130">
    <ele>196.5</ele>
    <time>2026-07-26T07:49:49Z</time>
   </trkpt>
   <trkpt lat="25.0332930" lon="121.5984960">
    <ele>196.5</ele>
    <time>2026-07-26T07:49:50Z</time>
   </trkpt>
   <trkpt lat="25.0332950" lon="121.5984810">
    <ele>196.4</ele>
    <time>2026-07-26T07:49:51Z</time>
   </trkpt>
   <trkpt lat="25.0332940" lon="121.5984670">
    <ele>196.4</ele>
    <time>2026-07-26T07:49:52Z</time>
   </trkpt>
   <trkpt lat="25.0333000" lon="121.5984520">
    <ele>196.3</ele>
    <time>2026-07-26T07:49:53Z</time>
   </trkpt>
   <trkpt lat="25.0333090" lon="121.5984370">
    <ele>196.2</ele>
    <time>2026-07-26T07:49:54Z</time>
   </trkpt>
   <trkpt lat="25.0333170" lon="121.5984230">
    <ele>196.2</ele>
    <time>2026-07-26T07:49:55Z</time>
   </trkpt>
   <trkpt lat="25.0333210" lon="121.5984110">
    <ele>196.1</ele>
    <time>2026-07-26T07:49:56Z</time>
   </trkpt>
   <trkpt lat="25.0333290" lon="121.5984000">
    <ele>196.1</ele>
    <time>2026-07-26T07:49:57Z</time>
   </trkpt>
   <trkpt lat="25.0333380" lon="121.5983880">
    <ele>196.0</ele>
    <time>2026-07-26T07:49:58Z</time>
   </trkpt>
   <trkpt lat="25.0333440" lon="121.5983710">
    <ele>196.0</ele>
    <time>2026-07-26T07:49:59Z</time>
   </trkpt>
   <trkpt lat="25.0333600" lon="121.5983470">
    <ele>195.9</ele>
    <time>2026-07-26T07:50:00Z</time>
   </trkpt>
   <trkpt lat="25.0333630" lon="121.5983310">
    <ele>195.9</ele>
    <time>2026-07-26T07:50:01Z</time>
   </trkpt>
   <trkpt lat="25.0333660" lon="121.5983160">
    <ele>195.9</ele>
    <time>2026-07-26T07:50:02Z</time>
   </trkpt>
   <trkpt lat="25.0333740" lon="121.5983040">
    <ele>195.9</ele>
    <time>2026-07-26T07:50:03Z</time>
   </trkpt>
   <trkpt lat="25.0333800" lon="121.5982940">
    <ele>195.9</ele>
    <time>2026-07-26T07:50:04Z</time>
   </trkpt>
   <trkpt lat="25.0333830" lon="121.5982780">
    <ele>195.9</ele>
    <time>2026-07-26T07:50:05Z</time>
   </trkpt>
   <trkpt lat="25.0333960" lon="121.5982660">
    <ele>195.9</ele>
    <time>2026-07-26T07:50:06Z</time>
   </trkpt>
   <trkpt lat="25.0334060" lon="121.5982500">
    <ele>195.9</ele>
    <time>2026-07-26T07:50:07Z</time>
   </trkpt>
   <trkpt lat="25.0334140" lon="121.5982370">
    <ele>196.0</ele>
    <time>2026-07-26T07:50:08Z</time>
   </trkpt>
   <trkpt lat="25.0334220" lon="121.5982220">
    <ele>196.0</ele>
    <time>2026-07-26T07:50:09Z</time>
   </trkpt>
   <trkpt lat="25.0334290" lon="121.5982030">
    <ele>196.1</ele>
    <time>2026-07-26T07:50:10Z</time>
   </trkpt>
   <trkpt lat="25.0334360" lon="121.5981880">
    <ele>196.1</ele>
    <time>2026-07-26T07:50:11Z</time>
   </trkpt>
   <trkpt lat="25.0334430" lon="121.5981750">
    <ele>196.2</ele>
    <time>2026-07-26T07:50:12Z</time>
   </trkpt>
   <trkpt lat="25.0334490" lon="121.5981620">
    <ele>196.2</ele>
    <time>2026-07-26T07:50:13Z</time>
   </trkpt>
   <trkpt lat="25.0334550" lon="121.5981440">
    <ele>196.3</ele>
    <time>2026-07-26T07:50:14Z</time>
   </trkpt>
   <trkpt lat="25.0334610" lon="121.5981250">
    <ele>196.3</ele>
    <time>2026-07-26T07:50:15Z</time>
   </trkpt>
   <trkpt lat="25.0334640" lon="121.5981150">
    <ele>196.4</ele>
    <time>2026-07-26T07:50:16Z</time>
   </trkpt>
   <trkpt lat="25.0334690" lon="121.5981020">
    <ele>196.4</ele>
    <time>2026-07-26T07:50:17Z</time>
   </trkpt>
   <trkpt lat="25.0334750" lon="121.5980880">
    <ele>196.5</ele>
    <time>2026-07-26T07:50:18Z</time>
   </trkpt>
   <trkpt lat="25.0334800" lon="121.5980740">
    <ele>196.5</ele>
    <time>2026-07-26T07:50:19Z</time>
   </trkpt>
   <trkpt lat="25.0334840" lon="121.5980610">
    <ele>196.6</ele>
    <time>2026-07-26T07:50:20Z</time>
   </trkpt>
   <trkpt lat="25.0334890" lon="121.5980420">
    <ele>196.6</ele>
    <time>2026-07-26T07:50:21Z</time>
   </trkpt>
   <trkpt lat="25.0334940" lon="121.5980350">
    <ele>196.7</ele>
    <time>2026-07-26T07:50:22Z</time>
   </trkpt>
   <trkpt lat="25.0334960" lon="121.5980190">
    <ele>196.7</ele>
    <time>2026-07-26T07:50:23Z</time>
   </trkpt>
   <trkpt lat="25.0335020" lon="121.5980020">
    <ele>196.8</ele>
    <time>2026-07-26T07:50:24Z</time>
   </trkpt>
   <trkpt lat="25.0335070" lon="121.5979870">
    <ele>196.8</ele>
    <time>2026-07-26T07:50:25Z</time>
   </trkpt>
   <trkpt lat="25.0335090" lon="121.5979720">
    <ele>196.8</ele>
    <time>2026-07-26T07:50:26Z</time>
   </trkpt>
   <trkpt lat="25.0335130" lon="121.5979560">
    <ele>196.9</ele>
    <time>2026-07-26T07:50:27Z</time>
   </trkpt>
   <trkpt lat="25.0335230" lon="121.5979340">
    <ele>196.9</ele>
    <time>2026-07-26T07:50:28Z</time>
   </trkpt>
   <trkpt lat="25.0335310" lon="121.5979170">
    <ele>197.0</ele>
    <time>2026-07-26T07:50:29Z</time>
   </trkpt>
   <trkpt lat="25.0335370" lon="121.5979090">
    <ele>197.0</ele>
    <time>2026-07-26T07:50:30Z</time>
   </trkpt>
   <trkpt lat="25.0335420" lon="121.5979070">
    <ele>197.0</ele>
    <time>2026-07-26T07:50:31Z</time>
   </trkpt>
   <trkpt lat="25.0335530" lon="121.5978810">
    <ele>197.1</ele>
    <time>2026-07-26T07:50:32Z</time>
   </trkpt>
   <trkpt lat="25.0335540" lon="121.5978620">
    <ele>197.1</ele>
    <time>2026-07-26T07:50:33Z</time>
   </trkpt>
   <trkpt lat="25.0335550" lon="121.5978530">
    <ele>197.1</ele>
    <time>2026-07-26T07:50:34Z</time>
   </trkpt>
   <trkpt lat="25.0335580" lon="121.5978410">
    <ele>197.2</ele>
    <time>2026-07-26T07:50:35Z</time>
   </trkpt>
   <trkpt lat="25.0335630" lon="121.5978280">
    <ele>197.2</ele>
    <time>2026-07-26T07:50:36Z</time>
   </trkpt>
   <trkpt lat="25.0335680" lon="121.5978150">
    <ele>197.2</ele>
    <time>2026-07-26T07:50:37Z</time>
   </trkpt>
   <trkpt lat="25.0335700" lon="121.5978020">
    <ele>197.3</ele>
    <time>2026-07-26T07:50:38Z</time>
   </trkpt>
   <trkpt lat="25.0335750" lon="121.5977860">
    <ele>197.3</ele>
    <time>2026-07-26T07:50:39Z</time>
   </trkpt>
   <trkpt lat="25.0335800" lon="121.5977700">
    <ele>197.3</ele>
    <time>2026-07-26T07:50:40Z</time>
   </trkpt>
   <trkpt lat="25.0335840" lon="121.5977570">
    <ele>197.3</ele>
    <time>2026-07-26T07:50:41Z</time>
   </trkpt>
   <trkpt lat="25.0335870" lon="121.5977420">
    <ele>197.4</ele>
    <time>2026-07-26T07:50:42Z</time>
   </trkpt>
   <trkpt lat="25.0335900" lon="121.5977280">
    <ele>197.4</ele>
    <time>2026-07-26T07:50:43Z</time>
   </trkpt>
   <trkpt lat="25.0335940" lon="121.5977120">
    <ele>197.4</ele>
    <time>2026-07-26T07:50:44Z</time>
   </trkpt>
   <trkpt lat="25.0335970" lon="121.5976930">
    <ele>197.4</ele>
    <time>2026-07-26T07:50:45Z</time>
   </trkpt>
   <trkpt lat="25.0335940" lon="121.5976730">
    <ele>197.4</ele>
    <time>2026-07-26T07:50:46Z</time>
   </trkpt>
   <trkpt lat="25.0335970" lon="121.5976530">
    <ele>197.4</ele>
    <time>2026-07-26T07:50:47Z</time>
   </trkpt>
   <trkpt lat="25.0335980" lon="121.5976430">
    <ele>197.4</ele>
    <time>2026-07-26T07:50:48Z</time>
   </trkpt>
   <trkpt lat="25.0336050" lon="121.5976300">
    <ele>197.4</ele>
    <time>2026-07-26T07:50:49Z</time>
   </trkpt>
   <trkpt lat="25.0336110" lon="121.5976080">
    <ele>197.4</ele>
    <time>2026-07-26T07:50:50Z</time>
   </trkpt>
   <trkpt lat="25.0336120" lon="121.5975930">
    <ele>197.4</ele>
    <time>2026-07-26T07:50:51Z</time>
   </trkpt>
   <trkpt lat="25.0336210" lon="121.5975830">
    <ele>197.4</ele>
    <time>2026-07-26T07:50:52Z</time>
   </trkpt>
   <trkpt lat="25.0336300" lon="121.5975660">
    <ele>197.4</ele>
    <time>2026-07-26T07:50:53Z</time>
   </trkpt>
   <trkpt lat="25.0336350" lon="121.5975600">
    <ele>197.4</ele>
    <time>2026-07-26T07:50:54Z</time>
   </trkpt>
   <trkpt lat="25.0336480" lon="121.5975480">
    <ele>197.4</ele>
    <time>2026-07-26T07:50:55Z</time>
   </trkpt>
   <trkpt lat="25.0336550" lon="121.5975380">
    <ele>197.4</ele>
    <time>2026-07-26T07:50:56Z</time>
   </trkpt>
   <trkpt lat="25.0336630" lon="121.5975360">
    <ele>197.5</ele>
    <time>2026-07-26T07:50:57Z</time>
   </trkpt>
   <trkpt lat="25.0336580" lon="121.5975260">
    <ele>197.5</ele>
    <time>2026-07-26T07:50:58Z</time>
   </trkpt>
   <trkpt lat="25.0336500" lon="121.5975110">
    <ele>197.5</ele>
    <time>2026-07-26T07:50:59Z</time>
   </trkpt>
   <trkpt lat="25.0336540" lon="121.5974870">
    <ele>197.5</ele>
    <time>2026-07-26T07:51:00Z</time>
   </trkpt>
   <trkpt lat="25.0336560" lon="121.5974710">
    <ele>197.5</ele>
    <time>2026-07-26T07:51:01Z</time>
   </trkpt>
   <trkpt lat="25.0336550" lon="121.5974630">
    <ele>197.5</ele>
    <time>2026-07-26T07:51:02Z</time>
   </trkpt>
   <trkpt lat="25.0336590" lon="121.5974570">
    <ele>197.6</ele>
    <time>2026-07-26T07:51:03Z</time>
   </trkpt>
   <trkpt lat="25.0336570" lon="121.5974400">
    <ele>197.6</ele>
    <time>2026-07-26T07:51:04Z</time>
   </trkpt>
   <trkpt lat="25.0336610" lon="121.5974210">
    <ele>197.7</ele>
    <time>2026-07-26T07:51:05Z</time>
   </trkpt>
   <trkpt lat="25.0336520" lon="121.5974080">
    <ele>197.8</ele>
    <time>2026-07-26T07:51:06Z</time>
   </trkpt>
   <trkpt lat="25.0336470" lon="121.5973890">
    <ele>197.9</ele>
    <time>2026-07-26T07:51:07Z</time>
   </trkpt>
   <trkpt lat="25.0336420" lon="121.5973740">
    <ele>198.0</ele>
    <time>2026-07-26T07:51:08Z</time>
   </trkpt>
   <trkpt lat="25.0336490" lon="121.5973540">
    <ele>198.1</ele>
    <time>2026-07-26T07:51:09Z</time>
   </trkpt>
   <trkpt lat="25.0336500" lon="121.5973410">
    <ele>198.1</ele>
    <time>2026-07-26T07:51:10Z</time>
   </trkpt>
   <trkpt lat="25.0336530" lon="121.5973210">
    <ele>198.3</ele>
    <time>2026-07-26T07:51:11Z</time>
   </trkpt>
   <trkpt lat="25.0336610" lon="121.5973140">
    <ele>198.3</ele>
    <time>2026-07-26T07:51:12Z</time>
   </trkpt>
   <trkpt lat="25.0336650" lon="121.5973030">
    <ele>198.4</ele>
    <time>2026-07-26T07:51:13Z</time>
   </trkpt>
   <trkpt lat="25.0336680" lon="121.5972880">
    <ele>198.5</ele>
    <time>2026-07-26T07:51:14Z</time>
   </trkpt>
   <trkpt lat="25.0336720" lon="121.5972710">
    <ele>198.6</ele>
    <time>2026-07-26T07:51:15Z</time>
   </trkpt>
   <trkpt lat="25.0336750" lon="121.5972490">
    <ele>198.7</ele>
    <time>2026-07-26T07:51:16Z</time>
   </trkpt>
   <trkpt lat="25.0336710" lon="121.5972370">
    <ele>198.8</ele>
    <time>2026-07-26T07:51:17Z</time>
   </trkpt>
   <trkpt lat="25.0336610" lon="121.5972240">
    <ele>198.9</ele>
    <time>2026-07-26T07:51:18Z</time>
   </trkpt>
   <trkpt lat="25.0336510" lon="121.5972080">
    <ele>199.0</ele>
    <time>2026-07-26T07:51:19Z</time>
   </trkpt>
   <trkpt lat="25.0336400" lon="121.5972020">
    <ele>199.1</ele>
    <time>2026-07-26T07:51:20Z</time>
   </trkpt>
   <trkpt lat="25.0336330" lon="121.5971900">
    <ele>199.2</ele>
    <time>2026-07-26T07:51:21Z</time>
   </trkpt>
   <trkpt lat="25.0336240" lon="121.5971720">
    <ele>199.3</ele>
    <time>2026-07-26T07:51:22Z</time>
   </trkpt>
   <trkpt lat="25.0336140" lon="121.5971570">
    <ele>199.4</ele>
    <time>2026-07-26T07:51:23Z</time>
   </trkpt>
   <trkpt lat="25.0336030" lon="121.5971430">
    <ele>199.6</ele>
    <time>2026-07-26T07:51:24Z</time>
   </trkpt>
   <trkpt lat="25.0335910" lon="121.5971300">
    <ele>199.7</ele>
    <time>2026-07-26T07:51:25Z</time>
   </trkpt>
   <trkpt lat="25.0335820" lon="121.5971210">
    <ele>199.8</ele>
    <time>2026-07-26T07:51:26Z</time>
   </trkpt>
   <trkpt lat="25.0335820" lon="121.5971080">
    <ele>199.9</ele>
    <time>2026-07-26T07:51:27Z</time>
   </trkpt>
   <trkpt lat="25.0335820" lon="121.5971040">
    <ele>199.9</ele>
    <time>2026-07-26T07:51:28Z</time>
   </trkpt>
   <trkpt lat="25.0335830" lon="121.5970950">
    <ele>200.0</ele>
    <time>2026-07-26T07:51:29Z</time>
   </trkpt>
   <trkpt lat="25.0335820" lon="121.5970820">
    <ele>200.1</ele>
    <time>2026-07-26T07:51:30Z</time>
   </trkpt>
   <trkpt lat="25.0335830" lon="121.5970710">
    <ele>200.2</ele>
    <time>2026-07-26T07:51:31Z</time>
   </trkpt>
   <trkpt lat="25.0335840" lon="121.5970620">
    <ele>200.2</ele>
    <time>2026-07-26T07:51:32Z</time>
   </trkpt>
   <trkpt lat="25.0335810" lon="121.5970510">
    <ele>200.3</ele>
    <time>2026-07-26T07:51:33Z</time>
   </trkpt>
   <trkpt lat="25.0335770" lon="121.5970270">
    <ele>200.5</ele>
    <time>2026-07-26T07:51:34Z</time>
   </trkpt>
   <trkpt lat="25.0335680" lon="121.5970100">
    <ele>200.6</ele>
    <time>2026-07-26T07:51:35Z</time>
   </trkpt>
   <trkpt lat="25.0335560" lon="121.5970020">
    <ele>200.7</ele>
    <time>2026-07-26T07:51:37Z</time>
   </trkpt>
   <trkpt lat="25.0335500" lon="121.5969920">
    <ele>200.8</ele>
    <time>2026-07-26T07:51:38Z</time>
   </trkpt>
   <trkpt lat="25.0335390" lon="121.5969760">
    <ele>200.9</ele>
    <time>2026-07-26T07:51:39Z</time>
   </trkpt>
   <trkpt lat="25.0335260" lon="121.5969680">
    <ele>201.0</ele>
    <time>2026-07-26T07:51:40Z</time>
   </trkpt>
   <trkpt lat="25.0335220" lon="121.5969600">
    <ele>201.1</ele>
    <time>2026-07-26T07:51:41Z</time>
   </trkpt>
   <trkpt lat="25.0335120" lon="121.5969440">
    <ele>201.2</ele>
    <time>2026-07-26T07:51:42Z</time>
   </trkpt>
   <trkpt lat="25.0335010" lon="121.5969340">
    <ele>201.3</ele>
    <time>2026-07-26T07:51:43Z</time>
   </trkpt>
   <trkpt lat="25.0334980" lon="121.5969230">
    <ele>201.4</ele>
    <time>2026-07-26T07:51:44Z</time>
   </trkpt>
   <trkpt lat="25.0334970" lon="121.5969070">
    <ele>201.5</ele>
    <time>2026-07-26T07:51:45Z</time>
   </trkpt>
   <trkpt lat="25.0335000" lon="121.5968840">
    <ele>201.6</ele>
    <time>2026-07-26T07:51:46Z</time>
   </trkpt>
   <trkpt lat="25.0335010" lon="121.5968700">
    <ele>201.7</ele>
    <time>2026-07-26T07:51:47Z</time>
   </trkpt>
   <trkpt lat="25.0334960" lon="121.5968560">
    <ele>201.8</ele>
    <time>2026-07-26T07:51:48Z</time>
   </trkpt>
   <trkpt lat="25.0334940" lon="121.5968420">
    <ele>201.9</ele>
    <time>2026-07-26T07:51:49Z</time>
   </trkpt>
   <trkpt lat="25.0334900" lon="121.5968250">
    <ele>202.0</ele>
    <time>2026-07-26T07:51:50Z</time>
   </trkpt>
   <trkpt lat="25.0334820" lon="121.5968090">
    <ele>202.1</ele>
    <time>2026-07-26T07:51:51Z</time>
   </trkpt>
   <trkpt lat="25.0334710" lon="121.5967970">
    <ele>202.2</ele>
    <time>2026-07-26T07:51:52Z</time>
   </trkpt>
   <trkpt lat="25.0334610" lon="121.5967820">
    <ele>202.4</ele>
    <time>2026-07-26T07:51:53Z</time>
   </trkpt>
   <trkpt lat="25.0334570" lon="121.5967700">
    <ele>202.5</ele>
    <time>2026-07-26T07:51:54Z</time>
   </trkpt>
   <trkpt lat="25.0334470" lon="121.5967580">
    <ele>202.6</ele>
    <time>2026-07-26T07:51:55Z</time>
   </trkpt>
   <trkpt lat="25.0334370" lon="121.5967550">
    <ele>202.7</ele>
    <time>2026-07-26T07:51:56Z</time>
   </trkpt>
   <trkpt lat="25.0334240" lon="121.5967370">
    <ele>202.8</ele>
    <time>2026-07-26T07:51:57Z</time>
   </trkpt>
   <trkpt lat="25.0334110" lon="121.5967270">
    <ele>203.0</ele>
    <time>2026-07-26T07:51:58Z</time>
   </trkpt>
   <trkpt lat="25.0334010" lon="121.5967270">
    <ele>203.0</ele>
    <time>2026-07-26T07:51:59Z</time>
   </trkpt>
   <trkpt lat="25.0333890" lon="121.5967210">
    <ele>203.1</ele>
    <time>2026-07-26T07:52:00Z</time>
   </trkpt>
   <trkpt lat="25.0333840" lon="121.5967230">
    <ele>203.2</ele>
    <time>2026-07-26T07:52:01Z</time>
   </trkpt>
   <trkpt lat="25.0333730" lon="121.5967220">
    <ele>203.2</ele>
    <time>2026-07-26T07:52:02Z</time>
   </trkpt>
   <trkpt lat="25.0333640" lon="121.5967200">
    <ele>203.3</ele>
    <time>2026-07-26T07:52:03Z</time>
   </trkpt>
   <trkpt lat="25.0333500" lon="121.5967150">
    <ele>203.3</ele>
    <time>2026-07-26T07:52:04Z</time>
   </trkpt>
   <trkpt lat="25.0333330" lon="121.5967090">
    <ele>203.4</ele>
    <time>2026-07-26T07:52:05Z</time>
   </trkpt>
   <trkpt lat="25.0333240" lon="121.5966990">
    <ele>203.5</ele>
    <time>2026-07-26T07:52:06Z</time>
   </trkpt>
   <trkpt lat="25.0333220" lon="121.5966920">
    <ele>203.5</ele>
    <time>2026-07-26T07:52:07Z</time>
   </trkpt>
   <trkpt lat="25.0333150" lon="121.5966830">
    <ele>203.5</ele>
    <time>2026-07-26T07:52:08Z</time>
   </trkpt>
   <trkpt lat="25.0333110" lon="121.5966700">
    <ele>203.5</ele>
    <time>2026-07-26T07:52:09Z</time>
   </trkpt>
   <trkpt lat="25.0333090" lon="121.5966580">
    <ele>203.6</ele>
    <time>2026-07-26T07:52:10Z</time>
   </trkpt>
   <trkpt lat="25.0333070" lon="121.5966450">
    <ele>203.6</ele>
    <time>2026-07-26T07:52:11Z</time>
   </trkpt>
   <trkpt lat="25.0333000" lon="121.5966290">
    <ele>203.6</ele>
    <time>2026-07-26T07:52:12Z</time>
   </trkpt>
   <trkpt lat="25.0332940" lon="121.5966110">
    <ele>203.6</ele>
    <time>2026-07-26T07:52:13Z</time>
   </trkpt>
   <trkpt lat="25.0332880" lon="121.5965990">
    <ele>203.6</ele>
    <time>2026-07-26T07:52:14Z</time>
   </trkpt>
   <trkpt lat="25.0332850" lon="121.5965880">
    <ele>203.7</ele>
    <time>2026-07-26T07:52:15Z</time>
   </trkpt>
   <trkpt lat="25.0332820" lon="121.5965790">
    <ele>203.7</ele>
    <time>2026-07-26T07:52:16Z</time>
   </trkpt>
   <trkpt lat="25.0332780" lon="121.5965680">
    <ele>203.7</ele>
    <time>2026-07-26T07:52:17Z</time>
   </trkpt>
   <trkpt lat="25.0332750" lon="121.5965570">
    <ele>203.7</ele>
    <time>2026-07-26T07:52:18Z</time>
   </trkpt>
   <trkpt lat="25.0332700" lon="121.5965390">
    <ele>203.7</ele>
    <time>2026-07-26T07:52:19Z</time>
   </trkpt>
   <trkpt lat="25.0332660" lon="121.5965260">
    <ele>203.7</ele>
    <time>2026-07-26T07:52:20Z</time>
   </trkpt>
   <trkpt lat="25.0332650" lon="121.5965130">
    <ele>203.7</ele>
    <time>2026-07-26T07:52:21Z</time>
   </trkpt>
   <trkpt lat="25.0332610" lon="121.5964920">
    <ele>203.7</ele>
    <time>2026-07-26T07:52:22Z</time>
   </trkpt>
   <trkpt lat="25.0332570" lon="121.5964740">
    <ele>203.8</ele>
    <time>2026-07-26T07:52:23Z</time>
   </trkpt>
   <trkpt lat="25.0332540" lon="121.5964580">
    <ele>203.9</ele>
    <time>2026-07-26T07:52:24Z</time>
   </trkpt>
   <trkpt lat="25.0332470" lon="121.5964380">
    <ele>204.0</ele>
    <time>2026-07-26T07:52:25Z</time>
   </trkpt>
   <trkpt lat="25.0332350" lon="121.5964220">
    <ele>204.2</ele>
    <time>2026-07-26T07:52:26Z</time>
   </trkpt>
   <trkpt lat="25.0332230" lon="121.5964120">
    <ele>204.4</ele>
    <time>2026-07-26T07:52:27Z</time>
   </trkpt>
   <trkpt lat="25.0332120" lon="121.5964070">
    <ele>204.5</ele>
    <time>2026-07-26T07:52:28Z</time>
   </trkpt>
   <trkpt lat="25.0332000" lon="121.5964080">
    <ele>204.6</ele>
    <time>2026-07-26T07:52:29Z</time>
   </trkpt>
   <trkpt lat="25.0331860" lon="121.5964090">
    <ele>204.8</ele>
    <time>2026-07-26T07:52:30Z</time>
   </trkpt>
   <trkpt lat="25.0331690" lon="121.5964150">
    <ele>205.0</ele>
    <time>2026-07-26T07:52:31Z</time>
   </trkpt>
   <trkpt lat="25.0331580" lon="121.5964230">
    <ele>205.2</ele>
    <time>2026-07-26T07:52:32Z</time>
   </trkpt>
   <trkpt lat="25.0331490" lon="121.5964280">
    <ele>205.3</ele>
    <time>2026-07-26T07:52:33Z</time>
   </trkpt>
   <trkpt lat="25.0331400" lon="121.5964370">
    <ele>205.5</ele>
    <time>2026-07-26T07:52:34Z</time>
   </trkpt>
   <trkpt lat="25.0331340" lon="121.5964360">
    <ele>205.6</ele>
    <time>2026-07-26T07:52:35Z</time>
   </trkpt>
   <trkpt lat="25.0331280" lon="121.5964390">
    <ele>205.7</ele>
    <time>2026-07-26T07:52:36Z</time>
   </trkpt>
   <trkpt lat="25.0331150" lon="121.5964430">
    <ele>205.9</ele>
    <time>2026-07-26T07:52:37Z</time>
   </trkpt>
   <trkpt lat="25.0331030" lon="121.5964450">
    <ele>206.1</ele>
    <time>2026-07-26T07:52:38Z</time>
   </trkpt>
   <trkpt lat="25.0330940" lon="121.5964450">
    <ele>206.3</ele>
    <time>2026-07-26T07:52:39Z</time>
   </trkpt>
   <trkpt lat="25.0330790" lon="121.5964420">
    <ele>206.6</ele>
    <time>2026-07-26T07:52:40Z</time>
   </trkpt>
   <trkpt lat="25.0330700" lon="121.5964350">
    <ele>206.7</ele>
    <time>2026-07-26T07:52:41Z</time>
   </trkpt>
   <trkpt lat="25.0330530" lon="121.5964300">
    <ele>207.1</ele>
    <time>2026-07-26T07:52:42Z</time>
   </trkpt>
   <trkpt lat="25.0330520" lon="121.5964210">
    <ele>207.2</ele>
    <time>2026-07-26T07:52:43Z</time>
   </trkpt>
   <trkpt lat="25.0330530" lon="121.5964080">
    <ele>207.5</ele>
    <time>2026-07-26T07:52:44Z</time>
   </trkpt>
   <trkpt lat="25.0330550" lon="121.5963990">
    <ele>207.6</ele>
    <time>2026-07-26T07:52:45Z</time>
   </trkpt>
   <trkpt lat="25.0330550" lon="121.5963870">
    <ele>207.8</ele>
    <time>2026-07-26T07:52:46Z</time>
   </trkpt>
   <trkpt lat="25.0330590" lon="121.5963730">
    <ele>208.1</ele>
    <time>2026-07-26T07:52:47Z</time>
   </trkpt>
   <trkpt lat="25.0330650" lon="121.5963660">
    <ele>208.2</ele>
    <time>2026-07-26T07:52:48Z</time>
   </trkpt>
   <trkpt lat="25.0330700" lon="121.5963600">
    <ele>208.4</ele>
    <time>2026-07-26T07:52:49Z</time>
   </trkpt>
   <trkpt lat="25.0330740" lon="121.5963500">
    <ele>208.6</ele>
    <time>2026-07-26T07:52:50Z</time>
   </trkpt>
   <trkpt lat="25.0330810" lon="121.5963400">
    <ele>208.8</ele>
    <time>2026-07-26T07:52:51Z</time>
   </trkpt>
   <trkpt lat="25.0330880" lon="121.5963290">
    <ele>209.0</ele>
    <time>2026-07-26T07:52:52Z</time>
   </trkpt>
   <trkpt lat="25.0330950" lon="121.5963240">
    <ele>209.2</ele>
    <time>2026-07-26T07:52:53Z</time>
   </trkpt>
   <trkpt lat="25.0330990" lon="121.5963130">
    <ele>209.4</ele>
    <time>2026-07-26T07:52:54Z</time>
   </trkpt>
   <trkpt lat="25.0330990" lon="121.5963040">
    <ele>209.5</ele>
    <time>2026-07-26T07:52:55Z</time>
   </trkpt>
   <trkpt lat="25.0331050" lon="121.5962930">
    <ele>209.8</ele>
    <time>2026-07-26T07:52:56Z</time>
   </trkpt>
   <trkpt lat="25.0331100" lon="121.5962820">
    <ele>210.0</ele>
    <time>2026-07-26T07:52:57Z</time>
   </trkpt>
   <trkpt lat="25.0331090" lon="121.5962710">
    <ele>210.2</ele>
    <time>2026-07-26T07:52:58Z</time>
   </trkpt>
   <trkpt lat="25.0331090" lon="121.5962580">
    <ele>210.4</ele>
    <time>2026-07-26T07:52:59Z</time>
   </trkpt>
   <trkpt lat="25.0331050" lon="121.5962500">
    <ele>210.5</ele>
    <time>2026-07-26T07:53:00Z</time>
   </trkpt>
   <trkpt lat="25.0331010" lon="121.5962400">
    <ele>210.5</ele>
    <time>2026-07-26T07:53:01Z</time>
   </trkpt>
   <trkpt lat="25.0330990" lon="121.5962320">
    <ele>210.5</ele>
    <time>2026-07-26T07:53:02Z</time>
   </trkpt>
   <trkpt lat="25.0330950" lon="121.5962240">
    <ele>210.6</ele>
    <time>2026-07-26T07:53:03Z</time>
   </trkpt>
   <trkpt lat="25.0330860" lon="121.5962120">
    <ele>210.7</ele>
    <time>2026-07-26T07:53:04Z</time>
   </trkpt>
   <trkpt lat="25.0330780" lon="121.5961980">
    <ele>210.7</ele>
    <time>2026-07-26T07:53:05Z</time>
   </trkpt>
   <trkpt lat="25.0330710" lon="121.5961870">
    <ele>210.8</ele>
    <time>2026-07-26T07:53:06Z</time>
   </trkpt>
   <trkpt lat="25.0330630" lon="121.5961770">
    <ele>210.9</ele>
    <time>2026-07-26T07:53:07Z</time>
   </trkpt>
   <trkpt lat="25.0330550" lon="121.5961710">
    <ele>210.9</ele>
    <time>2026-07-26T07:53:08Z</time>
   </trkpt>
   <trkpt lat="25.0330470" lon="121.5961590">
    <ele>211.0</ele>
    <time>2026-07-26T07:53:09Z</time>
   </trkpt>
   <trkpt lat="25.0330380" lon="121.5961450">
    <ele>211.0</ele>
    <time>2026-07-26T07:53:10Z</time>
   </trkpt>
   <trkpt lat="25.0330260" lon="121.5961350">
    <ele>211.1</ele>
    <time>2026-07-26T07:53:11Z</time>
   </trkpt>
   <trkpt lat="25.0330160" lon="121.5961190">
    <ele>211.1</ele>
    <time>2026-07-26T07:53:12Z</time>
   </trkpt>
   <trkpt lat="25.0330090" lon="121.5961050">
    <ele>211.1</ele>
    <time>2026-07-26T07:53:13Z</time>
   </trkpt>
   <trkpt lat="25.0329990" lon="121.5960820">
    <ele>211.2</ele>
    <time>2026-07-26T07:53:14Z</time>
   </trkpt>
   <trkpt lat="25.0329950" lon="121.5960750">
    <ele>211.2</ele>
    <time>2026-07-26T07:53:15Z</time>
   </trkpt>
   <trkpt lat="25.0329920" lon="121.5960710">
    <ele>211.2</ele>
    <time>2026-07-26T07:53:16Z</time>
   </trkpt>
   <trkpt lat="25.0329870" lon="121.5960610">
    <ele>211.2</ele>
    <time>2026-07-26T07:53:17Z</time>
   </trkpt>
   <trkpt lat="25.0329810" lon="121.5960490">
    <ele>211.2</ele>
    <time>2026-07-26T07:53:18Z</time>
   </trkpt>
   <trkpt lat="25.0329770" lon="121.5960450">
    <ele>211.2</ele>
    <time>2026-07-26T07:53:19Z</time>
   </trkpt>
   <trkpt lat="25.0329730" lon="121.5960370">
    <ele>211.2</ele>
    <time>2026-07-26T07:53:20Z</time>
   </trkpt>
   <trkpt lat="25.0329690" lon="121.5960270">
    <ele>211.1</ele>
    <time>2026-07-26T07:53:21Z</time>
   </trkpt>
   <trkpt lat="25.0329660" lon="121.5960130">
    <ele>211.1</ele>
    <time>2026-07-26T07:53:22Z</time>
   </trkpt>
   <trkpt lat="25.0329610" lon="121.5959910">
    <ele>211.1</ele>
    <time>2026-07-26T07:53:23Z</time>
   </trkpt>
   <trkpt lat="25.0329620" lon="121.5959730">
    <ele>211.0</ele>
    <time>2026-07-26T07:53:24Z</time>
   </trkpt>
   <trkpt lat="25.0329680" lon="121.5959620">
    <ele>211.0</ele>
    <time>2026-07-26T07:53:25Z</time>
   </trkpt>
   <trkpt lat="25.0329760" lon="121.5959520">
    <ele>210.9</ele>
    <time>2026-07-26T07:53:26Z</time>
   </trkpt>
   <trkpt lat="25.0329840" lon="121.5959400">
    <ele>210.9</ele>
    <time>2026-07-26T07:53:27Z</time>
   </trkpt>
   <trkpt lat="25.0329920" lon="121.5959240">
    <ele>210.8</ele>
    <time>2026-07-26T07:53:28Z</time>
   </trkpt>
   <trkpt lat="25.0330020" lon="121.5959120">
    <ele>210.7</ele>
    <time>2026-07-26T07:53:29Z</time>
   </trkpt>
   <trkpt lat="25.0330070" lon="121.5959000">
    <ele>210.7</ele>
    <time>2026-07-26T07:53:30Z</time>
   </trkpt>
   <trkpt lat="25.0330160" lon="121.5958900">
    <ele>210.6</ele>
    <time>2026-07-26T07:53:31Z</time>
   </trkpt>
   <trkpt lat="25.0330210" lon="121.5958780">
    <ele>210.5</ele>
    <time>2026-07-26T07:53:32Z</time>
   </trkpt>
   <trkpt lat="25.0330300" lon="121.5958630">
    <ele>210.4</ele>
    <time>2026-07-26T07:53:33Z</time>
   </trkpt>
   <trkpt lat="25.0330330" lon="121.5958440">
    <ele>210.3</ele>
    <time>2026-07-26T07:53:34Z</time>
   </trkpt>
   <trkpt lat="25.0330380" lon="121.5958290">
    <ele>210.2</ele>
    <time>2026-07-26T07:53:35Z</time>
   </trkpt>
   <trkpt lat="25.0330360" lon="121.5958150">
    <ele>210.1</ele>
    <time>2026-07-26T07:53:36Z</time>
   </trkpt>
   <trkpt lat="25.0330380" lon="121.5957980">
    <ele>210.0</ele>
    <time>2026-07-26T07:53:37Z</time>
   </trkpt>
   <trkpt lat="25.0330350" lon="121.5957830">
    <ele>209.9</ele>
    <time>2026-07-26T07:53:38Z</time>
   </trkpt>
   <trkpt lat="25.0330320" lon="121.5957640">
    <ele>209.8</ele>
    <time>2026-07-26T07:53:39Z</time>
   </trkpt>
   <trkpt lat="25.0330270" lon="121.5957490">
    <ele>209.7</ele>
    <time>2026-07-26T07:53:40Z</time>
   </trkpt>
   <trkpt lat="25.0330200" lon="121.5957340">
    <ele>209.6</ele>
    <time>2026-07-26T07:53:42Z</time>
   </trkpt>
   <trkpt lat="25.0330160" lon="121.5957120">
    <ele>209.4</ele>
    <time>2026-07-26T07:53:43Z</time>
   </trkpt>
   <trkpt lat="25.0330060" lon="121.5956980">
    <ele>209.3</ele>
    <time>2026-07-26T07:53:44Z</time>
   </trkpt>
   <trkpt lat="25.0329970" lon="121.5956880">
    <ele>209.1</ele>
    <time>2026-07-26T07:53:45Z</time>
   </trkpt>
   <trkpt lat="25.0329910" lon="121.5956770">
    <ele>208.9</ele>
    <time>2026-07-26T07:53:46Z</time>
   </trkpt>
   <trkpt lat="25.0329890" lon="121.5956610">
    <ele>208.6</ele>
    <time>2026-07-26T07:53:47Z</time>
   </trkpt>
   <trkpt lat="25.0329860" lon="121.5956460">
    <ele>208.3</ele>
    <time>2026-07-26T07:53:48Z</time>
   </trkpt>
   <trkpt lat="25.0329840" lon="121.5956330">
    <ele>208.1</ele>
    <time>2026-07-26T07:53:49Z</time>
   </trkpt>
   <trkpt lat="25.0329810" lon="121.5956230">
    <ele>207.9</ele>
    <time>2026-07-26T07:53:50Z</time>
   </trkpt>
   <trkpt lat="25.0329770" lon="121.5956160">
    <ele>207.8</ele>
    <time>2026-07-26T07:53:51Z</time>
   </trkpt>
   <trkpt lat="25.0329750" lon="121.5956060">
    <ele>207.6</ele>
    <time>2026-07-26T07:53:52Z</time>
   </trkpt>
   <trkpt lat="25.0329750" lon="121.5955960">
    <ele>207.4</ele>
    <time>2026-07-26T07:53:53Z</time>
   </trkpt>
   <trkpt lat="25.0329760" lon="121.5955810">
    <ele>207.0</ele>
    <time>2026-07-26T07:53:54Z</time>
   </trkpt>
   <trkpt lat="25.0329760" lon="121.5955700">
    <ele>206.8</ele>
    <time>2026-07-26T07:53:55Z</time>
   </trkpt>
   <trkpt lat="25.0329740" lon="121.5955570">
    <ele>206.5</ele>
    <time>2026-07-26T07:53:56Z</time>
   </trkpt>
   <trkpt lat="25.0329730" lon="121.5955460">
    <ele>206.3</ele>
    <time>2026-07-26T07:53:57Z</time>
   </trkpt>
   <trkpt lat="25.0329750" lon="121.5955300">
    <ele>205.9</ele>
    <time>2026-07-26T07:53:58Z</time>
   </trkpt>
   <trkpt lat="25.0329720" lon="121.5955120">
    <ele>205.5</ele>
    <time>2026-07-26T07:53:59Z</time>
   </trkpt>
   <trkpt lat="25.0329690" lon="121.5954970">
    <ele>205.1</ele>
    <time>2026-07-26T07:54:00Z</time>
   </trkpt>
   <trkpt lat="25.0329720" lon="121.5954890">
    <ele>204.9</ele>
    <time>2026-07-26T07:54:01Z</time>
   </trkpt>
   <trkpt lat="25.0329730" lon="121.5954780">
    <ele>204.7</ele>
    <time>2026-07-26T07:54:02Z</time>
   </trkpt>
   <trkpt lat="25.0329730" lon="121.5954570">
    <ele>204.2</ele>
    <time>2026-07-26T07:54:03Z</time>
   </trkpt>
   <trkpt lat="25.0329690" lon="121.5954420">
    <ele>203.8</ele>
    <time>2026-07-26T07:54:04Z</time>
   </trkpt>
   <trkpt lat="25.0329640" lon="121.5954290">
    <ele>203.5</ele>
    <time>2026-07-26T07:54:05Z</time>
   </trkpt>
   <trkpt lat="25.0329590" lon="121.5954160">
    <ele>203.1</ele>
    <time>2026-07-26T07:54:06Z</time>
   </trkpt>
   <trkpt lat="25.0329560" lon="121.5954040">
    <ele>202.9</ele>
    <time>2026-07-26T07:54:07Z</time>
   </trkpt>
   <trkpt lat="25.0329490" lon="121.5953910">
    <ele>202.5</ele>
    <time>2026-07-26T07:54:08Z</time>
   </trkpt>
   <trkpt lat="25.0329410" lon="121.5953770">
    <ele>202.2</ele>
    <time>2026-07-26T07:54:09Z</time>
   </trkpt>
   <trkpt lat="25.0329400" lon="121.5953700">
    <ele>202.0</ele>
    <time>2026-07-26T07:54:10Z</time>
   </trkpt>
   <trkpt lat="25.0329350" lon="121.5953640">
    <ele>201.8</ele>
    <time>2026-07-26T07:54:11Z</time>
   </trkpt>
   <trkpt lat="25.0329170" lon="121.5953540">
    <ele>201.3</ele>
    <time>2026-07-26T07:54:12Z</time>
   </trkpt>
   <trkpt lat="25.0329150" lon="121.5953540">
    <ele>201.3</ele>
    <time>2026-07-26T07:54:13Z</time>
   </trkpt>
   <trkpt lat="25.0329140" lon="121.5953510">
    <ele>201.2</ele>
    <time>2026-07-26T07:54:14Z</time>
   </trkpt>
   <trkpt lat="25.0329070" lon="121.5953450">
    <ele>201.0</ele>
    <time>2026-07-26T07:54:15Z</time>
   </trkpt>
   <trkpt lat="25.0328970" lon="121.5953390">
    <ele>200.7</ele>
    <time>2026-07-26T07:54:16Z</time>
   </trkpt>
   <trkpt lat="25.0328970" lon="121.5953350">
    <ele>200.7</ele>
    <time>2026-07-26T07:54:17Z</time>
   </trkpt>
   <trkpt lat="25.0328970" lon="121.5953280">
    <ele>200.6</ele>
    <time>2026-07-26T07:54:18Z</time>
   </trkpt>
   <trkpt lat="25.0328910" lon="121.5953150">
    <ele>200.5</ele>
    <time>2026-07-26T07:54:19Z</time>
   </trkpt>
   <trkpt lat="25.0328900" lon="121.5952980">
    <ele>200.3</ele>
    <time>2026-07-26T07:54:20Z</time>
   </trkpt>
   <trkpt lat="25.0328920" lon="121.5952840">
    <ele>200.2</ele>
    <time>2026-07-26T07:54:21Z</time>
   </trkpt>
   <trkpt lat="25.0328870" lon="121.5952690">
    <ele>200.1</ele>
    <time>2026-07-26T07:54:22Z</time>
   </trkpt>
   <trkpt lat="25.0328840" lon="121.5952520">
    <ele>200.0</ele>
    <time>2026-07-26T07:54:23Z</time>
   </trkpt>
   <trkpt lat="25.0328840" lon="121.5952410">
    <ele>199.9</ele>
    <time>2026-07-26T07:54:24Z</time>
   </trkpt>
   <trkpt lat="25.0328850" lon="121.5952330">
    <ele>199.8</ele>
    <time>2026-07-26T07:54:25Z</time>
   </trkpt>
   <trkpt lat="25.0328820" lon="121.5952260">
    <ele>199.8</ele>
    <time>2026-07-26T07:54:26Z</time>
   </trkpt>
   <trkpt lat="25.0328770" lon="121.5952100">
    <ele>199.6</ele>
    <time>2026-07-26T07:54:27Z</time>
   </trkpt>
   <trkpt lat="25.0328730" lon="121.5951960">
    <ele>199.5</ele>
    <time>2026-07-26T07:54:28Z</time>
   </trkpt>
   <trkpt lat="25.0328680" lon="121.5951810">
    <ele>199.4</ele>
    <time>2026-07-26T07:54:29Z</time>
   </trkpt>
   <trkpt lat="25.0328640" lon="121.5951690">
    <ele>199.4</ele>
    <time>2026-07-26T07:54:30Z</time>
   </trkpt>
   <trkpt lat="25.0328550" lon="121.5951530">
    <ele>199.3</ele>
    <time>2026-07-26T07:54:31Z</time>
   </trkpt>
   <trkpt lat="25.0328520" lon="121.5951430">
    <ele>199.2</ele>
    <time>2026-07-26T07:54:32Z</time>
   </trkpt>
   <trkpt lat="25.0328490" lon="121.5951260">
    <ele>199.1</ele>
    <time>2026-07-26T07:54:33Z</time>
   </trkpt>
   <trkpt lat="25.0328410" lon="121.5951140">
    <ele>199.0</ele>
    <time>2026-07-26T07:54:34Z</time>
   </trkpt>
   <trkpt lat="25.0328300" lon="121.5951000">
    <ele>198.9</ele>
    <time>2026-07-26T07:54:35Z</time>
   </trkpt>
   <trkpt lat="25.0328270" lon="121.5950940">
    <ele>198.9</ele>
    <time>2026-07-26T07:54:36Z</time>
   </trkpt>
   <trkpt lat="25.0328190" lon="121.5950730">
    <ele>198.8</ele>
    <time>2026-07-26T07:54:37Z</time>
   </trkpt>
   <trkpt lat="25.0328090" lon="121.5950610">
    <ele>198.7</ele>
    <time>2026-07-26T07:54:38Z</time>
   </trkpt>
   <trkpt lat="25.0328040" lon="121.5950610">
    <ele>198.7</ele>
    <time>2026-07-26T07:54:39Z</time>
   </trkpt>
   <trkpt lat="25.0328030" lon="121.5950470">
    <ele>198.6</ele>
    <time>2026-07-26T07:54:40Z</time>
   </trkpt>
   <trkpt lat="25.0327930" lon="121.5950300">
    <ele>198.5</ele>
    <time>2026-07-26T07:54:41Z</time>
   </trkpt>
   <trkpt lat="25.0327860" lon="121.5950190">
    <ele>198.5</ele>
    <time>2026-07-26T07:54:42Z</time>
   </trkpt>
   <trkpt lat="25.0327800" lon="121.5950040">
    <ele>198.4</ele>
    <time>2026-07-26T07:54:43Z</time>
   </trkpt>
   <trkpt lat="25.0327770" lon="121.5949900">
    <ele>198.3</ele>
    <time>2026-07-26T07:54:44Z</time>
   </trkpt>
   <trkpt lat="25.0327740" lon="121.5949770">
    <ele>198.2</ele>
    <time>2026-07-26T07:54:45Z</time>
   </trkpt>
   <trkpt lat="25.0327750" lon="121.5949640">
    <ele>198.2</ele>
    <time>2026-07-26T07:54:46Z</time>
   </trkpt>
   <trkpt lat="25.0327750" lon="121.5949490">
    <ele>198.1</ele>
    <time>2026-07-26T07:54:47Z</time>
   </trkpt>
   <trkpt lat="25.0327790" lon="121.5949280">
    <ele>198.0</ele>
    <time>2026-07-26T07:54:48Z</time>
   </trkpt>
   <trkpt lat="25.0327790" lon="121.5949150">
    <ele>197.9</ele>
    <time>2026-07-26T07:54:49Z</time>
   </trkpt>
   <trkpt lat="25.0327770" lon="121.5949060">
    <ele>197.9</ele>
    <time>2026-07-26T07:54:50Z</time>
   </trkpt>
   <trkpt lat="25.0327820" lon="121.5948950">
    <ele>197.8</ele>
    <time>2026-07-26T07:54:51Z</time>
   </trkpt>
   <trkpt lat="25.0327890" lon="121.5948820">
    <ele>197.8</ele>
    <time>2026-07-26T07:54:52Z</time>
   </trkpt>
   <trkpt lat="25.0327970" lon="121.5948660">
    <ele>197.7</ele>
    <time>2026-07-26T07:54:53Z</time>
   </trkpt>
   <trkpt lat="25.0328030" lon="121.5948550">
    <ele>197.6</ele>
    <time>2026-07-26T07:54:54Z</time>
   </trkpt>
   <trkpt lat="25.0328060" lon="121.5948400">
    <ele>197.5</ele>
    <time>2026-07-26T07:54:55Z</time>
   </trkpt>
   <trkpt lat="25.0328070" lon="121.5948270">
    <ele>197.5</ele>
    <time>2026-07-26T07:54:56Z</time>
   </trkpt>
   <trkpt lat="25.0328150" lon="121.5948110">
    <ele>197.4</ele>
    <time>2026-07-26T07:54:57Z</time>
   </trkpt>
   <trkpt lat="25.0328160" lon="121.5947980">
    <ele>197.3</ele>
    <time>2026-07-26T07:54:58Z</time>
   </trkpt>
   <trkpt lat="25.0328180" lon="121.5947770">
    <ele>197.2</ele>
    <time>2026-07-26T07:54:59Z</time>
   </trkpt>
   <trkpt lat="25.0328180" lon="121.5947670">
    <ele>197.2</ele>
    <time>2026-07-26T07:55:00Z</time>
   </trkpt>
   <trkpt lat="25.0328160" lon="121.5947600">
    <ele>197.1</ele>
    <time>2026-07-26T07:55:01Z</time>
   </trkpt>
   <trkpt lat="25.0328130" lon="121.5947500">
    <ele>197.1</ele>
    <time>2026-07-26T07:55:02Z</time>
   </trkpt>
   <trkpt lat="25.0328090" lon="121.5947420">
    <ele>197.0</ele>
    <time>2026-07-26T07:55:03Z</time>
   </trkpt>
   <trkpt lat="25.0328040" lon="121.5947330">
    <ele>197.0</ele>
    <time>2026-07-26T07:55:04Z</time>
   </trkpt>
   <trkpt lat="25.0328010" lon="121.5947250">
    <ele>196.9</ele>
    <time>2026-07-26T07:55:05Z</time>
   </trkpt>
   <trkpt lat="25.0327870" lon="121.5947090">
    <ele>196.8</ele>
    <time>2026-07-26T07:55:06Z</time>
   </trkpt>
   <trkpt lat="25.0327840" lon="121.5946950">
    <ele>196.7</ele>
    <time>2026-07-26T07:55:07Z</time>
   </trkpt>
   <trkpt lat="25.0327780" lon="121.5946940">
    <ele>196.7</ele>
    <time>2026-07-26T07:55:08Z</time>
   </trkpt>
   <trkpt lat="25.0327670" lon="121.5946850">
    <ele>196.6</ele>
    <time>2026-07-26T07:55:09Z</time>
   </trkpt>
   <trkpt lat="25.0327420" lon="121.5946780">
    <ele>196.5</ele>
    <time>2026-07-26T07:55:10Z</time>
   </trkpt>
   <trkpt lat="25.0327220" lon="121.5946700">
    <ele>196.4</ele>
    <time>2026-07-26T07:55:11Z</time>
   </trkpt>
   <trkpt lat="25.0327130" lon="121.5946670">
    <ele>196.3</ele>
    <time>2026-07-26T07:55:12Z</time>
   </trkpt>
   <trkpt lat="25.0327100" lon="121.5946530">
    <ele>196.3</ele>
    <time>2026-07-26T07:55:13Z</time>
   </trkpt>
   <trkpt lat="25.0327070" lon="121.5946360">
    <ele>196.3</ele>
    <time>2026-07-26T07:55:14Z</time>
   </trkpt>
   <trkpt lat="25.0326990" lon="121.5946190">
    <ele>196.2</ele>
    <time>2026-07-26T07:55:15Z</time>
   </trkpt>
   <trkpt lat="25.0327050" lon="121.5946000">
    <ele>196.2</ele>
    <time>2026-07-26T07:55:16Z</time>
   </trkpt>
   <trkpt lat="25.0327130" lon="121.5945890">
    <ele>196.2</ele>
    <time>2026-07-26T07:55:17Z</time>
   </trkpt>
   <trkpt lat="25.0327210" lon="121.5945760">
    <ele>196.1</ele>
    <time>2026-07-26T07:55:18Z</time>
   </trkpt>
   <trkpt lat="25.0327260" lon="121.5945660">
    <ele>196.1</ele>
    <time>2026-07-26T07:55:19Z</time>
   </trkpt>
   <trkpt lat="25.0327280" lon="121.5945660">
    <ele>196.1</ele>
    <time>2026-07-26T07:55:20Z</time>
   </trkpt>
   <trkpt lat="25.0327290" lon="121.5945680">
    <ele>196.1</ele>
    <time>2026-07-26T07:55:21Z</time>
   </trkpt>
   <trkpt lat="25.0327320" lon="121.5945620">
    <ele>196.1</ele>
    <time>2026-07-26T07:55:22Z</time>
   </trkpt>
   <trkpt lat="25.0327290" lon="121.5945640">
    <ele>196.1</ele>
    <time>2026-07-26T07:55:23Z</time>
   </trkpt>
   <trkpt lat="25.0327310" lon="121.5945610">
    <ele>196.1</ele>
    <time>2026-07-26T07:55:24Z</time>
   </trkpt>
   <trkpt lat="25.0327280" lon="121.5945450">
    <ele>196.1</ele>
    <time>2026-07-26T07:55:25Z</time>
   </trkpt>
   <trkpt lat="25.0327330" lon="121.5945390">
    <ele>196.1</ele>
    <time>2026-07-26T07:55:26Z</time>
   </trkpt>
   <trkpt lat="25.0327350" lon="121.5945260">
    <ele>196.0</ele>
    <time>2026-07-26T07:55:27Z</time>
   </trkpt>
   <trkpt lat="25.0327370" lon="121.5945110">
    <ele>196.0</ele>
    <time>2026-07-26T07:55:28Z</time>
   </trkpt>
   <trkpt lat="25.0327370" lon="121.5945020">
    <ele>196.0</ele>
    <time>2026-07-26T07:55:29Z</time>
   </trkpt>
   <trkpt lat="25.0327340" lon="121.5944850">
    <ele>196.0</ele>
    <time>2026-07-26T07:55:30Z</time>
   </trkpt>
   <trkpt lat="25.0327330" lon="121.5944730">
    <ele>196.0</ele>
    <time>2026-07-26T07:55:31Z</time>
   </trkpt>
   <trkpt lat="25.0327300" lon="121.5944530">
    <ele>195.9</ele>
    <time>2026-07-26T07:55:32Z</time>
   </trkpt>
   <trkpt lat="25.0327280" lon="121.5944440">
    <ele>195.9</ele>
    <time>2026-07-26T07:55:33Z</time>
   </trkpt>
   <trkpt lat="25.0327230" lon="121.5944370">
    <ele>195.9</ele>
    <time>2026-07-26T07:55:34Z</time>
   </trkpt>
   <trkpt lat="25.0327190" lon="121.5944210">
    <ele>195.9</ele>
    <time>2026-07-26T07:55:35Z</time>
   </trkpt>
   <trkpt lat="25.0327150" lon="121.5944120">
    <ele>195.9</ele>
    <time>2026-07-26T07:55:36Z</time>
   </trkpt>
   <trkpt lat="25.0327110" lon="121.5943990">
    <ele>195.9</ele>
    <time>2026-07-26T07:55:37Z</time>
   </trkpt>
   <trkpt lat="25.0327080" lon="121.5943860">
    <ele>195.9</ele>
    <time>2026-07-26T07:55:38Z</time>
   </trkpt>
   <trkpt lat="25.0327040" lon="121.5943720">
    <ele>195.9</ele>
    <time>2026-07-26T07:55:39Z</time>
   </trkpt>
   <trkpt lat="25.0327040" lon="121.5943600">
    <ele>196.0</ele>
    <time>2026-07-26T07:55:40Z</time>
   </trkpt>
   <trkpt lat="25.0327040" lon="121.5943520">
    <ele>196.1</ele>
    <time>2026-07-26T07:55:41Z</time>
   </trkpt>
   <trkpt lat="25.0327030" lon="121.5943470">
    <ele>196.2</ele>
    <time>2026-07-26T07:55:42Z</time>
   </trkpt>
   <trkpt lat="25.0326970" lon="121.5943360">
    <ele>196.4</ele>
    <time>2026-07-26T07:55:43Z</time>
   </trkpt>
   <trkpt lat="25.0326870" lon="121.5943240">
    <ele>196.6</ele>
    <time>2026-07-26T07:55:44Z</time>
   </trkpt>
   <trkpt lat="25.0326800" lon="121.5943140">
    <ele>196.8</ele>
    <time>2026-07-26T07:55:45Z</time>
   </trkpt>
   <trkpt lat="25.0326760" lon="121.5943020">
    <ele>197.0</ele>
    <time>2026-07-26T07:55:46Z</time>
   </trkpt>
   <trkpt lat="25.0326700" lon="121.5942880">
    <ele>197.2</ele>
    <time>2026-07-26T07:55:48Z</time>
   </trkpt>
   <trkpt lat="25.0326660" lon="121.5942810">
    <ele>197.4</ele>
    <time>2026-07-26T07:55:49Z</time>
   </trkpt>
   <trkpt lat="25.0326590" lon="121.5942760">
    <ele>197.5</ele>
    <time>2026-07-26T07:55:50Z</time>
   </trkpt>
   <trkpt lat="25.0326560" lon="121.5942630">
    <ele>197.7</ele>
    <time>2026-07-26T07:55:51Z</time>
   </trkpt>
   <trkpt lat="25.0326500" lon="121.5942510">
    <ele>197.9</ele>
    <time>2026-07-26T07:55:52Z</time>
   </trkpt>
   <trkpt lat="25.0326410" lon="121.5942490">
    <ele>198.1</ele>
    <time>2026-07-26T07:55:53Z</time>
   </trkpt>
   <trkpt lat="25.0326310" lon="121.5942380">
    <ele>198.3</ele>
    <time>2026-07-26T07:55:54Z</time>
   </trkpt>
   <trkpt lat="25.0326280" lon="121.5942290">
    <ele>198.5</ele>
    <time>2026-07-26T07:55:55Z</time>
   </trkpt>
   <trkpt lat="25.0326170" lon="121.5942200">
    <ele>198.7</ele>
    <time>2026-07-26T07:55:56Z</time>
   </trkpt>
   <trkpt lat="25.0326090" lon="121.5942110">
    <ele>198.9</ele>
    <time>2026-07-26T07:55:57Z</time>
   </trkpt>
   <trkpt lat="25.0326060" lon="121.5941990">
    <ele>199.1</ele>
    <time>2026-07-26T07:55:58Z</time>
   </trkpt>
   <trkpt lat="25.0326040" lon="121.5941910">
    <ele>199.2</ele>
    <time>2026-07-26T07:55:59Z</time>
   </trkpt>
   <trkpt lat="25.0325970" lon="121.5941820">
    <ele>199.4</ele>
    <time>2026-07-26T07:56:00Z</time>
   </trkpt>
   <trkpt lat="25.0325890" lon="121.5941670">
    <ele>199.6</ele>
    <time>2026-07-26T07:56:01Z</time>
   </trkpt>
   <trkpt lat="25.0325800" lon="121.5941580">
    <ele>199.8</ele>
    <time>2026-07-26T07:56:02Z</time>
   </trkpt>
   <trkpt lat="25.0325720" lon="121.5941510">
    <ele>200.0</ele>
    <time>2026-07-26T07:56:03Z</time>
   </trkpt>
   <trkpt lat="25.0325670" lon="121.5941410">
    <ele>200.1</ele>
    <time>2026-07-26T07:56:04Z</time>
   </trkpt>
   <trkpt lat="25.0325660" lon="121.5941330">
    <ele>200.2</ele>
    <time>2026-07-26T07:56:05Z</time>
   </trkpt>
   <trkpt lat="25.0325590" lon="121.5941260">
    <ele>200.4</ele>
    <time>2026-07-26T07:56:06Z</time>
   </trkpt>
   <trkpt lat="25.0325490" lon="121.5941170">
    <ele>200.6</ele>
    <time>2026-07-26T07:56:07Z</time>
   </trkpt>
   <trkpt lat="25.0325400" lon="121.5941120">
    <ele>200.7</ele>
    <time>2026-07-26T07:56:08Z</time>
   </trkpt>
   <trkpt lat="25.0325410" lon="121.5941010">
    <ele>200.8</ele>
    <time>2026-07-26T07:56:09Z</time>
   </trkpt>
   <trkpt lat="25.0325380" lon="121.5940960">
    <ele>200.9</ele>
    <time>2026-07-26T07:56:10Z</time>
   </trkpt>
   <trkpt lat="25.0325350" lon="121.5940970">
    <ele>200.9</ele>
    <time>2026-07-26T07:56:11Z</time>
   </trkpt>
   <trkpt lat="25.0325370" lon="121.5940990">
    <ele>201.0</ele>
    <time>2026-07-26T07:56:12Z</time>
   </trkpt>
   <trkpt lat="25.0325390" lon="121.5940980">
    <ele>201.0</ele>
    <time>2026-07-26T07:56:13Z</time>
   </trkpt>
   <trkpt lat="25.0325370" lon="121.5940900">
    <ele>201.1</ele>
    <time>2026-07-26T07:56:14Z</time>
   </trkpt>
   <trkpt lat="25.0325360" lon="121.5940850">
    <ele>201.1</ele>
    <time>2026-07-26T07:56:15Z</time>
   </trkpt>
   <trkpt lat="25.0325350" lon="121.5940820">
    <ele>201.2</ele>
    <time>2026-07-26T07:56:16Z</time>
   </trkpt>
   <trkpt lat="25.0325380" lon="121.5940840">
    <ele>201.2</ele>
    <time>2026-07-26T07:56:17Z</time>
   </trkpt>
   <trkpt lat="25.0325390" lon="121.5940850">
    <ele>201.2</ele>
    <time>2026-07-26T07:56:18Z</time>
   </trkpt>
   <trkpt lat="25.0325390" lon="121.5940850">
    <ele>201.2</ele>
    <time>2026-07-26T07:56:19Z</time>
   </trkpt>
   <trkpt lat="25.0325390" lon="121.5940850">
    <ele>201.2</ele>
    <time>2026-07-26T07:56:20Z</time>
   </trkpt>
   <trkpt lat="25.0325390" lon="121.5940850">
    <ele>201.2</ele>
    <time>2026-07-26T07:56:21Z</time>
   </trkpt>
   <trkpt lat="25.0325400" lon="121.5940920">
    <ele>201.3</ele>
    <time>2026-07-26T07:56:22Z</time>
   </trkpt>
   <trkpt lat="25.0325360" lon="121.5940910">
    <ele>201.3</ele>
    <time>2026-07-26T07:56:23Z</time>
   </trkpt>
   <trkpt lat="25.0325370" lon="121.5940960">
    <ele>201.4</ele>
    <time>2026-07-26T07:56:24Z</time>
   </trkpt>
   <trkpt lat="25.0325370" lon="121.5940970">
    <ele>201.4</ele>
    <time>2026-07-26T07:56:25Z</time>
   </trkpt>
   <trkpt lat="25.0325370" lon="121.5940950">
    <ele>201.4</ele>
    <time>2026-07-26T07:56:26Z</time>
   </trkpt>
   <trkpt lat="25.0325390" lon="121.5940970">
    <ele>201.4</ele>
    <time>2026-07-26T07:56:27Z</time>
   </trkpt>
   <trkpt lat="25.0325410" lon="121.5940970">
    <ele>201.4</ele>
    <time>2026-07-26T07:56:28Z</time>
   </trkpt>
   <trkpt lat="25.0325420" lon="121.5940970">
    <ele>201.5</ele>
    <time>2026-07-26T07:56:29Z</time>
   </trkpt>
   <trkpt lat="25.0325390" lon="121.5940930">
    <ele>201.5</ele>
    <time>2026-07-26T07:56:30Z</time>
   </trkpt>
   <trkpt lat="25.0325400" lon="121.5940850">
    <ele>201.6</ele>
    <time>2026-07-26T07:56:31Z</time>
   </trkpt>
   <trkpt lat="25.0325330" lon="121.5940790">
    <ele>201.7</ele>
    <time>2026-07-26T07:56:32Z</time>
   </trkpt>
   <trkpt lat="25.0325290" lon="121.5940740">
    <ele>201.7</ele>
    <time>2026-07-26T07:56:33Z</time>
   </trkpt>
   <trkpt lat="25.0325200" lon="121.5940660">
    <ele>201.8</ele>
    <time>2026-07-26T07:56:34Z</time>
   </trkpt>
   <trkpt lat="25.0325110" lon="121.5940600">
    <ele>201.9</ele>
    <time>2026-07-26T07:56:35Z</time>
   </trkpt>
   <trkpt lat="25.0325030" lon="121.5940500">
    <ele>202.0</ele>
    <time>2026-07-26T07:56:36Z</time>
   </trkpt>
   <trkpt lat="25.0324940" lon="121.5940390">
    <ele>202.1</ele>
    <time>2026-07-26T07:56:37Z</time>
   </trkpt>
   <trkpt lat="25.0324880" lon="121.5940280">
    <ele>202.2</ele>
    <time>2026-07-26T07:56:38Z</time>
   </trkpt>
   <trkpt lat="25.0324840" lon="121.5940200">
    <ele>202.3</ele>
    <time>2026-07-26T07:56:39Z</time>
   </trkpt>
   <trkpt lat="25.0324780" lon="121.5940090">
    <ele>202.3</ele>
    <time>2026-07-26T07:56:40Z</time>
   </trkpt>
   <trkpt lat="25.0324740" lon="121.5940020">
    <ele>202.4</ele>
    <time>2026-07-26T07:56:41Z</time>
   </trkpt>
   <trkpt lat="25.0324660" lon="121.5939930">
    <ele>202.5</ele>
    <time>2026-07-26T07:56:42Z</time>
   </trkpt>
   <trkpt lat="25.0324590" lon="121.5939750">
    <ele>202.6</ele>
    <time>2026-07-26T07:56:43Z</time>
   </trkpt>
   <trkpt lat="25.0324510" lon="121.5939590">
    <ele>202.7</ele>
    <time>2026-07-26T07:56:44Z</time>
   </trkpt>
   <trkpt lat="25.0324460" lon="121.5939460">
    <ele>202.8</ele>
    <time>2026-07-26T07:56:45Z</time>
   </trkpt>
   <trkpt lat="25.0324430" lon="121.5939330">
    <ele>202.9</ele>
    <time>2026-07-26T07:56:46Z</time>
   </trkpt>
   <trkpt lat="25.0324400" lon="121.5939180">
    <ele>203.0</ele>
    <time>2026-07-26T07:56:47Z</time>
   </trkpt>
   <trkpt lat="25.0324400" lon="121.5938980">
    <ele>203.1</ele>
    <time>2026-07-26T07:56:48Z</time>
   </trkpt>
   <trkpt lat="25.0324390" lon="121.5938830">
    <ele>203.2</ele>
    <time>2026-07-26T07:56:49Z</time>
   </trkpt>
   <trkpt lat="25.0324380" lon="121.5938680">
    <ele>203.3</ele>
    <time>2026-07-26T07:56:50Z</time>
   </trkpt>
   <trkpt lat="25.0324350" lon="121.5938550">
    <ele>203.3</ele>
    <time>2026-07-26T07:56:51Z</time>
   </trkpt>
   <trkpt lat="25.0324310" lon="121.5938360">
    <ele>203.5</ele>
    <time>2026-07-26T07:56:52Z</time>
   </trkpt>
   <trkpt lat="25.0324270" lon="121.5938170">
    <ele>203.6</ele>
    <time>2026-07-26T07:56:53Z</time>
   </trkpt>
   <trkpt lat="25.0324250" lon="121.5937990">
    <ele>203.8</ele>
    <time>2026-07-26T07:56:54Z</time>
   </trkpt>
   <trkpt lat="25.0324240" lon="121.5937800">
    <ele>203.9</ele>
    <time>2026-07-26T07:56:55Z</time>
   </trkpt>
   <trkpt lat="25.0324240" lon="121.5937640">
    <ele>204.0</ele>
    <time>2026-07-26T07:56:56Z</time>
   </trkpt>
   <trkpt lat="25.0324240" lon="121.5937510">
    <ele>204.1</ele>
    <time>2026-07-26T07:56:57Z</time>
   </trkpt>
   <trkpt lat="25.0324240" lon="121.5937390">
    <ele>204.2</ele>
    <time>2026-07-26T07:56:58Z</time>
   </trkpt>
   <trkpt lat="25.0324210" lon="121.5937250">
    <ele>204.4</ele>
    <time>2026-07-26T07:56:59Z</time>
   </trkpt>
   <trkpt lat="25.0324250" lon="121.5937100">
    <ele>204.5</ele>
    <time>2026-07-26T07:57:00Z</time>
   </trkpt>
   <trkpt lat="25.0324270" lon="121.5936960">
    <ele>204.6</ele>
    <time>2026-07-26T07:57:01Z</time>
   </trkpt>
   <trkpt lat="25.0324290" lon="121.5936820">
    <ele>204.8</ele>
    <time>2026-07-26T07:57:02Z</time>
   </trkpt>
   <trkpt lat="25.0324240" lon="121.5936740">
    <ele>204.9</ele>
    <time>2026-07-26T07:57:03Z</time>
   </trkpt>
   <trkpt lat="25.0324180" lon="121.5936590">
    <ele>205.1</ele>
    <time>2026-07-26T07:57:04Z</time>
   </trkpt>
   <trkpt lat="25.0324180" lon="121.5936460">
    <ele>205.2</ele>
    <time>2026-07-26T07:57:05Z</time>
   </trkpt>
   <trkpt lat="25.0324180" lon="121.5936360">
    <ele>205.3</ele>
    <time>2026-07-26T07:57:06Z</time>
   </trkpt>
   <trkpt lat="25.0324160" lon="121.5936170">
    <ele>205.5</ele>
    <time>2026-07-26T07:57:07Z</time>
   </trkpt>
   <trkpt lat="25.0324130" lon="121.5936010">
    <ele>205.7</ele>
    <time>2026-07-26T07:57:08Z</time>
   </trkpt>
   <trkpt lat="25.0324110" lon="121.5935810">
    <ele>206.0</ele>
    <time>2026-07-26T07:57:09Z</time>
   </trkpt>
   <trkpt lat="25.0324090" lon="121.5935700">
    <ele>206.1</ele>
    <time>2026-07-26T07:57:10Z</time>
   </trkpt>
   <trkpt lat="25.0324090" lon="121.5935570">
    <ele>206.2</ele>
    <time>2026-07-26T07:57:11Z</time>
   </trkpt>
   <trkpt lat="25.0324100" lon="121.5935430">
    <ele>206.4</ele>
    <time>2026-07-26T07:57:12Z</time>
   </trkpt>
   <trkpt lat="25.0324130" lon="121.5935260">
    <ele>206.6</ele>
    <time>2026-07-26T07:57:13Z</time>
   </trkpt>
   <trkpt lat="25.0324120" lon="121.5935130">
    <ele>206.8</ele>
    <time>2026-07-26T07:57:14Z</time>
   </trkpt>
   <trkpt lat="25.0324120" lon="121.5934980">
    <ele>207.0</ele>
    <time>2026-07-26T07:57:15Z</time>
   </trkpt>
   <trkpt lat="25.0324110" lon="121.5934820">
    <ele>207.1</ele>
    <time>2026-07-26T07:57:16Z</time>
   </trkpt>
   <trkpt lat="25.0324090" lon="121.5934690">
    <ele>207.3</ele>
    <time>2026-07-26T07:57:17Z</time>
   </trkpt>
   <trkpt lat="25.0324070" lon="121.5934630">
    <ele>207.3</ele>
    <time>2026-07-26T07:57:18Z</time>
   </trkpt>
   <trkpt lat="25.0324060" lon="121.5934530">
    <ele>207.4</ele>
    <time>2026-07-26T07:57:19Z</time>
   </trkpt>
   <trkpt lat="25.0324010" lon="121.5934400">
    <ele>207.6</ele>
    <time>2026-07-26T07:57:20Z</time>
   </trkpt>
   <trkpt lat="25.0323970" lon="121.5934280">
    <ele>207.7</ele>
    <time>2026-07-26T07:57:21Z</time>
   </trkpt>
   <trkpt lat="25.0323910" lon="121.5934170">
    <ele>207.9</ele>
    <time>2026-07-26T07:57:22Z</time>
   </trkpt>
   <trkpt lat="25.0323870" lon="121.5934060">
    <ele>208.0</ele>
    <time>2026-07-26T07:57:23Z</time>
   </trkpt>
   <trkpt lat="25.0323820" lon="121.5933910">
    <ele>208.1</ele>
    <time>2026-07-26T07:57:24Z</time>
   </trkpt>
   <trkpt lat="25.0323810" lon="121.5933750">
    <ele>208.1</ele>
    <time>2026-07-26T07:57:25Z</time>
   </trkpt>
   <trkpt lat="25.0323830" lon="121.5933610">
    <ele>208.2</ele>
    <time>2026-07-26T07:57:26Z</time>
   </trkpt>
   <trkpt lat="25.0323840" lon="121.5933500">
    <ele>208.2</ele>
    <time>2026-07-26T07:57:27Z</time>
   </trkpt>
   <trkpt lat="25.0323780" lon="121.5933350">
    <ele>208.2</ele>
    <time>2026-07-26T07:57:28Z</time>
   </trkpt>
   <trkpt lat="25.0323710" lon="121.5933200">
    <ele>208.3</ele>
    <time>2026-07-26T07:57:29Z</time>
   </trkpt>
   <trkpt lat="25.0323640" lon="121.5933050">
    <ele>208.3</ele>
    <time>2026-07-26T07:57:30Z</time>
   </trkpt>
   <trkpt lat="25.0323560" lon="121.5932930">
    <ele>208.4</ele>
    <time>2026-07-26T07:57:31Z</time>
   </trkpt>
   <trkpt lat="25.0323480" lon="121.5932900">
    <ele>208.4</ele>
    <time>2026-07-26T07:57:32Z</time>
   </trkpt>
   <trkpt lat="25.0323400" lon="121.5932760">
    <ele>208.4</ele>
    <time>2026-07-26T07:57:33Z</time>
   </trkpt>
   <trkpt lat="25.0323300" lon="121.5932600">
    <ele>208.5</ele>
    <time>2026-07-26T07:57:34Z</time>
   </trkpt>
   <trkpt lat="25.0323210" lon="121.5932450">
    <ele>208.6</ele>
    <time>2026-07-26T07:57:35Z</time>
   </trkpt>
   <trkpt lat="25.0323170" lon="121.5932430">
    <ele>208.6</ele>
    <time>2026-07-26T07:57:36Z</time>
   </trkpt>
   <trkpt lat="25.0323050" lon="121.5932340">
    <ele>208.7</ele>
    <time>2026-07-26T07:57:37Z</time>
   </trkpt>
   <trkpt lat="25.0322970" lon="121.5932260">
    <ele>208.7</ele>
    <time>2026-07-26T07:57:38Z</time>
   </trkpt>
   <trkpt lat="25.0322870" lon="121.5932170">
    <ele>208.8</ele>
    <time>2026-07-26T07:57:39Z</time>
   </trkpt>
   <trkpt lat="25.0322720" lon="121.5932020">
    <ele>208.9</ele>
    <time>2026-07-26T07:57:40Z</time>
   </trkpt>
   <trkpt lat="25.0322660" lon="121.5931890">
    <ele>208.9</ele>
    <time>2026-07-26T07:57:41Z</time>
   </trkpt>
   <trkpt lat="25.0322620" lon="121.5931830">
    <ele>208.9</ele>
    <time>2026-07-26T07:57:42Z</time>
   </trkpt>
   <trkpt lat="25.0322510" lon="121.5931750">
    <ele>209.0</ele>
    <time>2026-07-26T07:57:43Z</time>
   </trkpt>
   <trkpt lat="25.0322370" lon="121.5931590">
    <ele>209.1</ele>
    <time>2026-07-26T07:57:44Z</time>
   </trkpt>
   <trkpt lat="25.0322180" lon="121.5931500">
    <ele>209.1</ele>
    <time>2026-07-26T07:57:45Z</time>
   </trkpt>
   <trkpt lat="25.0322220" lon="121.5931320">
    <ele>209.2</ele>
    <time>2026-07-26T07:57:46Z</time>
   </trkpt>
   <trkpt lat="25.0322140" lon="121.5931110">
    <ele>209.2</ele>
    <time>2026-07-26T07:57:47Z</time>
   </trkpt>
   <trkpt lat="25.0322050" lon="121.5931040">
    <ele>209.3</ele>
    <time>2026-07-26T07:57:48Z</time>
   </trkpt>
   <trkpt lat="25.0321960" lon="121.5930940">
    <ele>209.3</ele>
    <time>2026-07-26T07:57:49Z</time>
   </trkpt>
   <trkpt lat="25.0321880" lon="121.5930840">
    <ele>209.3</ele>
    <time>2026-07-26T07:57:50Z</time>
   </trkpt>
   <trkpt lat="25.0321780" lon="121.5930760">
    <ele>209.3</ele>
    <time>2026-07-26T07:57:51Z</time>
   </trkpt>
   <trkpt lat="25.0321710" lon="121.5930700">
    <ele>209.3</ele>
    <time>2026-07-26T07:57:52Z</time>
   </trkpt>
   <trkpt lat="25.0321630" lon="121.5930680">
    <ele>209.4</ele>
    <time>2026-07-26T07:57:54Z</time>
   </trkpt>
   <trkpt lat="25.0321450" lon="121.5930570">
    <ele>209.4</ele>
    <time>2026-07-26T07:57:55Z</time>
   </trkpt>
   <trkpt lat="25.0321320" lon="121.5930550">
    <ele>209.4</ele>
    <time>2026-07-26T07:57:56Z</time>
   </trkpt>
   <trkpt lat="25.0321160" lon="121.5930530">
    <ele>209.7</ele>
    <time>2026-07-26T07:57:57Z</time>
   </trkpt>
   <trkpt lat="25.0321040" lon="121.5930470">
    <ele>209.9</ele>
    <time>2026-07-26T07:57:58Z</time>
   </trkpt>
   <trkpt lat="25.0320940" lon="121.5930430">
    <ele>210.1</ele>
    <time>2026-07-26T07:57:59Z</time>
   </trkpt>
   <trkpt lat="25.0320840" lon="121.5930440">
    <ele>210.4</ele>
    <time>2026-07-26T07:58:00Z</time>
   </trkpt>
   <trkpt lat="25.0320790" lon="121.5930390">
    <ele>210.5</ele>
    <time>2026-07-26T07:58:01Z</time>
   </trkpt>
   <trkpt lat="25.0320680" lon="121.5930350">
    <ele>210.8</ele>
    <time>2026-07-26T07:58:02Z</time>
   </trkpt>
   <trkpt lat="25.0320490" lon="121.5930270">
    <ele>211.3</ele>
    <time>2026-07-26T07:58:03Z</time>
   </trkpt>
   <trkpt lat="25.0320340" lon="121.5930270">
    <ele>211.7</ele>
    <time>2026-07-26T07:58:04Z</time>
   </trkpt>
   <trkpt lat="25.0320270" lon="121.5930220">
    <ele>211.9</ele>
    <time>2026-07-26T07:58:05Z</time>
   </trkpt>
   <trkpt lat="25.0320230" lon="121.5930230">
    <ele>212.0</ele>
    <time>2026-07-26T07:58:06Z</time>
   </trkpt>
   <trkpt lat="25.0320150" lon="121.5930210">
    <ele>212.2</ele>
    <time>2026-07-26T07:58:07Z</time>
   </trkpt>
   <trkpt lat="25.0320050" lon="121.5930100">
    <ele>212.6</ele>
    <time>2026-07-26T07:58:08Z</time>
   </trkpt>
   <trkpt lat="25.0320000" lon="121.5930060">
    <ele>212.7</ele>
    <time>2026-07-26T07:58:09Z</time>
   </trkpt>
   <trkpt lat="25.0319970" lon="121.5930030">
    <ele>212.8</ele>
    <time>2026-07-26T07:58:10Z</time>
   </trkpt>
   <trkpt lat="25.0319940" lon="121.5929970">
    <ele>213.0</ele>
    <time>2026-07-26T07:58:11Z</time>
   </trkpt>
   <trkpt lat="25.0319910" lon="121.5929910">
    <ele>213.1</ele>
    <time>2026-07-26T07:58:12Z</time>
   </trkpt>
   <trkpt lat="25.0319950" lon="121.5929930">
    <ele>213.3</ele>
    <time>2026-07-26T07:58:13Z</time>
   </trkpt>
   <trkpt lat="25.0319890" lon="121.5929900">
    <ele>213.4</ele>
    <time>2026-07-26T07:58:14Z</time>
   </trkpt>
   <trkpt lat="25.0319810" lon="121.5929750">
    <ele>213.8</ele>
    <time>2026-07-26T07:58:15Z</time>
   </trkpt>
   <trkpt lat="25.0319790" lon="121.5929670">
    <ele>214.0</ele>
    <time>2026-07-26T07:58:16Z</time>
   </trkpt>
   <trkpt lat="25.0319740" lon="121.5929600">
    <ele>214.2</ele>
    <time>2026-07-26T07:58:17Z</time>
   </trkpt>
   <trkpt lat="25.0319680" lon="121.5929530">
    <ele>214.5</ele>
    <time>2026-07-26T07:58:18Z</time>
   </trkpt>
   <trkpt lat="25.0319610" lon="121.5929430">
    <ele>214.8</ele>
    <time>2026-07-26T07:58:19Z</time>
   </trkpt>
   <trkpt lat="25.0319560" lon="121.5929380">
    <ele>214.9</ele>
    <time>2026-07-26T07:58:20Z</time>
   </trkpt>
   <trkpt lat="25.0319530" lon="121.5929370">
    <ele>215.0</ele>
    <time>2026-07-26T07:58:21Z</time>
   </trkpt>
   <trkpt lat="25.0319440" lon="121.5929340">
    <ele>215.3</ele>
    <time>2026-07-26T07:58:22Z</time>
   </trkpt>
   <trkpt lat="25.0319360" lon="121.5929230">
    <ele>215.5</ele>
    <time>2026-07-26T07:58:23Z</time>
   </trkpt>
   <trkpt lat="25.0319290" lon="121.5929140">
    <ele>215.5</ele>
    <time>2026-07-26T07:58:24Z</time>
   </trkpt>
   <trkpt lat="25.0319210" lon="121.5929070">
    <ele>215.6</ele>
    <time>2026-07-26T07:58:25Z</time>
   </trkpt>
   <trkpt lat="25.0319160" lon="121.5928990">
    <ele>215.6</ele>
    <time>2026-07-26T07:58:26Z</time>
   </trkpt>
   <trkpt lat="25.0319110" lon="121.5928970">
    <ele>215.6</ele>
    <time>2026-07-26T07:58:27Z</time>
   </trkpt>
   <trkpt lat="25.0319070" lon="121.5928950">
    <ele>215.7</ele>
    <time>2026-07-26T07:58:28Z</time>
   </trkpt>
   <trkpt lat="25.0318970" lon="121.5928820">
    <ele>215.7</ele>
    <time>2026-07-26T07:58:29Z</time>
   </trkpt>
   <trkpt lat="25.0318890" lon="121.5928770">
    <ele>215.8</ele>
    <time>2026-07-26T07:58:30Z</time>
   </trkpt>
   <trkpt lat="25.0318840" lon="121.5928720">
    <ele>215.8</ele>
    <time>2026-07-26T07:58:31Z</time>
   </trkpt>
   <trkpt lat="25.0318790" lon="121.5928640">
    <ele>215.8</ele>
    <time>2026-07-26T07:58:32Z</time>
   </trkpt>
   <trkpt lat="25.0318860" lon="121.5928620">
    <ele>215.9</ele>
    <time>2026-07-26T07:58:33Z</time>
   </trkpt>
   <trkpt lat="25.0318830" lon="121.5928570">
    <ele>215.9</ele>
    <time>2026-07-26T07:58:34Z</time>
   </trkpt>
   <trkpt lat="25.0318870" lon="121.5928480">
    <ele>215.9</ele>
    <time>2026-07-26T07:58:35Z</time>
   </trkpt>
   <trkpt lat="25.0318960" lon="121.5928490">
    <ele>216.0</ele>
    <time>2026-07-26T07:58:36Z</time>
   </trkpt>
   <trkpt lat="25.0318820" lon="121.5928580">
    <ele>216.1</ele>
    <time>2026-07-26T07:58:37Z</time>
   </trkpt>
   <trkpt lat="25.0318870" lon="121.5928510">
    <ele>216.1</ele>
    <time>2026-07-26T07:58:38Z</time>
   </trkpt>
   <trkpt lat="25.0318860" lon="121.5928480">
    <ele>216.1</ele>
    <time>2026-07-26T07:58:39Z</time>
   </trkpt>
   <trkpt lat="25.0318880" lon="121.5928500">
    <ele>216.1</ele>
    <time>2026-07-26T07:58:40Z</time>
   </trkpt>
   <trkpt lat="25.0318880" lon="121.5928420">
    <ele>216.1</ele>
    <time>2026-07-26T07:58:41Z</time>
   </trkpt>
   <trkpt lat="25.0318870" lon="121.5928340">
    <ele>216.2</ele>
    <time>2026-07-26T07:58:42Z</time>
   </trkpt>
   <trkpt lat="25.0318730" lon="121.5928390">
    <ele>216.2</ele>
    <time>2026-07-26T07:58:43Z</time>
   </trkpt>
   <trkpt lat="25.0318720" lon="121.5928350">
    <ele>216.2</ele>
    <time>2026-07-26T07:58:44Z</time>
   </trkpt>
   <trkpt lat="25.0318680" lon="121.5928380">
    <ele>216.2</ele>
    <time>2026-07-26T07:58:45Z</time>
   </trkpt>
   <trkpt lat="25.0318740" lon="121.5928320">
    <ele>216.3</ele>
    <time>2026-07-26T07:58:46Z</time>
   </trkpt>
   <trkpt lat="25.0318740" lon="121.5928280">
    <ele>216.3</ele>
    <time>2026-07-26T07:58:47Z</time>
   </trkpt>
   <trkpt lat="25.0318740" lon="121.5928280">
    <ele>216.3</ele>
    <time>2026-07-26T07:58:48Z</time>
   </trkpt>
   <trkpt lat="25.0318740" lon="121.5928280">
    <ele>216.3</ele>
    <time>2026-07-26T07:58:49Z</time>
   </trkpt>
   <trkpt lat="25.0318790" lon="121.5928260">
    <ele>216.3</ele>
    <time>2026-07-26T07:58:50Z</time>
   </trkpt>
   <trkpt lat="25.0318780" lon="121.5928240">
    <ele>216.3</ele>
    <time>2026-07-26T07:58:51Z</time>
   </trkpt>
   <trkpt lat="25.0318780" lon="121.5928220">
    <ele>216.3</ele>
    <time>2026-07-26T07:58:52Z</time>
   </trkpt>
   <trkpt lat="25.0318770" lon="121.5928270">
    <ele>216.3</ele>
    <time>2026-07-26T07:58:53Z</time>
   </trkpt>
   <trkpt lat="25.0318780" lon="121.5928290">
    <ele>216.3</ele>
    <time>2026-07-26T07:58:54Z</time>
   </trkpt>
   <trkpt lat="25.0318780" lon="121.5928290">
    <ele>216.3</ele>
    <time>2026-07-26T07:58:55Z</time>
   </trkpt>
   <trkpt lat="25.0318780" lon="121.5928290">
    <ele>216.3</ele>
    <time>2026-07-26T07:58:56Z</time>
   </trkpt>
   <trkpt lat="25.0318780" lon="121.5928290">
    <ele>216.3</ele>
    <time>2026-07-26T07:58:57Z</time>
   </trkpt>
   <trkpt lat="25.0318780" lon="121.5928290">
    <ele>216.3</ele>
    <time>2026-07-26T07:58:58Z</time>
   </trkpt>
   <trkpt lat="25.0318780" lon="121.5928290">
    <ele>216.3</ele>
    <time>2026-07-26T07:58:59Z</time>
   </trkpt>
   <trkpt lat="25.0318860" lon="121.5928380">
    <ele>216.4</ele>
    <time>2026-07-26T07:59:00Z</time>
   </trkpt>
   <trkpt lat="25.0318880" lon="121.5928390">
    <ele>216.4</ele>
    <time>2026-07-26T07:59:01Z</time>
   </trkpt>
   <trkpt lat="25.0318890" lon="121.5928410">
    <ele>216.4</ele>
    <time>2026-07-26T07:59:02Z</time>
   </trkpt>
   <trkpt lat="25.0318840" lon="121.5928380">
    <ele>216.4</ele>
    <time>2026-07-26T07:59:03Z</time>
   </trkpt>
   <trkpt lat="25.0318790" lon="121.5928430">
    <ele>216.4</ele>
    <time>2026-07-26T07:59:04Z</time>
   </trkpt>
   <trkpt lat="25.0318750" lon="121.5928460">
    <ele>216.4</ele>
    <time>2026-07-26T07:59:05Z</time>
   </trkpt>
   <trkpt lat="25.0318750" lon="121.5928460">
    <ele>216.4</ele>
    <time>2026-07-26T07:59:06Z</time>
   </trkpt>
   <trkpt lat="25.0318840" lon="121.5928420">
    <ele>216.5</ele>
    <time>2026-07-26T07:59:07Z</time>
   </trkpt>
   <trkpt lat="25.0318850" lon="121.5928370">
    <ele>216.5</ele>
    <time>2026-07-26T07:59:08Z</time>
   </trkpt>
   <trkpt lat="25.0318870" lon="121.5928370">
    <ele>216.5</ele>
    <time>2026-07-26T07:59:09Z</time>
   </trkpt>
   <trkpt lat="25.0318870" lon="121.5928350">
    <ele>216.5</ele>
    <time>2026-07-26T07:59:10Z</time>
   </trkpt>
   <trkpt lat="25.0318880" lon="121.5928350">
    <ele>216.5</ele>
    <time>2026-07-26T07:59:11Z</time>
   </trkpt>
   <trkpt lat="25.0318880" lon="121.5928350">
    <ele>216.5</ele>
    <time>2026-07-26T07:59:12Z</time>
   </trkpt>
   <trkpt lat="25.0318880" lon="121.5928350">
    <ele>216.5</ele>
    <time>2026-07-26T07:59:13Z</time>
   </trkpt>
   <trkpt lat="25.0318890" lon="121.5928320">
    <ele>216.5</ele>
    <time>2026-07-26T07:59:14Z</time>
   </trkpt>
   <trkpt lat="25.0318900" lon="121.5928310">
    <ele>216.5</ele>
    <time>2026-07-26T07:59:15Z</time>
   </trkpt>
   <trkpt lat="25.0318900" lon="121.5928310">
    <ele>216.5</ele>
    <time>2026-07-26T07:59:16Z</time>
   </trkpt>
   <trkpt lat="25.0318900" lon="121.5928310">
    <ele>216.5</ele>
    <time>2026-07-26T07:59:17Z</time>
   </trkpt>
   <trkpt lat="25.0318900" lon="121.5928310">
    <ele>216.5</ele>
    <time>2026-07-26T07:59:18Z</time>
   </trkpt>
   <trkpt lat="25.0318900" lon="121.5928310">
    <ele>216.5</ele>
    <time>2026-07-26T07:59:19Z</time>
   </trkpt>
   <trkpt lat="25.0318870" lon="121.5928300">
    <ele>216.5</ele>
    <time>2026-07-26T07:59:20Z</time>
   </trkpt>
   <trkpt lat="25.0318870" lon="121.5928300">
    <ele>216.5</ele>
    <time>2026-07-26T07:59:21Z</time>
   </trkpt>
   <trkpt lat="25.0318840" lon="121.5928250">
    <ele>216.5</ele>
    <time>2026-07-26T07:59:22Z</time>
   </trkpt>
   <trkpt lat="25.0318840" lon="121.5928230">
    <ele>216.6</ele>
    <time>2026-07-26T07:59:23Z</time>
   </trkpt>
   <trkpt lat="25.0318830" lon="121.5928190">
    <ele>216.6</ele>
    <time>2026-07-26T07:59:24Z</time>
   </trkpt>
   <trkpt lat="25.0318830" lon="121.5928180">
    <ele>216.6</ele>
    <time>2026-07-26T07:59:25Z</time>
   </trkpt>
   <trkpt lat="25.0318820" lon="121.5928180">
    <ele>216.6</ele>
    <time>2026-07-26T07:59:26Z</time>
   </trkpt>
   <trkpt lat="25.0318830" lon="121.5928170">
    <ele>216.6</ele>
    <time>2026-07-26T07:59:27Z</time>
   </trkpt>
   <trkpt lat="25.0318860" lon="121.5928140">
    <ele>216.6</ele>
    <time>2026-07-26T07:59:28Z</time>
   </trkpt>
   <trkpt lat="25.0318810" lon="121.5928150">
    <ele>216.6</ele>
    <time>2026-07-26T07:59:29Z</time>
   </trkpt>
   <trkpt lat="25.0318840" lon="121.5928140">
    <ele>216.6</ele>
    <time>2026-07-26T07:59:30Z</time>
   </trkpt>
   <trkpt lat="25.0318880" lon="121.5928140">
    <ele>216.6</ele>
    <time>2026-07-26T07:59:31Z</time>
   </trkpt>
   <trkpt lat="25.0318890" lon="121.5928130">
    <ele>216.6</ele>
    <time>2026-07-26T07:59:32Z</time>
   </trkpt>
   <trkpt lat="25.0318890" lon="121.5928240">
    <ele>216.7</ele>
    <time>2026-07-26T07:59:33Z</time>
   </trkpt>
   <trkpt lat="25.0318900" lon="121.5928230">
    <ele>216.7</ele>
    <time>2026-07-26T07:59:34Z</time>
   </trkpt>
   <trkpt lat="25.0318910" lon="121.5928190">
    <ele>216.7</ele>
    <time>2026-07-26T07:59:35Z</time>
   </trkpt>
   <trkpt lat="25.0318840" lon="121.5928210">
    <ele>216.7</ele>
    <time>2026-07-26T07:59:36Z</time>
   </trkpt>
   <trkpt lat="25.0318880" lon="121.5928200">
    <ele>216.7</ele>
    <time>2026-07-26T07:59:37Z</time>
   </trkpt>
   <trkpt lat="25.0318940" lon="121.5928170">
    <ele>216.7</ele>
    <time>2026-07-26T07:59:38Z</time>
   </trkpt>
   <trkpt lat="25.0318910" lon="121.5928180">
    <ele>216.8</ele>
    <time>2026-07-26T07:59:39Z</time>
   </trkpt>
   <trkpt lat="25.0318920" lon="121.5928170">
    <ele>216.8</ele>
    <time>2026-07-26T07:59:40Z</time>
   </trkpt>
   <trkpt lat="25.0318930" lon="121.5928160">
    <ele>216.8</ele>
    <time>2026-07-26T07:59:41Z</time>
   </trkpt>
   <trkpt lat="25.0318920" lon="121.5928160">
    <ele>216.8</ele>
    <time>2026-07-26T07:59:42Z</time>
   </trkpt>
   <trkpt lat="25.0318920" lon="121.5928160">
    <ele>216.8</ele>
    <time>2026-07-26T07:59:43Z</time>
   </trkpt>
   <trkpt lat="25.0318930" lon="121.5928160">
    <ele>216.8</ele>
    <time>2026-07-26T07:59:44Z</time>
   </trkpt>
   <trkpt lat="25.0318930" lon="121.5928160">
    <ele>216.8</ele>
    <time>2026-07-26T07:59:45Z</time>
   </trkpt>
   <trkpt lat="25.0318930" lon="121.5928160">
    <ele>216.8</ele>
    <time>2026-07-26T07:59:46Z</time>
   </trkpt>
   <trkpt lat="25.0318930" lon="121.5928160">
    <ele>216.8</ele>
    <time>2026-07-26T07:59:47Z</time>
   </trkpt>
   <trkpt lat="25.0318930" lon="121.5928160">
    <ele>216.8</ele>
    <time>2026-07-26T07:59:48Z</time>
   </trkpt>
   <trkpt lat="25.0318930" lon="121.5928160">
    <ele>216.8</ele>
    <time>2026-07-26T07:59:49Z</time>
   </trkpt>
   <trkpt lat="25.0318930" lon="121.5928160">
    <ele>216.8</ele>
    <time>2026-07-26T07:59:50Z</time>
   </trkpt>
   <trkpt lat="25.0318930" lon="121.5928160">
    <ele>216.8</ele>
    <time>2026-07-26T07:59:51Z</time>
   </trkpt>
   <trkpt lat="25.0318930" lon="121.5928160">
    <ele>216.8</ele>
    <time>2026-07-26T07:59:52Z</time>
   </trkpt>
   <trkpt lat="25.0318930" lon="121.5928160">
    <ele>216.8</ele>
    <time>2026-07-26T07:59:53Z</time>
   </trkpt>
   <trkpt lat="25.0318940" lon="121.5928180">
    <ele>216.8</ele>
    <time>2026-07-26T07:59:54Z</time>
   </trkpt>
   <trkpt lat="25.0318910" lon="121.5928180">
    <ele>216.8</ele>
    <time>2026-07-26T07:59:55Z</time>
   </trkpt>
   <trkpt lat="25.0318940" lon="121.5928200">
    <ele>216.8</ele>
    <time>2026-07-26T07:59:56Z</time>
   </trkpt>
   <trkpt lat="25.0318950" lon="121.5928220">
    <ele>216.8</ele>
    <time>2026-07-26T07:59:57Z</time>
   </trkpt>
   <trkpt lat="25.0318910" lon="121.5928260">
    <ele>216.8</ele>
    <time>2026-07-26T07:59:58Z</time>
   </trkpt>
   <trkpt lat="25.0318860" lon="121.5928320">
    <ele>216.8</ele>
    <time>2026-07-26T07:59:59Z</time>
   </trkpt>
   <trkpt lat="25.0318740" lon="121.5928470">
    <ele>216.9</ele>
    <time>2026-07-26T08:00:00Z</time>
   </trkpt>
   <trkpt lat="25.0318700" lon="121.5928510">
    <ele>216.9</ele>
    <time>2026-07-26T08:00:01Z</time>
   </trkpt>
   <trkpt lat="25.0318670" lon="121.5928520">
    <ele>216.9</ele>
    <time>2026-07-26T08:00:02Z</time>
   </trkpt>
   <trkpt lat="25.0318610" lon="121.5928550">
    <ele>217.0</ele>
    <time>2026-07-26T08:00:03Z</time>
   </trkpt>
   <trkpt lat="25.0318560" lon="121.5928550">
    <ele>217.0</ele>
    <time>2026-07-26T08:00:04Z</time>
   </trkpt>
   <trkpt lat="25.0318500" lon="121.5928480">
    <ele>217.0</ele>
    <time>2026-07-26T08:00:05Z</time>
   </trkpt>
   <trkpt lat="25.0318380" lon="121.5928420">
    <ele>217.1</ele>
    <time>2026-07-26T08:00:06Z</time>
   </trkpt>
   <trkpt lat="25.0318280" lon="121.5928420">
    <ele>217.1</ele>
    <time>2026-07-26T08:00:07Z</time>
   </trkpt>
   <trkpt lat="25.0318190" lon="121.5928380">
    <ele>217.1</ele>
    <time>2026-07-26T08:00:08Z</time>
   </trkpt>
   <trkpt lat="25.0318100" lon="121.5928380">
    <ele>217.2</ele>
    <time>2026-07-26T08:00:09Z</time>
   </trkpt>
   <trkpt lat="25.0318000" lon="121.5928340">
    <ele>217.2</ele>
    <time>2026-07-26T08:00:10Z</time>
   </trkpt>
   <trkpt lat="25.0317920" lon="121.5928280">
    <ele>217.3</ele>
    <time>2026-07-26T08:00:11Z</time>
   </trkpt>
   <trkpt lat="25.0317790" lon="121.5928200">
    <ele>217.3</ele>
    <time>2026-07-26T08:00:12Z</time>
   </trkpt>
   <trkpt lat="25.0317710" lon="121.5928140">
    <ele>217.4</ele>
    <time>2026-07-26T08:00:13Z</time>
   </trkpt>
   <trkpt lat="25.0317620" lon="121.5928110">
    <ele>217.4</ele>
    <time>2026-07-26T08:00:14Z</time>
   </trkpt>
   <trkpt lat="25.0317520" lon="121.5928040">
    <ele>217.5</ele>
    <time>2026-07-26T08:00:15Z</time>
   </trkpt>
   <trkpt lat="25.0317380" lon="121.5927950">
    <ele>217.6</ele>
    <time>2026-07-26T08:00:16Z</time>
   </trkpt>
   <trkpt lat="25.0317300" lon="121.5927860">
    <ele>217.6</ele>
    <time>2026-07-26T08:00:17Z</time>
   </trkpt>
   <trkpt lat="25.0317240" lon="121.5927770">
    <ele>217.7</ele>
    <time>2026-07-26T08:00:18Z</time>
   </trkpt>
   <trkpt lat="25.0317090" lon="121.5927620">
    <ele>217.8</ele>
    <time>2026-07-26T08:00:19Z</time>
   </trkpt>
   <trkpt lat="25.0316960" lon="121.5927540">
    <ele>217.9</ele>
    <time>2026-07-26T08:00:20Z</time>
   </trkpt>
   <trkpt lat="25.0316820" lon="121.5927510">
    <ele>218.0</ele>
    <time>2026-07-26T08:00:21Z</time>
   </trkpt>
   <trkpt lat="25.0316680" lon="121.5927510">
    <ele>218.1</ele>
    <time>2026-07-26T08:00:22Z</time>
   </trkpt>
   <trkpt lat="25.0316620" lon="121.5927440">
    <ele>218.2</ele>
    <time>2026-07-26T08:00:23Z</time>
   </trkpt>
   <trkpt lat="25.0316460" lon="121.5927290">
    <ele>218.3</ele>
    <time>2026-07-26T08:00:24Z</time>
   </trkpt>
   <trkpt lat="25.0316390" lon="121.5927190">
    <ele>218.4</ele>
    <time>2026-07-26T08:00:25Z</time>
   </trkpt>
   <trkpt lat="25.0316320" lon="121.5927090">
    <ele>218.5</ele>
    <time>2026-07-26T08:00:26Z</time>
   </trkpt>
   <trkpt lat="25.0316220" lon="121.5926940">
    <ele>218.6</ele>
    <time>2026-07-26T08:00:27Z</time>
   </trkpt>
   <trkpt lat="25.0316110" lon="121.5926800">
    <ele>218.8</ele>
    <time>2026-07-26T08:00:28Z</time>
   </trkpt>
   <trkpt lat="25.0316080" lon="121.5926750">
    <ele>218.8</ele>
    <time>2026-07-26T08:00:29Z</time>
   </trkpt>
   <trkpt lat="25.0316050" lon="121.5926740">
    <ele>218.8</ele>
    <time>2026-07-26T08:00:30Z</time>
   </trkpt>
   <trkpt lat="25.0316000" lon="121.5926650">
    <ele>218.9</ele>
    <time>2026-07-26T08:00:31Z</time>
   </trkpt>
   <trkpt lat="25.0316030" lon="121.5926640">
    <ele>218.9</ele>
    <time>2026-07-26T08:00:32Z</time>
   </trkpt>
   <trkpt lat="25.0315980" lon="121.5926540">
    <ele>219.0</ele>
    <time>2026-07-26T08:00:33Z</time>
   </trkpt>
   <trkpt lat="25.0315900" lon="121.5926400">
    <ele>219.1</ele>
    <time>2026-07-26T08:00:34Z</time>
   </trkpt>
   <trkpt lat="25.0315840" lon="121.5926300">
    <ele>219.2</ele>
    <time>2026-07-26T08:00:35Z</time>
   </trkpt>
   <trkpt lat="25.0315840" lon="121.5926200">
    <ele>219.3</ele>
    <time>2026-07-26T08:00:36Z</time>
   </trkpt>
   <trkpt lat="25.0315770" lon="121.5926060">
    <ele>219.5</ele>
    <time>2026-07-26T08:00:37Z</time>
   </trkpt>
   <trkpt lat="25.0315720" lon="121.5925900">
    <ele>219.6</ele>
    <time>2026-07-26T08:00:38Z</time>
   </trkpt>
   <trkpt lat="25.0315630" lon="121.5925790">
    <ele>219.7</ele>
    <time>2026-07-26T08:00:39Z</time>
   </trkpt>
   <trkpt lat="25.0315550" lon="121.5925730">
    <ele>219.8</ele>
    <time>2026-07-26T08:00:40Z</time>
   </trkpt>
   <trkpt lat="25.0315450" lon="121.5925630">
    <ele>219.9</ele>
    <time>2026-07-26T08:00:41Z</time>
   </trkpt>
   <trkpt lat="25.0315410" lon="121.5925620">
    <ele>219.9</ele>
    <time>2026-07-26T08:00:42Z</time>
   </trkpt>
   <trkpt lat="25.0315380" lon="121.5925610">
    <ele>219.9</ele>
    <time>2026-07-26T08:00:43Z</time>
   </trkpt>
   <trkpt lat="25.0315250" lon="121.5925610">
    <ele>220.0</ele>
    <time>2026-07-26T08:00:44Z</time>
   </trkpt>
   <trkpt lat="25.0315170" lon="121.5925580">
    <ele>220.1</ele>
    <time>2026-07-26T08:00:45Z</time>
   </trkpt>
   <trkpt lat="25.0315080" lon="121.5925530">
    <ele>220.5</ele>
    <time>2026-07-26T08:00:46Z</time>
   </trkpt>
   <trkpt lat="25.0315040" lon="121.5925470">
    <ele>220.8</ele>
    <time>2026-07-26T08:00:47Z</time>
   </trkpt>
   <trkpt lat="25.0314980" lon="121.5925420">
    <ele>221.1</ele>
    <time>2026-07-26T08:00:48Z</time>
   </trkpt>
   <trkpt lat="25.0314920" lon="121.5925380">
    <ele>221.3</ele>
    <time>2026-07-26T08:00:49Z</time>
   </trkpt>
   <trkpt lat="25.0314860" lon="121.5925400">
    <ele>221.6</ele>
    <time>2026-07-26T08:00:50Z</time>
   </trkpt>
   <trkpt lat="25.0314800" lon="121.5925390">
    <ele>221.8</ele>
    <time>2026-07-26T08:00:51Z</time>
   </trkpt>
   <trkpt lat="25.0314740" lon="121.5925310">
    <ele>222.2</ele>
    <time>2026-07-26T08:00:52Z</time>
   </trkpt>
   <trkpt lat="25.0314720" lon="121.5925290">
    <ele>222.3</ele>
    <time>2026-07-26T08:00:53Z</time>
   </trkpt>
   <trkpt lat="25.0314780" lon="121.5925200">
    <ele>222.7</ele>
    <time>2026-07-26T08:00:54Z</time>
   </trkpt>
   <trkpt lat="25.0314690" lon="121.5925180">
    <ele>223.0</ele>
    <time>2026-07-26T08:00:55Z</time>
   </trkpt>
   <trkpt lat="25.0314680" lon="121.5925110">
    <ele>223.3</ele>
    <time>2026-07-26T08:00:56Z</time>
   </trkpt>
   <trkpt lat="25.0314680" lon="121.5925030">
    <ele>223.6</ele>
    <time>2026-07-26T08:00:57Z</time>
   </trkpt>
   <trkpt lat="25.0314640" lon="121.5924960">
    <ele>223.9</ele>
    <time>2026-07-26T08:00:58Z</time>
   </trkpt>
   <trkpt lat="25.0314670" lon="121.5924930">
    <ele>224.0</ele>
    <time>2026-07-26T08:00:59Z</time>
   </trkpt>
   <trkpt lat="25.0314600" lon="121.5924820">
    <ele>224.5</ele>
    <time>2026-07-26T08:01:00Z</time>
   </trkpt>
   <trkpt lat="25.0314600" lon="121.5924730">
    <ele>224.8</ele>
    <time>2026-07-26T08:01:01Z</time>
   </trkpt>
   <trkpt lat="25.0314610" lon="121.5924720">
    <ele>224.9</ele>
    <time>2026-07-26T08:01:02Z</time>
   </trkpt>
   <trkpt lat="25.0314580" lon="121.5924690">
    <ele>225.0</ele>
    <time>2026-07-26T08:01:03Z</time>
   </trkpt>
   <trkpt lat="25.0314590" lon="121.5924680">
    <ele>225.1</ele>
    <time>2026-07-26T08:01:04Z</time>
   </trkpt>
   <trkpt lat="25.0314600" lon="121.5924630">
    <ele>225.2</ele>
    <time>2026-07-26T08:01:05Z</time>
   </trkpt>
   <trkpt lat="25.0314550" lon="121.5924580">
    <ele>225.5</ele>
    <time>2026-07-26T08:01:06Z</time>
   </trkpt>
   <trkpt lat="25.0314590" lon="121.5924560">
    <ele>225.7</ele>
    <time>2026-07-26T08:01:07Z</time>
   </trkpt>
   <trkpt lat="25.0314570" lon="121.5924460">
    <ele>226.1</ele>
    <time>2026-07-26T08:01:08Z</time>
   </trkpt>
   <trkpt lat="25.0314520" lon="121.5924380">
    <ele>226.4</ele>
    <time>2026-07-26T08:01:09Z</time>
   </trkpt>
   <trkpt lat="25.0314530" lon="121.5924320">
    <ele>226.6</ele>
    <time>2026-07-26T08:01:10Z</time>
   </trkpt>
   <trkpt lat="25.0314560" lon="121.5924280">
    <ele>226.8</ele>
    <time>2026-07-26T08:01:11Z</time>
   </trkpt>
   <trkpt lat="25.0314550" lon="121.5924200">
    <ele>227.1</ele>
    <time>2026-07-26T08:01:12Z</time>
   </trkpt>
   <trkpt lat="25.0314500" lon="121.5924150">
    <ele>227.4</ele>
    <time>2026-07-26T08:01:13Z</time>
   </trkpt>
   <trkpt lat="25.0314540" lon="121.5924140">
    <ele>227.6</ele>
    <time>2026-07-26T08:01:14Z</time>
   </trkpt>
   <trkpt lat="25.0314520" lon="121.5924070">
    <ele>227.8</ele>
    <time>2026-07-26T08:01:15Z</time>
   </trkpt>
   <trkpt lat="25.0314480" lon="121.5924030">
    <ele>228.1</ele>
    <time>2026-07-26T08:01:16Z</time>
   </trkpt>
   <trkpt lat="25.0314440" lon="121.5923990">
    <ele>228.3</ele>
    <time>2026-07-26T08:01:17Z</time>
   </trkpt>
   <trkpt lat="25.0314400" lon="121.5923920">
    <ele>228.6</ele>
    <time>2026-07-26T08:01:18Z</time>
   </trkpt>
   <trkpt lat="25.0314350" lon="121.5923880">
    <ele>228.8</ele>
    <time>2026-07-26T08:01:19Z</time>
   </trkpt>
   <trkpt lat="25.0314280" lon="121.5923840">
    <ele>229.2</ele>
    <time>2026-07-26T08:01:20Z</time>
   </trkpt>
   <trkpt lat="25.0314240" lon="121.5923830">
    <ele>229.3</ele>
    <time>2026-07-26T08:01:21Z</time>
   </trkpt>
   <trkpt lat="25.0314190" lon="121.5923800">
    <ele>229.6</ele>
    <time>2026-07-26T08:01:22Z</time>
   </trkpt>
   <trkpt lat="25.0314150" lon="121.5923770">
    <ele>229.8</ele>
    <time>2026-07-26T08:01:23Z</time>
   </trkpt>
   <trkpt lat="25.0314090" lon="121.5923710">
    <ele>230.1</ele>
    <time>2026-07-26T08:01:24Z</time>
   </trkpt>
   <trkpt lat="25.0314040" lon="121.5923660">
    <ele>230.4</ele>
    <time>2026-07-26T08:01:25Z</time>
   </trkpt>
   <trkpt lat="25.0313970" lon="121.5923630">
    <ele>230.7</ele>
    <time>2026-07-26T08:01:26Z</time>
   </trkpt>
   <trkpt lat="25.0313940" lon="121.5923670">
    <ele>230.9</ele>
    <time>2026-07-26T08:01:27Z</time>
   </trkpt>
   <trkpt lat="25.0313910" lon="121.5923730">
    <ele>231.1</ele>
    <time>2026-07-26T08:01:28Z</time>
   </trkpt>
   <trkpt lat="25.0313850" lon="121.5923710">
    <ele>231.4</ele>
    <time>2026-07-26T08:01:29Z</time>
   </trkpt>
   <trkpt lat="25.0313750" lon="121.5923610">
    <ele>231.9</ele>
    <time>2026-07-26T08:01:30Z</time>
   </trkpt>
   <trkpt lat="25.0313710" lon="121.5923530">
    <ele>232.3</ele>
    <time>2026-07-26T08:01:31Z</time>
   </trkpt>
   <trkpt lat="25.0313750" lon="121.5923480">
    <ele>232.5</ele>
    <time>2026-07-26T08:01:32Z</time>
   </trkpt>
   <trkpt lat="25.0313720" lon="121.5923440">
    <ele>232.7</ele>
    <time>2026-07-26T08:01:33Z</time>
   </trkpt>
   <trkpt lat="25.0313700" lon="121.5923440">
    <ele>232.8</ele>
    <time>2026-07-26T08:01:34Z</time>
   </trkpt>
   <trkpt lat="25.0313620" lon="121.5923350">
    <ele>233.2</ele>
    <time>2026-07-26T08:01:35Z</time>
   </trkpt>
   <trkpt lat="25.0313620" lon="121.5923310">
    <ele>233.4</ele>
    <time>2026-07-26T08:01:36Z</time>
   </trkpt>
   <trkpt lat="25.0313620" lon="121.5923300">
    <ele>233.4</ele>
    <time>2026-07-26T08:01:37Z</time>
   </trkpt>
   <trkpt lat="25.0313520" lon="121.5923260">
    <ele>233.8</ele>
    <time>2026-07-26T08:01:38Z</time>
   </trkpt>
   <trkpt lat="25.0313450" lon="121.5923240">
    <ele>234.1</ele>
    <time>2026-07-26T08:01:39Z</time>
   </trkpt>
   <trkpt lat="25.0313400" lon="121.5923210">
    <ele>234.3</ele>
    <time>2026-07-26T08:01:40Z</time>
   </trkpt>
   <trkpt lat="25.0313420" lon="121.5923210">
    <ele>234.3</ele>
    <time>2026-07-26T08:01:41Z</time>
   </trkpt>
   <trkpt lat="25.0313360" lon="121.5923180">
    <ele>234.6</ele>
    <time>2026-07-26T08:01:42Z</time>
   </trkpt>
   <trkpt lat="25.0313310" lon="121.5923180">
    <ele>234.8</ele>
    <time>2026-07-26T08:01:43Z</time>
   </trkpt>
   <trkpt lat="25.0313260" lon="121.5923130">
    <ele>235.0</ele>
    <time>2026-07-26T08:01:44Z</time>
   </trkpt>
   <trkpt lat="25.0313230" lon="121.5923050">
    <ele>235.3</ele>
    <time>2026-07-26T08:01:45Z</time>
   </trkpt>
   <trkpt lat="25.0313160" lon="121.5922970">
    <ele>235.6</ele>
    <time>2026-07-26T08:01:46Z</time>
   </trkpt>
   <trkpt lat="25.0313120" lon="121.5922920">
    <ele>235.9</ele>
    <time>2026-07-26T08:01:47Z</time>
   </trkpt>
   <trkpt lat="25.0313050" lon="121.5922840">
    <ele>236.2</ele>
    <time>2026-07-26T08:01:48Z</time>
   </trkpt>
   <trkpt lat="25.0313020" lon="121.5922820">
    <ele>236.3</ele>
    <time>2026-07-26T08:01:49Z</time>
   </trkpt>
   <trkpt lat="25.0312940" lon="121.5922760">
    <ele>236.7</ele>
    <time>2026-07-26T08:01:50Z</time>
   </trkpt>
   <trkpt lat="25.0312830" lon="121.5922670">
    <ele>237.1</ele>
    <time>2026-07-26T08:01:51Z</time>
   </trkpt>
   <trkpt lat="25.0312780" lon="121.5922620">
    <ele>237.4</ele>
    <time>2026-07-26T08:01:52Z</time>
   </trkpt>
   <trkpt lat="25.0312680" lon="121.5922550">
    <ele>237.8</ele>
    <time>2026-07-26T08:01:53Z</time>
   </trkpt>
   <trkpt lat="25.0312620" lon="121.5922460">
    <ele>238.2</ele>
    <time>2026-07-26T08:01:54Z</time>
   </trkpt>
   <trkpt lat="25.0312560" lon="121.5922420">
    <ele>238.4</ele>
    <time>2026-07-26T08:01:55Z</time>
   </trkpt>
   <trkpt lat="25.0312540" lon="121.5922410">
    <ele>238.5</ele>
    <time>2026-07-26T08:01:56Z</time>
   </trkpt>
   <trkpt lat="25.0312510" lon="121.5922390">
    <ele>238.6</ele>
    <time>2026-07-26T08:01:57Z</time>
   </trkpt>
   <trkpt lat="25.0312460" lon="121.5922390">
    <ele>238.8</ele>
    <time>2026-07-26T08:01:58Z</time>
   </trkpt>
   <trkpt lat="25.0312420" lon="121.5922370">
    <ele>238.9</ele>
    <time>2026-07-26T08:01:59Z</time>
   </trkpt>
   <trkpt lat="25.0312340" lon="121.5922240">
    <ele>239.4</ele>
    <time>2026-07-26T08:02:00Z</time>
   </trkpt>
   <trkpt lat="25.0312230" lon="121.5922110">
    <ele>240.0</ele>
    <time>2026-07-26T08:02:01Z</time>
   </trkpt>
   <trkpt lat="25.0312120" lon="121.5921980">
    <ele>240.5</ele>
    <time>2026-07-26T08:02:02Z</time>
   </trkpt>
   <trkpt lat="25.0312060" lon="121.5921970">
    <ele>240.8</ele>
    <time>2026-07-26T08:02:03Z</time>
   </trkpt>
   <trkpt lat="25.0311990" lon="121.5921920">
    <ele>241.0</ele>
    <time>2026-07-26T08:02:04Z</time>
   </trkpt>
   <trkpt lat="25.0311920" lon="121.5921850">
    <ele>241.4</ele>
    <time>2026-07-26T08:02:05Z</time>
   </trkpt>
   <trkpt lat="25.0311780" lon="121.5921760">
    <ele>241.9</ele>
    <time>2026-07-26T08:02:06Z</time>
   </trkpt>
   <trkpt lat="25.0311760" lon="121.5921780">
    <ele>242.0</ele>
    <time>2026-07-26T08:02:07Z</time>
   </trkpt>
   <trkpt lat="25.0311740" lon="121.5921830">
    <ele>242.2</ele>
    <time>2026-07-26T08:02:08Z</time>
   </trkpt>
   <trkpt lat="25.0311700" lon="121.5921800">
    <ele>242.3</ele>
    <time>2026-07-26T08:02:09Z</time>
   </trkpt>
   <trkpt lat="25.0311690" lon="121.5921790">
    <ele>242.4</ele>
    <time>2026-07-26T08:02:10Z</time>
   </trkpt>
   <trkpt lat="25.0311670" lon="121.5921760">
    <ele>242.5</ele>
    <time>2026-07-26T08:02:11Z</time>
   </trkpt>
   <trkpt lat="25.0311630" lon="121.5921710">
    <ele>242.7</ele>
    <time>2026-07-26T08:02:12Z</time>
   </trkpt>
   <trkpt lat="25.0311610" lon="121.5921610">
    <ele>243.0</ele>
    <time>2026-07-26T08:02:13Z</time>
   </trkpt>
   <trkpt lat="25.0311580" lon="121.5921570">
    <ele>243.2</ele>
    <time>2026-07-26T08:02:14Z</time>
   </trkpt>
   <trkpt lat="25.0311570" lon="121.5921560">
    <ele>243.2</ele>
    <time>2026-07-26T08:02:15Z</time>
   </trkpt>
   <trkpt lat="25.0311550" lon="121.5921540">
    <ele>243.3</ele>
    <time>2026-07-26T08:02:16Z</time>
   </trkpt>
   <trkpt lat="25.0311500" lon="121.5921520">
    <ele>243.5</ele>
    <time>2026-07-26T08:02:17Z</time>
   </trkpt>
   <trkpt lat="25.0311460" lon="121.5921500">
    <ele>243.6</ele>
    <time>2026-07-26T08:02:18Z</time>
   </trkpt>
   <trkpt lat="25.0311410" lon="121.5921450">
    <ele>243.9</ele>
    <time>2026-07-26T08:02:19Z</time>
   </trkpt>
   <trkpt lat="25.0311410" lon="121.5921390">
    <ele>244.0</ele>
    <time>2026-07-26T08:02:20Z</time>
   </trkpt>
   <trkpt lat="25.0311380" lon="121.5921350">
    <ele>244.2</ele>
    <time>2026-07-26T08:02:21Z</time>
   </trkpt>
   <trkpt lat="25.0311380" lon="121.5921330">
    <ele>244.2</ele>
    <time>2026-07-26T08:02:22Z</time>
   </trkpt>
   <trkpt lat="25.0311330" lon="121.5921300">
    <ele>244.4</ele>
    <time>2026-07-26T08:02:23Z</time>
   </trkpt>
   <trkpt lat="25.0311270" lon="121.5921230">
    <ele>244.7</ele>
    <time>2026-07-26T08:02:24Z</time>
   </trkpt>
   <trkpt lat="25.0311250" lon="121.5921170">
    <ele>244.9</ele>
    <time>2026-07-26T08:02:25Z</time>
   </trkpt>
   <trkpt lat="25.0311200" lon="121.5921120">
    <ele>245.1</ele>
    <time>2026-07-26T08:02:26Z</time>
   </trkpt>
   <trkpt lat="25.0311100" lon="121.5921100">
    <ele>245.4</ele>
    <time>2026-07-26T08:02:27Z</time>
   </trkpt>
   <trkpt lat="25.0310990" lon="121.5921080">
    <ele>245.8</ele>
    <time>2026-07-26T08:02:28Z</time>
   </trkpt>
   <trkpt lat="25.0310900" lon="121.5921020">
    <ele>246.1</ele>
    <time>2026-07-26T08:02:29Z</time>
   </trkpt>
   <trkpt lat="25.0310850" lon="121.5921000">
    <ele>246.2</ele>
    <time>2026-07-26T08:02:30Z</time>
   </trkpt>
   <trkpt lat="25.0310770" lon="121.5920960">
    <ele>246.5</ele>
    <time>2026-07-26T08:02:31Z</time>
   </trkpt>
   <trkpt lat="25.0310730" lon="121.5920910">
    <ele>246.7</ele>
    <time>2026-07-26T08:02:32Z</time>
   </trkpt>
   <trkpt lat="25.0310640" lon="121.5920850">
    <ele>247.0</ele>
    <time>2026-07-26T08:02:33Z</time>
   </trkpt>
   <trkpt lat="25.0310630" lon="121.5920820">
    <ele>247.0</ele>
    <time>2026-07-26T08:02:34Z</time>
   </trkpt>
   <trkpt lat="25.0310540" lon="121.5920820">
    <ele>247.3</ele>
    <time>2026-07-26T08:02:35Z</time>
   </trkpt>
   <trkpt lat="25.0310450" lon="121.5920790">
    <ele>247.5</ele>
    <time>2026-07-26T08:02:36Z</time>
   </trkpt>
   <trkpt lat="25.0310300" lon="121.5920830">
    <ele>248.0</ele>
    <time>2026-07-26T08:02:37Z</time>
   </trkpt>
   <trkpt lat="25.0310290" lon="121.5920820">
    <ele>248.0</ele>
    <time>2026-07-26T08:02:38Z</time>
   </trkpt>
   <trkpt lat="25.0310220" lon="121.5920750">
    <ele>248.2</ele>
    <time>2026-07-26T08:02:39Z</time>
   </trkpt>
   <trkpt lat="25.0310180" lon="121.5920720">
    <ele>248.4</ele>
    <time>2026-07-26T08:02:40Z</time>
   </trkpt>
   <trkpt lat="25.0310140" lon="121.5920660">
    <ele>248.6</ele>
    <time>2026-07-26T08:02:41Z</time>
   </trkpt>
   <trkpt lat="25.0310090" lon="121.5920580">
    <ele>248.8</ele>
    <time>2026-07-26T08:02:42Z</time>
   </trkpt>
   <trkpt lat="25.0310050" lon="121.5920540">
    <ele>248.9</ele>
    <time>2026-07-26T08:02:43Z</time>
   </trkpt>
   <trkpt lat="25.0310000" lon="121.5920480">
    <ele>249.2</ele>
    <time>2026-07-26T08:02:44Z</time>
   </trkpt>
   <trkpt lat="25.0309980" lon="121.5920420">
    <ele>249.3</ele>
    <time>2026-07-26T08:02:45Z</time>
   </trkpt>
   <trkpt lat="25.0309900" lon="121.5920320">
    <ele>249.6</ele>
    <time>2026-07-26T08:02:46Z</time>
   </trkpt>
   <trkpt lat="25.0309840" lon="121.5920250">
    <ele>249.7</ele>
    <time>2026-07-26T08:02:47Z</time>
   </trkpt>
   <trkpt lat="25.0309800" lon="121.5920200">
    <ele>249.7</ele>
    <time>2026-07-26T08:02:48Z</time>
   </trkpt>
   <trkpt lat="25.0309720" lon="121.5920130">
    <ele>249.8</ele>
    <time>2026-07-26T08:02:49Z</time>
   </trkpt>
   <trkpt lat="25.0309670" lon="121.5920080">
    <ele>249.8</ele>
    <time>2026-07-26T08:02:50Z</time>
   </trkpt>
   <trkpt lat="25.0309650" lon="121.5920000">
    <ele>249.9</ele>
    <time>2026-07-26T08:02:51Z</time>
   </trkpt>
   <trkpt lat="25.0309580" lon="121.5919810">
    <ele>250.0</ele>
    <time>2026-07-26T08:02:52Z</time>
   </trkpt>
   <trkpt lat="25.0309500" lon="121.5919660">
    <ele>250.1</ele>
    <time>2026-07-26T08:02:53Z</time>
   </trkpt>
   <trkpt lat="25.0309430" lon="121.5919600">
    <ele>250.1</ele>
    <time>2026-07-26T08:02:54Z</time>
   </trkpt>
   <trkpt lat="25.0309350" lon="121.5919510">
    <ele>250.2</ele>
    <time>2026-07-26T08:02:55Z</time>
   </trkpt>
   <trkpt lat="25.0309260" lon="121.5919380">
    <ele>250.2</ele>
    <time>2026-07-26T08:02:56Z</time>
   </trkpt>
   <trkpt lat="25.0309200" lon="121.5919280">
    <ele>250.3</ele>
    <time>2026-07-26T08:02:57Z</time>
   </trkpt>
   <trkpt lat="25.0309140" lon="121.5919190">
    <ele>250.3</ele>
    <time>2026-07-26T08:02:58Z</time>
   </trkpt>
   <trkpt lat="25.0309040" lon="121.5919120">
    <ele>250.4</ele>
    <time>2026-07-26T08:02:59Z</time>
   </trkpt>
   <trkpt lat="25.0308930" lon="121.5919030">
    <ele>250.4</ele>
    <time>2026-07-26T08:03:00Z</time>
   </trkpt>
   <trkpt lat="25.0308830" lon="121.5918920">
    <ele>250.5</ele>
    <time>2026-07-26T08:03:01Z</time>
   </trkpt>
   <trkpt lat="25.0308750" lon="121.5918820">
    <ele>250.5</ele>
    <time>2026-07-26T08:03:02Z</time>
   </trkpt>
   <trkpt lat="25.0308680" lon="121.5918690">
    <ele>250.6</ele>
    <time>2026-07-26T08:03:03Z</time>
   </trkpt>
   <trkpt lat="25.0308570" lon="121.5918550">
    <ele>250.7</ele>
    <time>2026-07-26T08:03:04Z</time>
   </trkpt>
   <trkpt lat="25.0308450" lon="121.5918430">
    <ele>250.7</ele>
    <time>2026-07-26T08:03:05Z</time>
   </trkpt>
   <trkpt lat="25.0308370" lon="121.5918330">
    <ele>250.8</ele>
    <time>2026-07-26T08:03:06Z</time>
   </trkpt>
   <trkpt lat="25.0308260" lon="121.5918230">
    <ele>250.8</ele>
    <time>2026-07-26T08:03:07Z</time>
   </trkpt>
   <trkpt lat="25.0308160" lon="121.5918180">
    <ele>250.9</ele>
    <time>2026-07-26T08:03:08Z</time>
   </trkpt>
   <trkpt lat="25.0308080" lon="121.5918100">
    <ele>250.9</ele>
    <time>2026-07-26T08:03:09Z</time>
   </trkpt>
   <trkpt lat="25.0308020" lon="121.5918040">
    <ele>251.0</ele>
    <time>2026-07-26T08:03:10Z</time>
   </trkpt>
   <trkpt lat="25.0307940" lon="121.5917990">
    <ele>251.0</ele>
    <time>2026-07-26T08:03:11Z</time>
   </trkpt>
   <trkpt lat="25.0307880" lon="121.5917960">
    <ele>251.0</ele>
    <time>2026-07-26T08:03:12Z</time>
   </trkpt>
   <trkpt lat="25.0307790" lon="121.5917870">
    <ele>251.1</ele>
    <time>2026-07-26T08:03:13Z</time>
   </trkpt>
   <trkpt lat="25.0307740" lon="121.5917780">
    <ele>251.1</ele>
    <time>2026-07-26T08:03:14Z</time>
   </trkpt>
   <trkpt lat="25.0307710" lon="121.5917650">
    <ele>251.2</ele>
    <time>2026-07-26T08:03:15Z</time>
   </trkpt>
   <trkpt lat="25.0307720" lon="121.5917640">
    <ele>251.2</ele>
    <time>2026-07-26T08:03:16Z</time>
   </trkpt>
   <trkpt lat="25.0307770" lon="121.5917650">
    <ele>251.2</ele>
    <time>2026-07-26T08:03:17Z</time>
   </trkpt>
   <trkpt lat="25.0307800" lon="121.5917630">
    <ele>251.2</ele>
    <time>2026-07-26T08:03:18Z</time>
   </trkpt>
   <trkpt lat="25.0307830" lon="121.5917580">
    <ele>251.3</ele>
    <time>2026-07-26T08:03:19Z</time>
   </trkpt>
   <trkpt lat="25.0307840" lon="121.5917580">
    <ele>251.3</ele>
    <time>2026-07-26T08:03:20Z</time>
   </trkpt>
   <trkpt lat="25.0307780" lon="121.5917570">
    <ele>251.3</ele>
    <time>2026-07-26T08:03:21Z</time>
   </trkpt>
   <trkpt lat="25.0307690" lon="121.5917500">
    <ele>251.4</ele>
    <time>2026-07-26T08:03:22Z</time>
   </trkpt>
   <trkpt lat="25.0307630" lon="121.5917490">
    <ele>251.4</ele>
    <time>2026-07-26T08:03:23Z</time>
   </trkpt>
   <trkpt lat="25.0307590" lon="121.5917490">
    <ele>251.4</ele>
    <time>2026-07-26T08:03:24Z</time>
   </trkpt>
   <trkpt lat="25.0307630" lon="121.5917520">
    <ele>251.4</ele>
    <time>2026-07-26T08:03:25Z</time>
   </trkpt>
   <trkpt lat="25.0307540" lon="121.5917490">
    <ele>251.5</ele>
    <time>2026-07-26T08:03:26Z</time>
   </trkpt>
   <trkpt lat="25.0307560" lon="121.5917510">
    <ele>251.5</ele>
    <time>2026-07-26T08:03:27Z</time>
   </trkpt>
   <trkpt lat="25.0307470" lon="121.5917440">
    <ele>251.6</ele>
    <time>2026-07-26T08:03:28Z</time>
   </trkpt>
   <trkpt lat="25.0307480" lon="121.5917390">
    <ele>251.6</ele>
    <time>2026-07-26T08:03:29Z</time>
   </trkpt>
   <trkpt lat="25.0307490" lon="121.5917360">
    <ele>251.6</ele>
    <time>2026-07-26T08:03:30Z</time>
   </trkpt>
   <trkpt lat="25.0307460" lon="121.5917340">
    <ele>251.6</ele>
    <time>2026-07-26T08:03:31Z</time>
   </trkpt>
   <trkpt lat="25.0307500" lon="121.5917380">
    <ele>251.6</ele>
    <time>2026-07-26T08:03:32Z</time>
   </trkpt>
   <trkpt lat="25.0307470" lon="121.5917330">
    <ele>251.7</ele>
    <time>2026-07-26T08:03:33Z</time>
   </trkpt>
   <trkpt lat="25.0307470" lon="121.5917340">
    <ele>251.7</ele>
    <time>2026-07-26T08:03:34Z</time>
   </trkpt>
   <trkpt lat="25.0307440" lon="121.5917280">
    <ele>251.7</ele>
    <time>2026-07-26T08:03:35Z</time>
   </trkpt>
   <trkpt lat="25.0307320" lon="121.5917260">
    <ele>251.8</ele>
    <time>2026-07-26T08:03:36Z</time>
   </trkpt>
   <trkpt lat="25.0307250" lon="121.5917270">
    <ele>251.8</ele>
    <time>2026-07-26T08:03:37Z</time>
   </trkpt>
   <trkpt lat="25.0307200" lon="121.5917190">
    <ele>251.9</ele>
    <time>2026-07-26T08:03:38Z</time>
   </trkpt>
   <trkpt lat="25.0307230" lon="121.5917220">
    <ele>251.9</ele>
    <time>2026-07-26T08:03:39Z</time>
   </trkpt>
   <trkpt lat="25.0307230" lon="121.5917230">
    <ele>251.9</ele>
    <time>2026-07-26T08:03:40Z</time>
   </trkpt>
   <trkpt lat="25.0307250" lon="121.5917240">
    <ele>251.9</ele>
    <time>2026-07-26T08:03:41Z</time>
   </trkpt>
   <trkpt lat="25.0307250" lon="121.5917240">
    <ele>251.9</ele>
    <time>2026-07-26T08:03:42Z</time>
   </trkpt>
   <trkpt lat="25.0307250" lon="121.5917240">
    <ele>251.9</ele>
    <time>2026-07-26T08:03:43Z</time>
   </trkpt>
   <trkpt lat="25.0307270" lon="121.5917240">
    <ele>251.9</ele>
    <time>2026-07-26T08:03:44Z</time>
   </trkpt>
   <trkpt lat="25.0307280" lon="121.5917250">
    <ele>251.9</ele>
    <time>2026-07-26T08:03:45Z</time>
   </trkpt>
   <trkpt lat="25.0307300" lon="121.5917270">
    <ele>252.0</ele>
    <time>2026-07-26T08:03:46Z</time>
   </trkpt>
   <trkpt lat="25.0307300" lon="121.5917280">
    <ele>252.0</ele>
    <time>2026-07-26T08:03:47Z</time>
   </trkpt>
   <trkpt lat="25.0307290" lon="121.5917280">
    <ele>252.0</ele>
    <time>2026-07-26T08:03:48Z</time>
   </trkpt>
   <trkpt lat="25.0307270" lon="121.5917260">
    <ele>252.0</ele>
    <time>2026-07-26T08:03:49Z</time>
   </trkpt>
   <trkpt lat="25.0307280" lon="121.5917280">
    <ele>252.0</ele>
    <time>2026-07-26T08:03:50Z</time>
   </trkpt>
   <trkpt lat="25.0307290" lon="121.5917270">
    <ele>252.0</ele>
    <time>2026-07-26T08:03:51Z</time>
   </trkpt>
   <trkpt lat="25.0307290" lon="121.5917270">
    <ele>252.0</ele>
    <time>2026-07-26T08:03:52Z</time>
   </trkpt>
   <trkpt lat="25.0307280" lon="121.5917270">
    <ele>252.0</ele>
    <time>2026-07-26T08:03:53Z</time>
   </trkpt>
   <trkpt lat="25.0307250" lon="121.5917280">
    <ele>252.0</ele>
    <time>2026-07-26T08:03:54Z</time>
   </trkpt>
   <trkpt lat="25.0307260" lon="121.5917320">
    <ele>252.1</ele>
    <time>2026-07-26T08:03:55Z</time>
   </trkpt>
   <trkpt lat="25.0307260" lon="121.5917340">
    <ele>252.1</ele>
    <time>2026-07-26T08:03:56Z</time>
   </trkpt>
   <trkpt lat="25.0307280" lon="121.5917350">
    <ele>252.1</ele>
    <time>2026-07-26T08:03:57Z</time>
   </trkpt>
   <trkpt lat="25.0307250" lon="121.5917350">
    <ele>252.1</ele>
    <time>2026-07-26T08:03:58Z</time>
   </trkpt>
   <trkpt lat="25.0307260" lon="121.5917370">
    <ele>252.1</ele>
    <time>2026-07-26T08:03:59Z</time>
   </trkpt>
   <trkpt lat="25.0307230" lon="121.5917360">
    <ele>252.1</ele>
    <time>2026-07-26T08:04:00Z</time>
   </trkpt>
   <trkpt lat="25.0307220" lon="121.5917380">
    <ele>252.1</ele>
    <time>2026-07-26T08:04:01Z</time>
   </trkpt>
   <trkpt lat="25.0307240" lon="121.5917380">
    <ele>252.2</ele>
    <time>2026-07-26T08:04:02Z</time>
   </trkpt>
   <trkpt lat="25.0307260" lon="121.5917380">
    <ele>252.2</ele>
    <time>2026-07-26T08:04:03Z</time>
   </trkpt>
   <trkpt lat="25.0307250" lon="121.5917370">
    <ele>252.2</ele>
    <time>2026-07-26T08:04:04Z</time>
   </trkpt>
   <trkpt lat="25.0307240" lon="121.5917370">
    <ele>252.2</ele>
    <time>2026-07-26T08:04:05Z</time>
   </trkpt>
   <trkpt lat="25.0307220" lon="121.5917370">
    <ele>252.2</ele>
    <time>2026-07-26T08:04:06Z</time>
   </trkpt>
   <trkpt lat="25.0307190" lon="121.5917390">
    <ele>252.2</ele>
    <time>2026-07-26T08:04:07Z</time>
   </trkpt>
   <trkpt lat="25.0307180" lon="121.5917370">
    <ele>252.2</ele>
    <time>2026-07-26T08:04:08Z</time>
   </trkpt>
   <trkpt lat="25.0307180" lon="121.5917390">
    <ele>252.2</ele>
    <time>2026-07-26T08:04:09Z</time>
   </trkpt>
   <trkpt lat="25.0307160" lon="121.5917400">
    <ele>252.2</ele>
    <time>2026-07-26T08:04:10Z</time>
   </trkpt>
   <trkpt lat="25.0307230" lon="121.5917360">
    <ele>252.3</ele>
    <time>2026-07-26T08:04:11Z</time>
   </trkpt>
   <trkpt lat="25.0307200" lon="121.5917380">
    <ele>252.3</ele>
    <time>2026-07-26T08:04:12Z</time>
   </trkpt>
   <trkpt lat="25.0307200" lon="121.5917350">
    <ele>252.3</ele>
    <time>2026-07-26T08:04:13Z</time>
   </trkpt>
   <trkpt lat="25.0307190" lon="121.5917370">
    <ele>252.3</ele>
    <time>2026-07-26T08:04:14Z</time>
   </trkpt>
   <trkpt lat="25.0307190" lon="121.5917370">
    <ele>252.3</ele>
    <time>2026-07-26T08:04:15Z</time>
   </trkpt>
   <trkpt lat="25.0307190" lon="121.5917370">
    <ele>252.3</ele>
    <time>2026-07-26T08:04:16Z</time>
   </trkpt>
   <trkpt lat="25.0307190" lon="121.5917370">
    <ele>252.3</ele>
    <time>2026-07-26T08:04:17Z</time>
   </trkpt>
   <trkpt lat="25.0307210" lon="121.5917380">
    <ele>252.3</ele>
    <time>2026-07-26T08:04:18Z</time>
   </trkpt>
   <trkpt lat="25.0307210" lon="121.5917380">
    <ele>252.3</ele>
    <time>2026-07-26T08:04:19Z</time>
   </trkpt>
   <trkpt lat="25.0307200" lon="121.5917370">
    <ele>252.3</ele>
    <time>2026-07-26T08:04:20Z</time>
   </trkpt>
   <trkpt lat="25.0307170" lon="121.5917370">
    <ele>252.4</ele>
    <time>2026-07-26T08:04:21Z</time>
   </trkpt>
   <trkpt lat="25.0307150" lon="121.5917390">
    <ele>252.4</ele>
    <time>2026-07-26T08:04:22Z</time>
   </trkpt>
   <trkpt lat="25.0307140" lon="121.5917340">
    <ele>252.4</ele>
    <time>2026-07-26T08:04:23Z</time>
   </trkpt>
   <trkpt lat="25.0307130" lon="121.5917300">
    <ele>252.4</ele>
    <time>2026-07-26T08:04:24Z</time>
   </trkpt>
   <trkpt lat="25.0307120" lon="121.5917270">
    <ele>252.4</ele>
    <time>2026-07-26T08:04:25Z</time>
   </trkpt>
   <trkpt lat="25.0307120" lon="121.5917280">
    <ele>252.4</ele>
    <time>2026-07-26T08:04:26Z</time>
   </trkpt>
   <trkpt lat="25.0307120" lon="121.5917290">
    <ele>252.4</ele>
    <time>2026-07-26T08:04:27Z</time>
   </trkpt>
   <trkpt lat="25.0307120" lon="121.5917240">
    <ele>252.5</ele>
    <time>2026-07-26T08:04:28Z</time>
   </trkpt>
   <trkpt lat="25.0307100" lon="121.5917210">
    <ele>252.5</ele>
    <time>2026-07-26T08:04:29Z</time>
   </trkpt>
   <trkpt lat="25.0307030" lon="121.5917180">
    <ele>252.5</ele>
    <time>2026-07-26T08:04:30Z</time>
   </trkpt>
   <trkpt lat="25.0306940" lon="121.5917170">
    <ele>252.5</ele>
    <time>2026-07-26T08:04:31Z</time>
   </trkpt>
   <trkpt lat="25.0306890" lon="121.5917220">
    <ele>252.6</ele>
    <time>2026-07-26T08:04:32Z</time>
   </trkpt>
   <trkpt lat="25.0306820" lon="121.5917250">
    <ele>252.6</ele>
    <time>2026-07-26T08:04:33Z</time>
   </trkpt>
   <trkpt lat="25.0306710" lon="121.5917250">
    <ele>252.6</ele>
    <time>2026-07-26T08:04:34Z</time>
   </trkpt>
   <trkpt lat="25.0306630" lon="121.5917200">
    <ele>252.6</ele>
    <time>2026-07-26T08:04:35Z</time>
   </trkpt>
   <trkpt lat="25.0306600" lon="121.5917220">
    <ele>252.6</ele>
    <time>2026-07-26T08:04:36Z</time>
   </trkpt>
   <trkpt lat="25.0306510" lon="121.5917220">
    <ele>252.7</ele>
    <time>2026-07-26T08:04:37Z</time>
   </trkpt>
   <trkpt lat="25.0306400" lon="121.5917210">
    <ele>252.7</ele>
    <time>2026-07-26T08:04:38Z</time>
   </trkpt>
   <trkpt lat="25.0306270" lon="121.5917200">
    <ele>252.7</ele>
    <time>2026-07-26T08:04:39Z</time>
   </trkpt>
   <trkpt lat="25.0306160" lon="121.5917210">
    <ele>252.7</ele>
    <time>2026-07-26T08:04:40Z</time>
   </trkpt>
   <trkpt lat="25.0306060" lon="121.5917190">
    <ele>252.7</ele>
    <time>2026-07-26T08:04:41Z</time>
   </trkpt>
   <trkpt lat="25.0305870" lon="121.5917160">
    <ele>252.7</ele>
    <time>2026-07-26T08:04:42Z</time>
   </trkpt>
   <trkpt lat="25.0305720" lon="121.5917180">
    <ele>252.7</ele>
    <time>2026-07-26T08:04:43Z</time>
   </trkpt>
   <trkpt lat="25.0305520" lon="121.5917150">
    <ele>252.7</ele>
    <time>2026-07-26T08:04:44Z</time>
   </trkpt>
   <trkpt lat="25.0305440" lon="121.5917100">
    <ele>252.7</ele>
    <time>2026-07-26T08:04:45Z</time>
   </trkpt>
   <trkpt lat="25.0305330" lon="121.5917050">
    <ele>252.6</ele>
    <time>2026-07-26T08:04:46Z</time>
   </trkpt>
   <trkpt lat="25.0305200" lon="121.5917020">
    <ele>252.6</ele>
    <time>2026-07-26T08:04:47Z</time>
   </trkpt>
   <trkpt lat="25.0305050" lon="121.5917020">
    <ele>252.6</ele>
    <time>2026-07-26T08:04:48Z</time>
   </trkpt>
   <trkpt lat="25.0304900" lon="121.5916980">
    <ele>252.5</ele>
    <time>2026-07-26T08:04:49Z</time>
   </trkpt>
   <trkpt lat="25.0304770" lon="121.5916990">
    <ele>252.5</ele>
    <time>2026-07-26T08:04:50Z</time>
   </trkpt>
   <trkpt lat="25.0304620" lon="121.5916970">
    <ele>252.5</ele>
    <time>2026-07-26T08:04:51Z</time>
   </trkpt>
   <trkpt lat="25.0304470" lon="121.5916970">
    <ele>252.4</ele>
    <time>2026-07-26T08:04:52Z</time>
   </trkpt>
   <trkpt lat="25.0304320" lon="121.5916900">
    <ele>252.4</ele>
    <time>2026-07-26T08:04:53Z</time>
   </trkpt>
   <trkpt lat="25.0304200" lon="121.5916860">
    <ele>252.4</ele>
    <time>2026-07-26T08:04:54Z</time>
   </trkpt>
   <trkpt lat="25.0304070" lon="121.5916820">
    <ele>252.4</ele>
    <time>2026-07-26T08:04:55Z</time>
   </trkpt>
   <trkpt lat="25.0303980" lon="121.5916760">
    <ele>252.3</ele>
    <time>2026-07-26T08:04:56Z</time>
   </trkpt>
   <trkpt lat="25.0303880" lon="121.5916670">
    <ele>252.3</ele>
    <time>2026-07-26T08:04:57Z</time>
   </trkpt>
   <trkpt lat="25.0303790" lon="121.5916620">
    <ele>252.3</ele>
    <time>2026-07-26T08:04:58Z</time>
   </trkpt>
   <trkpt lat="25.0303740" lon="121.5916520">
    <ele>252.3</ele>
    <time>2026-07-26T08:04:59Z</time>
   </trkpt>
   <trkpt lat="25.0303640" lon="121.5916380">
    <ele>252.3</ele>
    <time>2026-07-26T08:05:00Z</time>
   </trkpt>
   <trkpt lat="25.0303540" lon="121.5916260">
    <ele>252.2</ele>
    <time>2026-07-26T08:05:01Z</time>
   </trkpt>
   <trkpt lat="25.0303470" lon="121.5916190">
    <ele>252.2</ele>
    <time>2026-07-26T08:05:02Z</time>
   </trkpt>
   <trkpt lat="25.0303360" lon="121.5916030">
    <ele>252.3</ele>
    <time>2026-07-26T08:05:03Z</time>
   </trkpt>
   <trkpt lat="25.0303270" lon="121.5915910">
    <ele>252.4</ele>
    <time>2026-07-26T08:05:04Z</time>
   </trkpt>
   <trkpt lat="25.0303190" lon="121.5915820">
    <ele>252.5</ele>
    <time>2026-07-26T08:05:05Z</time>
   </trkpt>
   <trkpt lat="25.0303030" lon="121.5915750">
    <ele>252.6</ele>
    <time>2026-07-26T08:05:06Z</time>
   </trkpt>
   <trkpt lat="25.0302930" lon="121.5915630">
    <ele>252.8</ele>
    <time>2026-07-26T08:05:07Z</time>
   </trkpt>
   <trkpt lat="25.0302770" lon="121.5915530">
    <ele>252.9</ele>
    <time>2026-07-26T08:05:08Z</time>
   </trkpt>
   <trkpt lat="25.0302700" lon="121.5915490">
    <ele>253.0</ele>
    <time>2026-07-26T08:05:09Z</time>
   </trkpt>
   <trkpt lat="25.0302600" lon="121.5915400">
    <ele>253.1</ele>
    <time>2026-07-26T08:05:10Z</time>
   </trkpt>
   <trkpt lat="25.0302520" lon="121.5915360">
    <ele>253.2</ele>
    <time>2026-07-26T08:05:11Z</time>
   </trkpt>
   <trkpt lat="25.0302480" lon="121.5915290">
    <ele>253.2</ele>
    <time>2026-07-26T08:05:12Z</time>
   </trkpt>
   <trkpt lat="25.0302410" lon="121.5915210">
    <ele>253.3</ele>
    <time>2026-07-26T08:05:13Z</time>
   </trkpt>
   <trkpt lat="25.0302350" lon="121.5915140">
    <ele>253.4</ele>
    <time>2026-07-26T08:05:14Z</time>
   </trkpt>
   <trkpt lat="25.0302270" lon="121.5915000">
    <ele>253.5</ele>
    <time>2026-07-26T08:05:15Z</time>
   </trkpt>
   <trkpt lat="25.0302220" lon="121.5914890">
    <ele>253.6</ele>
    <time>2026-07-26T08:05:16Z</time>
   </trkpt>
   <trkpt lat="25.0302130" lon="121.5914830">
    <ele>253.6</ele>
    <time>2026-07-26T08:05:17Z</time>
   </trkpt>
   <trkpt lat="25.0302020" lon="121.5914740">
    <ele>253.7</ele>
    <time>2026-07-26T08:05:18Z</time>
   </trkpt>
   <trkpt lat="25.0301930" lon="121.5914640">
    <ele>253.8</ele>
    <time>2026-07-26T08:05:19Z</time>
   </trkpt>
   <trkpt lat="25.0301840" lon="121.5914510">
    <ele>253.9</ele>
    <time>2026-07-26T08:05:20Z</time>
   </trkpt>
   <trkpt lat="25.0301740" lon="121.5914410">
    <ele>253.9</ele>
    <time>2026-07-26T08:05:21Z</time>
   </trkpt>
   <trkpt lat="25.0301640" lon="121.5914330">
    <ele>254.0</ele>
    <time>2026-07-26T08:05:22Z</time>
   </trkpt>
   <trkpt lat="25.0301540" lon="121.5914240">
    <ele>254.1</ele>
    <time>2026-07-26T08:05:23Z</time>
   </trkpt>
   <trkpt lat="25.0301410" lon="121.5914070">
    <ele>254.2</ele>
    <time>2026-07-26T08:05:24Z</time>
   </trkpt>
   <trkpt lat="25.0301310" lon="121.5913880">
    <ele>254.2</ele>
    <time>2026-07-26T08:05:25Z</time>
   </trkpt>
   <trkpt lat="25.0301240" lon="121.5913770">
    <ele>254.3</ele>
    <time>2026-07-26T08:05:26Z</time>
   </trkpt>
   <trkpt lat="25.0301130" lon="121.5913680">
    <ele>254.3</ele>
    <time>2026-07-26T08:05:27Z</time>
   </trkpt>
   <trkpt lat="25.0301050" lon="121.5913560">
    <ele>254.4</ele>
    <time>2026-07-26T08:05:28Z</time>
   </trkpt>
   <trkpt lat="25.0300920" lon="121.5913450">
    <ele>254.4</ele>
    <time>2026-07-26T08:05:29Z</time>
   </trkpt>
   <trkpt lat="25.0300800" lon="121.5913360">
    <ele>254.4</ele>
    <time>2026-07-26T08:05:30Z</time>
   </trkpt>
   <trkpt lat="25.0300680" lon="121.5913300">
    <ele>254.5</ele>
    <time>2026-07-26T08:05:31Z</time>
   </trkpt>
   <trkpt lat="25.0300580" lon="121.5913200">
    <ele>254.5</ele>
    <time>2026-07-26T08:05:32Z</time>
   </trkpt>
   <trkpt lat="25.0300430" lon="121.5913090">
    <ele>254.5</ele>
    <time>2026-07-26T08:05:33Z</time>
   </trkpt>
   <trkpt lat="25.0300360" lon="121.5913040">
    <ele>254.6</ele>
    <time>2026-07-26T08:05:34Z</time>
   </trkpt>
   <trkpt lat="25.0300250" lon="121.5912950">
    <ele>254.6</ele>
    <time>2026-07-26T08:05:35Z</time>
   </trkpt>
   <trkpt lat="25.0300180" lon="121.5912790">
    <ele>254.6</ele>
    <time>2026-07-26T08:05:36Z</time>
   </trkpt>
   <trkpt lat="25.0300110" lon="121.5912640">
    <ele>254.7</ele>
    <time>2026-07-26T08:05:37Z</time>
   </trkpt>
   <trkpt lat="25.0300010" lon="121.5912530">
    <ele>254.7</ele>
    <time>2026-07-26T08:05:38Z</time>
   </trkpt>
   <trkpt lat="25.0299940" lon="121.5912480">
    <ele>254.8</ele>
    <time>2026-07-26T08:05:39Z</time>
   </trkpt>
   <trkpt lat="25.0299760" lon="121.5912360">
    <ele>254.8</ele>
    <time>2026-07-26T08:05:40Z</time>
   </trkpt>
   <trkpt lat="25.0299660" lon="121.5912380">
    <ele>254.9</ele>
    <time>2026-07-26T08:05:41Z</time>
   </trkpt>
   <trkpt lat="25.0299470" lon="121.5912430">
    <ele>255.4</ele>
    <time>2026-07-26T08:05:42Z</time>
   </trkpt>
   <trkpt lat="25.0299340" lon="121.5912400">
    <ele>255.9</ele>
    <time>2026-07-26T08:05:43Z</time>
   </trkpt>
   <trkpt lat="25.0299320" lon="121.5912290">
    <ele>256.2</ele>
    <time>2026-07-26T08:05:44Z</time>
   </trkpt>
   <trkpt lat="25.0299240" lon="121.5912270">
    <ele>256.5</ele>
    <time>2026-07-26T08:05:45Z</time>
   </trkpt>
   <trkpt lat="25.0299180" lon="121.5912200">
    <ele>256.8</ele>
    <time>2026-07-26T08:05:46Z</time>
   </trkpt>
   <trkpt lat="25.0299140" lon="121.5912190">
    <ele>257.0</ele>
    <time>2026-07-26T08:05:47Z</time>
   </trkpt>
   <trkpt lat="25.0299100" lon="121.5912150">
    <ele>257.2</ele>
    <time>2026-07-26T08:05:48Z</time>
   </trkpt>
   <trkpt lat="25.0299080" lon="121.5912120">
    <ele>257.3</ele>
    <time>2026-07-26T08:05:49Z</time>
   </trkpt>
   <trkpt lat="25.0299080" lon="121.5912050">
    <ele>257.5</ele>
    <time>2026-07-26T08:05:50Z</time>
   </trkpt>
   <trkpt lat="25.0299030" lon="121.5912040">
    <ele>257.7</ele>
    <time>2026-07-26T08:05:51Z</time>
   </trkpt>
   <trkpt lat="25.0298990" lon="121.5912060">
    <ele>257.9</ele>
    <time>2026-07-26T08:05:52Z</time>
   </trkpt>
   <trkpt lat="25.0298900" lon="121.5912050">
    <ele>258.2</ele>
    <time>2026-07-26T08:05:53Z</time>
   </trkpt>
   <trkpt lat="25.0298830" lon="121.5911950">
    <ele>258.6</ele>
    <time>2026-07-26T08:05:54Z</time>
   </trkpt>
   <trkpt lat="25.0298740" lon="121.5911850">
    <ele>259.0</ele>
    <time>2026-07-26T08:05:55Z</time>
   </trkpt>
   <trkpt lat="25.0298710" lon="121.5911850">
    <ele>259.1</ele>
    <time>2026-07-26T08:05:56Z</time>
   </trkpt>
   <trkpt lat="25.0298650" lon="121.5911830">
    <ele>259.4</ele>
    <time>2026-07-26T08:05:57Z</time>
   </trkpt>
   <trkpt lat="25.0298600" lon="121.5911850">
    <ele>259.6</ele>
    <time>2026-07-26T08:05:58Z</time>
   </trkpt>
   <trkpt lat="25.0298550" lon="121.5911860">
    <ele>259.7</ele>
    <time>2026-07-26T08:05:59Z</time>
   </trkpt>
   <trkpt lat="25.0298500" lon="121.5911850">
    <ele>259.9</ele>
    <time>2026-07-26T08:06:00Z</time>
   </trkpt>
   <trkpt lat="25.0298450" lon="121.5911840">
    <ele>260.1</ele>
    <time>2026-07-26T08:06:01Z</time>
   </trkpt>
   <trkpt lat="25.0298410" lon="121.5911820">
    <ele>260.2</ele>
    <time>2026-07-26T08:06:02Z</time>
   </trkpt>
   <trkpt lat="25.0298280" lon="121.5911780">
    <ele>260.7</ele>
    <time>2026-07-26T08:06:03Z</time>
   </trkpt>
   <trkpt lat="25.0298220" lon="121.5911750">
    <ele>261.0</ele>
    <time>2026-07-26T08:06:04Z</time>
   </trkpt>
   <trkpt lat="25.0298190" lon="121.5911700">
    <ele>261.1</ele>
    <time>2026-07-26T08:06:05Z</time>
   </trkpt>
   <trkpt lat="25.0298150" lon="121.5911620">
    <ele>261.4</ele>
    <time>2026-07-26T08:06:06Z</time>
   </trkpt>
   <trkpt lat="25.0298140" lon="121.5911550">
    <ele>261.6</ele>
    <time>2026-07-26T08:06:07Z</time>
   </trkpt>
   <trkpt lat="25.0298180" lon="121.5911500">
    <ele>261.8</ele>
    <time>2026-07-26T08:06:08Z</time>
   </trkpt>
   <trkpt lat="25.0298160" lon="121.5911460">
    <ele>262.0</ele>
    <time>2026-07-26T08:06:09Z</time>
   </trkpt>
   <trkpt lat="25.0298180" lon="121.5911370">
    <ele>262.2</ele>
    <time>2026-07-26T08:06:10Z</time>
   </trkpt>
   <trkpt lat="25.0298280" lon="121.5911250">
    <ele>262.7</ele>
    <time>2026-07-26T08:06:11Z</time>
   </trkpt>
   <trkpt lat="25.0298310" lon="121.5911150">
    <ele>263.0</ele>
    <time>2026-07-26T08:06:12Z</time>
   </trkpt>
   <trkpt lat="25.0298380" lon="121.5911090">
    <ele>263.3</ele>
    <time>2026-07-26T08:06:13Z</time>
   </trkpt>
   <trkpt lat="25.0298420" lon="121.5911050">
    <ele>263.5</ele>
    <time>2026-07-26T08:06:14Z</time>
   </trkpt>
   <trkpt lat="25.0298500" lon="121.5910990">
    <ele>263.8</ele>
    <time>2026-07-26T08:06:15Z</time>
   </trkpt>
   <trkpt lat="25.0298560" lon="121.5910890">
    <ele>264.1</ele>
    <time>2026-07-26T08:06:16Z</time>
   </trkpt>
   <trkpt lat="25.0298600" lon="121.5910830">
    <ele>264.3</ele>
    <time>2026-07-26T08:06:17Z</time>
   </trkpt>
   <trkpt lat="25.0298650" lon="121.5910740">
    <ele>264.6</ele>
    <time>2026-07-26T08:06:18Z</time>
   </trkpt>
   <trkpt lat="25.0298730" lon="121.5910650">
    <ele>264.9</ele>
    <time>2026-07-26T08:06:19Z</time>
   </trkpt>
   <trkpt lat="25.0298780" lon="121.5910560">
    <ele>265.2</ele>
    <time>2026-07-26T08:06:20Z</time>
   </trkpt>
   <trkpt lat="25.0298840" lon="121.5910490">
    <ele>265.4</ele>
    <time>2026-07-26T08:06:21Z</time>
   </trkpt>
   <trkpt lat="25.0298880" lon="121.5910420">
    <ele>265.6</ele>
    <time>2026-07-26T08:06:22Z</time>
   </trkpt>
   <trkpt lat="25.0298870" lon="121.5910330">
    <ele>265.9</ele>
    <time>2026-07-26T08:06:23Z</time>
   </trkpt>
   <trkpt lat="25.0298820" lon="121.5910190">
    <ele>266.2</ele>
    <time>2026-07-26T08:06:24Z</time>
   </trkpt>
   <trkpt lat="25.0298830" lon="121.5910050">
    <ele>266.6</ele>
    <time>2026-07-26T08:06:25Z</time>
   </trkpt>
   <trkpt lat="25.0298830" lon="121.5909930">
    <ele>266.9</ele>
    <time>2026-07-26T08:06:26Z</time>
   </trkpt>
   <trkpt lat="25.0298830" lon="121.5909840">
    <ele>267.1</ele>
    <time>2026-07-26T08:06:27Z</time>
   </trkpt>
   <trkpt lat="25.0298860" lon="121.5909720">
    <ele>267.4</ele>
    <time>2026-07-26T08:06:28Z</time>
   </trkpt>
   <trkpt lat="25.0298830" lon="121.5909630">
    <ele>267.7</ele>
    <time>2026-07-26T08:06:29Z</time>
   </trkpt>
   <trkpt lat="25.0298830" lon="121.5909570">
    <ele>267.8</ele>
    <time>2026-07-26T08:06:30Z</time>
   </trkpt>
   <trkpt lat="25.0298870" lon="121.5909450">
    <ele>268.1</ele>
    <time>2026-07-26T08:06:31Z</time>
   </trkpt>
   <trkpt lat="25.0298890" lon="121.5909340">
    <ele>268.4</ele>
    <time>2026-07-26T08:06:32Z</time>
   </trkpt>
   <trkpt lat="25.0298890" lon="121.5909230">
    <ele>268.6</ele>
    <time>2026-07-26T08:06:33Z</time>
   </trkpt>
   <trkpt lat="25.0298890" lon="121.5909150">
    <ele>268.8</ele>
    <time>2026-07-26T08:06:34Z</time>
   </trkpt>
   <trkpt lat="25.0298930" lon="121.5909020">
    <ele>269.1</ele>
    <time>2026-07-26T08:06:35Z</time>
   </trkpt>
   <trkpt lat="25.0298920" lon="121.5908960">
    <ele>269.3</ele>
    <time>2026-07-26T08:06:36Z</time>
   </trkpt>
   <trkpt lat="25.0298950" lon="121.5908880">
    <ele>269.5</ele>
    <time>2026-07-26T08:06:37Z</time>
   </trkpt>
   <trkpt lat="25.0298990" lon="121.5908840">
    <ele>269.6</ele>
    <time>2026-07-26T08:06:38Z</time>
   </trkpt>
   <trkpt lat="25.0299020" lon="121.5908790">
    <ele>269.8</ele>
    <time>2026-07-26T08:06:39Z</time>
   </trkpt>
   <trkpt lat="25.0299020" lon="121.5908710">
    <ele>270.0</ele>
    <time>2026-07-26T08:06:40Z</time>
   </trkpt>
   <trkpt lat="25.0299040" lon="121.5908630">
    <ele>270.2</ele>
    <time>2026-07-26T08:06:41Z</time>
   </trkpt>
   <trkpt lat="25.0299060" lon="121.5908490">
    <ele>270.5</ele>
    <time>2026-07-26T08:06:42Z</time>
   </trkpt>
   <trkpt lat="25.0299080" lon="121.5908440">
    <ele>270.6</ele>
    <time>2026-07-26T08:06:43Z</time>
   </trkpt>
   <trkpt lat="25.0299060" lon="121.5908360">
    <ele>270.8</ele>
    <time>2026-07-26T08:06:44Z</time>
   </trkpt>
   <trkpt lat="25.0299040" lon="121.5908280">
    <ele>271.0</ele>
    <time>2026-07-26T08:06:45Z</time>
   </trkpt>
   <trkpt lat="25.0299110" lon="121.5908180">
    <ele>271.3</ele>
    <time>2026-07-26T08:06:46Z</time>
   </trkpt>
   <trkpt lat="25.0299110" lon="121.5908130">
    <ele>271.4</ele>
    <time>2026-07-26T08:06:47Z</time>
   </trkpt>
   <trkpt lat="25.0299080" lon="121.5908020">
    <ele>271.7</ele>
    <time>2026-07-26T08:06:48Z</time>
   </trkpt>
   <trkpt lat="25.0299070" lon="121.5907910">
    <ele>271.9</ele>
    <time>2026-07-26T08:06:49Z</time>
   </trkpt>
   <trkpt lat="25.0299050" lon="121.5907890">
    <ele>272.0</ele>
    <time>2026-07-26T08:06:50Z</time>
   </trkpt>
   <trkpt lat="25.0299060" lon="121.5907820">
    <ele>272.2</ele>
    <time>2026-07-26T08:06:51Z</time>
   </trkpt>
   <trkpt lat="25.0299080" lon="121.5907750">
    <ele>272.4</ele>
    <time>2026-07-26T08:06:52Z</time>
   </trkpt>
   <trkpt lat="25.0299030" lon="121.5907650">
    <ele>272.6</ele>
    <time>2026-07-26T08:06:53Z</time>
   </trkpt>
   <trkpt lat="25.0299010" lon="121.5907560">
    <ele>272.8</ele>
    <time>2026-07-26T08:06:54Z</time>
   </trkpt>
   <trkpt lat="25.0298960" lon="121.5907470">
    <ele>273.1</ele>
    <time>2026-07-26T08:06:55Z</time>
   </trkpt>
   <trkpt lat="25.0298870" lon="121.5907360">
    <ele>273.4</ele>
    <time>2026-07-26T08:06:56Z</time>
   </trkpt>
   <trkpt lat="25.0298810" lon="121.5907300">
    <ele>273.6</ele>
    <time>2026-07-26T08:06:57Z</time>
   </trkpt>
   <trkpt lat="25.0298760" lon="121.5907280">
    <ele>273.7</ele>
    <time>2026-07-26T08:06:58Z</time>
   </trkpt>
   <trkpt lat="25.0298710" lon="121.5907230">
    <ele>273.9</ele>
    <time>2026-07-26T08:06:59Z</time>
   </trkpt>
   <trkpt lat="25.0298630" lon="121.5907130">
    <ele>274.2</ele>
    <time>2026-07-26T08:07:00Z</time>
   </trkpt>
   <trkpt lat="25.0298550" lon="121.5907090">
    <ele>274.4</ele>
    <time>2026-07-26T08:07:01Z</time>
   </trkpt>
   <trkpt lat="25.0298530" lon="121.5907030">
    <ele>274.5</ele>
    <time>2026-07-26T08:07:02Z</time>
   </trkpt>
   <trkpt lat="25.0298470" lon="121.5906910">
    <ele>274.8</ele>
    <time>2026-07-26T08:07:03Z</time>
   </trkpt>
   <trkpt lat="25.0298450" lon="121.5906810">
    <ele>275.0</ele>
    <time>2026-07-26T08:07:04Z</time>
   </trkpt>
   <trkpt lat="25.0298420" lon="121.5906660">
    <ele>275.3</ele>
    <time>2026-07-26T08:07:05Z</time>
   </trkpt>
   <trkpt lat="25.0298380" lon="121.5906540">
    <ele>275.6</ele>
    <time>2026-07-26T08:07:06Z</time>
   </trkpt>
   <trkpt lat="25.0298350" lon="121.5906480">
    <ele>275.7</ele>
    <time>2026-07-26T08:07:07Z</time>
   </trkpt>
   <trkpt lat="25.0298340" lon="121.5906430">
    <ele>275.8</ele>
    <time>2026-07-26T08:07:08Z</time>
   </trkpt>
   <trkpt lat="25.0298340" lon="121.5906280">
    <ele>276.1</ele>
    <time>2026-07-26T08:07:09Z</time>
   </trkpt>
   <trkpt lat="25.0298380" lon="121.5906180">
    <ele>276.3</ele>
    <time>2026-07-26T08:07:10Z</time>
   </trkpt>
   <trkpt lat="25.0298450" lon="121.5906060">
    <ele>276.6</ele>
    <time>2026-07-26T08:07:11Z</time>
   </trkpt>
   <trkpt lat="25.0298500" lon="121.5905970">
    <ele>276.8</ele>
    <time>2026-07-26T08:07:12Z</time>
   </trkpt>
   <trkpt lat="25.0298540" lon="121.5905880">
    <ele>276.9</ele>
    <time>2026-07-26T08:07:13Z</time>
   </trkpt>
   <trkpt lat="25.0298570" lon="121.5905810">
    <ele>277.1</ele>
    <time>2026-07-26T08:07:14Z</time>
   </trkpt>
   <trkpt lat="25.0298660" lon="121.5905690">
    <ele>277.3</ele>
    <time>2026-07-26T08:07:15Z</time>
   </trkpt>
   <trkpt lat="25.0298730" lon="121.5905610">
    <ele>277.5</ele>
    <time>2026-07-26T08:07:16Z</time>
   </trkpt>
   <trkpt lat="25.0298750" lon="121.5905540">
    <ele>277.7</ele>
    <time>2026-07-26T08:07:17Z</time>
   </trkpt>
   <trkpt lat="25.0298810" lon="121.5905460">
    <ele>277.8</ele>
    <time>2026-07-26T08:07:18Z</time>
   </trkpt>
   <trkpt lat="25.0298860" lon="121.5905370">
    <ele>278.0</ele>
    <time>2026-07-26T08:07:19Z</time>
   </trkpt>
   <trkpt lat="25.0298890" lon="121.5905260">
    <ele>278.2</ele>
    <time>2026-07-26T08:07:20Z</time>
   </trkpt>
   <trkpt lat="25.0298940" lon="121.5905170">
    <ele>278.4</ele>
    <time>2026-07-26T08:07:21Z</time>
   </trkpt>
   <trkpt lat="25.0298910" lon="121.5905080">
    <ele>278.6</ele>
    <time>2026-07-26T08:07:22Z</time>
   </trkpt>
   <trkpt lat="25.0298930" lon="121.5905010">
    <ele>278.7</ele>
    <time>2026-07-26T08:07:23Z</time>
   </trkpt>
   <trkpt lat="25.0298960" lon="121.5904930">
    <ele>278.9</ele>
    <time>2026-07-26T08:07:24Z</time>
   </trkpt>
   <trkpt lat="25.0298980" lon="121.5904840">
    <ele>279.0</ele>
    <time>2026-07-26T08:07:25Z</time>
   </trkpt>
   <trkpt lat="25.0298990" lon="121.5904750">
    <ele>279.2</ele>
    <time>2026-07-26T08:07:26Z</time>
   </trkpt>
   <trkpt lat="25.0298990" lon="121.5904680">
    <ele>279.3</ele>
    <time>2026-07-26T08:07:27Z</time>
   </trkpt>
   <trkpt lat="25.0298930" lon="121.5904630">
    <ele>279.3</ele>
    <time>2026-07-26T08:07:28Z</time>
   </trkpt>
   <trkpt lat="25.0298850" lon="121.5904570">
    <ele>279.3</ele>
    <time>2026-07-26T08:07:29Z</time>
   </trkpt>
   <trkpt lat="25.0298730" lon="121.5904510">
    <ele>279.3</ele>
    <time>2026-07-26T08:07:30Z</time>
   </trkpt>
   <trkpt lat="25.0298620" lon="121.5904420">
    <ele>279.4</ele>
    <time>2026-07-26T08:07:31Z</time>
   </trkpt>
   <trkpt lat="25.0298530" lon="121.5904350">
    <ele>279.4</ele>
    <time>2026-07-26T08:07:32Z</time>
   </trkpt>
   <trkpt lat="25.0298480" lon="121.5904250">
    <ele>279.4</ele>
    <time>2026-07-26T08:07:33Z</time>
   </trkpt>
   <trkpt lat="25.0298440" lon="121.5904130">
    <ele>279.4</ele>
    <time>2026-07-26T08:07:34Z</time>
   </trkpt>
   <trkpt lat="25.0298420" lon="121.5904000">
    <ele>279.4</ele>
    <time>2026-07-26T08:07:35Z</time>
   </trkpt>
   <trkpt lat="25.0298400" lon="121.5903880">
    <ele>279.4</ele>
    <time>2026-07-26T08:07:36Z</time>
   </trkpt>
   <trkpt lat="25.0298390" lon="121.5903820">
    <ele>279.4</ele>
    <time>2026-07-26T08:07:37Z</time>
   </trkpt>
   <trkpt lat="25.0298360" lon="121.5903750">
    <ele>279.3</ele>
    <time>2026-07-26T08:07:38Z</time>
   </trkpt>
   <trkpt lat="25.0298310" lon="121.5903730">
    <ele>279.2</ele>
    <time>2026-07-26T08:07:39Z</time>
   </trkpt>
   <trkpt lat="25.0298240" lon="121.5903690">
    <ele>279.1</ele>
    <time>2026-07-26T08:07:40Z</time>
   </trkpt>
   <trkpt lat="25.0298170" lon="121.5903610">
    <ele>278.9</ele>
    <time>2026-07-26T08:07:41Z</time>
   </trkpt>
   <trkpt lat="25.0298070" lon="121.5903510">
    <ele>278.8</ele>
    <time>2026-07-26T08:07:42Z</time>
   </trkpt>
   <trkpt lat="25.0298050" lon="121.5903460">
    <ele>278.7</ele>
    <time>2026-07-26T08:07:43Z</time>
   </trkpt>
   <trkpt lat="25.0297990" lon="121.5903370">
    <ele>278.6</ele>
    <time>2026-07-26T08:07:44Z</time>
   </trkpt>
   <trkpt lat="25.0297910" lon="121.5903300">
    <ele>278.5</ele>
    <time>2026-07-26T08:07:45Z</time>
   </trkpt>
   <trkpt lat="25.0297850" lon="121.5903200">
    <ele>278.5</ele>
    <time>2026-07-26T08:07:46Z</time>
   </trkpt>
   <trkpt lat="25.0297790" lon="121.5903140">
    <ele>278.4</ele>
    <time>2026-07-26T08:07:47Z</time>
   </trkpt>
   <trkpt lat="25.0297680" lon="121.5903050">
    <ele>278.4</ele>
    <time>2026-07-26T08:07:48Z</time>
   </trkpt>
   <trkpt lat="25.0297530" lon="121.5902970">
    <ele>278.4</ele>
    <time>2026-07-26T08:07:49Z</time>
   </trkpt>
   <trkpt lat="25.0297390" lon="121.5902870">
    <ele>278.4</ele>
    <time>2026-07-26T08:07:50Z</time>
   </trkpt>
   <trkpt lat="25.0297260" lon="121.5902820">
    <ele>278.4</ele>
    <time>2026-07-26T08:07:51Z</time>
   </trkpt>
   <trkpt lat="25.0297110" lon="121.5902770">
    <ele>278.6</ele>
    <time>2026-07-26T08:07:52Z</time>
   </trkpt>
   <trkpt lat="25.0296970" lon="121.5902710">
    <ele>278.7</ele>
    <time>2026-07-26T08:07:53Z</time>
   </trkpt>
   <trkpt lat="25.0296850" lon="121.5902670">
    <ele>279.0</ele>
    <time>2026-07-26T08:07:54Z</time>
   </trkpt>
   <trkpt lat="25.0296760" lon="121.5902640">
    <ele>279.4</ele>
    <time>2026-07-26T08:07:55Z</time>
   </trkpt>
   <trkpt lat="25.0296730" lon="121.5902620">
    <ele>279.5</ele>
    <time>2026-07-26T08:07:56Z</time>
   </trkpt>
   <trkpt lat="25.0296660" lon="121.5902530">
    <ele>280.0</ele>
    <time>2026-07-26T08:07:57Z</time>
   </trkpt>
   <trkpt lat="25.0296590" lon="121.5902490">
    <ele>280.3</ele>
    <time>2026-07-26T08:07:58Z</time>
   </trkpt>
   <trkpt lat="25.0296560" lon="121.5902440">
    <ele>280.5</ele>
    <time>2026-07-26T08:07:59Z</time>
   </trkpt>
   <trkpt lat="25.0296550" lon="121.5902440">
    <ele>280.6</ele>
    <time>2026-07-26T08:08:00Z</time>
   </trkpt>
   <trkpt lat="25.0296540" lon="121.5902420">
    <ele>280.6</ele>
    <time>2026-07-26T08:08:01Z</time>
   </trkpt>
   <trkpt lat="25.0296490" lon="121.5902370">
    <ele>280.9</ele>
    <time>2026-07-26T08:08:02Z</time>
   </trkpt>
   <trkpt lat="25.0296510" lon="121.5902290">
    <ele>281.2</ele>
    <time>2026-07-26T08:08:03Z</time>
   </trkpt>
   <trkpt lat="25.0296490" lon="121.5902300">
    <ele>281.3</ele>
    <time>2026-07-26T08:08:04Z</time>
   </trkpt>
   <trkpt lat="25.0296450" lon="121.5902250">
    <ele>281.5</ele>
    <time>2026-07-26T08:08:05Z</time>
   </trkpt>
   <trkpt lat="25.0296420" lon="121.5902190">
    <ele>281.8</ele>
    <time>2026-07-26T08:08:06Z</time>
   </trkpt>
   <trkpt lat="25.0296410" lon="121.5902150">
    <ele>281.9</ele>
    <time>2026-07-26T08:08:07Z</time>
   </trkpt>
   <trkpt lat="25.0296410" lon="121.5902170">
    <ele>282.0</ele>
    <time>2026-07-26T08:08:08Z</time>
   </trkpt>
   <trkpt lat="25.0296380" lon="121.5902140">
    <ele>282.2</ele>
    <time>2026-07-26T08:08:09Z</time>
   </trkpt>
   <trkpt lat="25.0296370" lon="121.5902090">
    <ele>282.4</ele>
    <time>2026-07-26T08:08:10Z</time>
   </trkpt>
   <trkpt lat="25.0296340" lon="121.5902040">
    <ele>282.6</ele>
    <time>2026-07-26T08:08:11Z</time>
   </trkpt>
   <trkpt lat="25.0296340" lon="121.5902050">
    <ele>282.6</ele>
    <time>2026-07-26T08:08:12Z</time>
   </trkpt>
   <trkpt lat="25.0296300" lon="121.5902040">
    <ele>282.8</ele>
    <time>2026-07-26T08:08:13Z</time>
   </trkpt>
   <trkpt lat="25.0296290" lon="121.5902010">
    <ele>282.9</ele>
    <time>2026-07-26T08:08:14Z</time>
   </trkpt>
   <trkpt lat="25.0296210" lon="121.5901980">
    <ele>283.2</ele>
    <time>2026-07-26T08:08:15Z</time>
   </trkpt>
   <trkpt lat="25.0296180" lon="121.5901940">
    <ele>283.4</ele>
    <time>2026-07-26T08:08:16Z</time>
   </trkpt>
   <trkpt lat="25.0296110" lon="121.5901910">
    <ele>283.7</ele>
    <time>2026-07-26T08:08:17Z</time>
   </trkpt>
   <trkpt lat="25.0296060" lon="121.5901890">
    <ele>284.0</ele>
    <time>2026-07-26T08:08:18Z</time>
   </trkpt>
   <trkpt lat="25.0295950" lon="121.5901830">
    <ele>284.5</ele>
    <time>2026-07-26T08:08:19Z</time>
   </trkpt>
   <trkpt lat="25.0295840" lon="121.5901760">
    <ele>284.8</ele>
    <time>2026-07-26T08:08:20Z</time>
   </trkpt>
   <trkpt lat="25.0295750" lon="121.5901700">
    <ele>284.9</ele>
    <time>2026-07-26T08:08:21Z</time>
   </trkpt>
   <trkpt lat="25.0295710" lon="121.5901660">
    <ele>285.0</ele>
    <time>2026-07-26T08:08:22Z</time>
   </trkpt>
   <trkpt lat="25.0295670" lon="121.5901530">
    <ele>285.1</ele>
    <time>2026-07-26T08:08:23Z</time>
   </trkpt>
   <trkpt lat="25.0295630" lon="121.5901370">
    <ele>285.3</ele>
    <time>2026-07-26T08:08:24Z</time>
   </trkpt>
   <trkpt lat="25.0295590" lon="121.5901290">
    <ele>285.4</ele>
    <time>2026-07-26T08:08:25Z</time>
   </trkpt>
   <trkpt lat="25.0295500" lon="121.5901170">
    <ele>285.6</ele>
    <time>2026-07-26T08:08:26Z</time>
   </trkpt>
   <trkpt lat="25.0295420" lon="121.5901020">
    <ele>285.8</ele>
    <time>2026-07-26T08:08:27Z</time>
   </trkpt>
   <trkpt lat="25.0295300" lon="121.5900980">
    <ele>286.0</ele>
    <time>2026-07-26T08:08:28Z</time>
   </trkpt>
   <trkpt lat="25.0295180" lon="121.5900910">
    <ele>286.3</ele>
    <time>2026-07-26T08:08:29Z</time>
   </trkpt>
   <trkpt lat="25.0295060" lon="121.5900840">
    <ele>286.5</ele>
    <time>2026-07-26T08:08:30Z</time>
   </trkpt>
   <trkpt lat="25.0294940" lon="121.5900740">
    <ele>286.8</ele>
    <time>2026-07-26T08:08:31Z</time>
   </trkpt>
   <trkpt lat="25.0294840" lon="121.5900640">
    <ele>287.1</ele>
    <time>2026-07-26T08:08:32Z</time>
   </trkpt>
   <trkpt lat="25.0294730" lon="121.5900570">
    <ele>287.4</ele>
    <time>2026-07-26T08:08:33Z</time>
   </trkpt>
   <trkpt lat="25.0294660" lon="121.5900460">
    <ele>287.6</ele>
    <time>2026-07-26T08:08:34Z</time>
   </trkpt>
   <trkpt lat="25.0294630" lon="121.5900370">
    <ele>287.8</ele>
    <time>2026-07-26T08:08:35Z</time>
   </trkpt>
   <trkpt lat="25.0294600" lon="121.5900220">
    <ele>288.1</ele>
    <time>2026-07-26T08:08:36Z</time>
   </trkpt>
   <trkpt lat="25.0294570" lon="121.5900090">
    <ele>288.3</ele>
    <time>2026-07-26T08:08:37Z</time>
   </trkpt>
   <trkpt lat="25.0294510" lon="121.5900000">
    <ele>288.5</ele>
    <time>2026-07-26T08:08:38Z</time>
   </trkpt>
   <trkpt lat="25.0294430" lon="121.5899900">
    <ele>288.8</ele>
    <time>2026-07-26T08:08:39Z</time>
   </trkpt>
   <trkpt lat="25.0294400" lon="121.5899780">
    <ele>289.0</ele>
    <time>2026-07-26T08:08:40Z</time>
   </trkpt>
   <trkpt lat="25.0294390" lon="121.5899690">
    <ele>289.2</ele>
    <time>2026-07-26T08:08:41Z</time>
   </trkpt>
   <trkpt lat="25.0294360" lon="121.5899630">
    <ele>289.4</ele>
    <time>2026-07-26T08:08:42Z</time>
   </trkpt>
   <trkpt lat="25.0294310" lon="121.5899530">
    <ele>289.6</ele>
    <time>2026-07-26T08:08:43Z</time>
   </trkpt>
   <trkpt lat="25.0294260" lon="121.5899430">
    <ele>289.8</ele>
    <time>2026-07-26T08:08:44Z</time>
   </trkpt>
   <trkpt lat="25.0294210" lon="121.5899330">
    <ele>290.1</ele>
    <time>2026-07-26T08:08:45Z</time>
   </trkpt>
   <trkpt lat="25.0294170" lon="121.5899190">
    <ele>290.4</ele>
    <time>2026-07-26T08:08:46Z</time>
   </trkpt>
   <trkpt lat="25.0294120" lon="121.5899100">
    <ele>290.6</ele>
    <time>2026-07-26T08:08:47Z</time>
   </trkpt>
   <trkpt lat="25.0294080" lon="121.5898990">
    <ele>290.9</ele>
    <time>2026-07-26T08:08:48Z</time>
   </trkpt>
   <trkpt lat="25.0294050" lon="121.5898870">
    <ele>291.2</ele>
    <time>2026-07-26T08:08:49Z</time>
   </trkpt>
   <trkpt lat="25.0294020" lon="121.5898740">
    <ele>291.5</ele>
    <time>2026-07-26T08:08:50Z</time>
   </trkpt>
   <trkpt lat="25.0293950" lon="121.5898640">
    <ele>291.8</ele>
    <time>2026-07-26T08:08:51Z</time>
   </trkpt>
   <trkpt lat="25.0293930" lon="121.5898540">
    <ele>292.0</ele>
    <time>2026-07-26T08:08:52Z</time>
   </trkpt>
   <trkpt lat="25.0293880" lon="121.5898450">
    <ele>292.3</ele>
    <time>2026-07-26T08:08:53Z</time>
   </trkpt>
   <trkpt lat="25.0293840" lon="121.5898350">
    <ele>292.6</ele>
    <time>2026-07-26T08:08:54Z</time>
   </trkpt>
   <trkpt lat="25.0293810" lon="121.5898320">
    <ele>292.7</ele>
    <time>2026-07-26T08:08:55Z</time>
   </trkpt>
   <trkpt lat="25.0293760" lon="121.5898210">
    <ele>293.0</ele>
    <time>2026-07-26T08:08:56Z</time>
   </trkpt>
   <trkpt lat="25.0293700" lon="121.5898110">
    <ele>293.3</ele>
    <time>2026-07-26T08:08:57Z</time>
   </trkpt>
   <trkpt lat="25.0293680" lon="121.5898000">
    <ele>293.6</ele>
    <time>2026-07-26T08:08:58Z</time>
   </trkpt>
   <trkpt lat="25.0293630" lon="121.5897970">
    <ele>293.7</ele>
    <time>2026-07-26T08:08:59Z</time>
   </trkpt>
   <trkpt lat="25.0293600" lon="121.5897870">
    <ele>294.0</ele>
    <time>2026-07-26T08:09:00Z</time>
   </trkpt>
   <trkpt lat="25.0293580" lon="121.5897820">
    <ele>294.1</ele>
    <time>2026-07-26T08:09:01Z</time>
   </trkpt>
   <trkpt lat="25.0293550" lon="121.5897760">
    <ele>294.3</ele>
    <time>2026-07-26T08:09:02Z</time>
   </trkpt>
   <trkpt lat="25.0293510" lon="121.5897670">
    <ele>294.5</ele>
    <time>2026-07-26T08:09:03Z</time>
   </trkpt>
   <trkpt lat="25.0293470" lon="121.5897570">
    <ele>294.8</ele>
    <time>2026-07-26T08:09:04Z</time>
   </trkpt>
   <trkpt lat="25.0293430" lon="121.5897520">
    <ele>295.0</ele>
    <time>2026-07-26T08:09:05Z</time>
   </trkpt>
   <trkpt lat="25.0293390" lon="121.5897420">
    <ele>295.2</ele>
    <time>2026-07-26T08:09:06Z</time>
   </trkpt>
   <trkpt lat="25.0293380" lon="121.5897360">
    <ele>295.4</ele>
    <time>2026-07-26T08:09:07Z</time>
   </trkpt>
   <trkpt lat="25.0293360" lon="121.5897270">
    <ele>295.6</ele>
    <time>2026-07-26T08:09:08Z</time>
   </trkpt>
   <trkpt lat="25.0293350" lon="121.5897170">
    <ele>295.8</ele>
    <time>2026-07-26T08:09:09Z</time>
   </trkpt>
   <trkpt lat="25.0293330" lon="121.5897010">
    <ele>296.2</ele>
    <time>2026-07-26T08:09:10Z</time>
   </trkpt>
   <trkpt lat="25.0293310" lon="121.5896960">
    <ele>296.3</ele>
    <time>2026-07-26T08:09:11Z</time>
   </trkpt>
   <trkpt lat="25.0293260" lon="121.5896850">
    <ele>296.6</ele>
    <time>2026-07-26T08:09:12Z</time>
   </trkpt>
   <trkpt lat="25.0293230" lon="121.5896750">
    <ele>296.8</ele>
    <time>2026-07-26T08:09:13Z</time>
   </trkpt>
   <trkpt lat="25.0293210" lon="121.5896610">
    <ele>297.1</ele>
    <time>2026-07-26T08:09:14Z</time>
   </trkpt>
   <trkpt lat="25.0293180" lon="121.5896510">
    <ele>297.3</ele>
    <time>2026-07-26T08:09:15Z</time>
   </trkpt>
   <trkpt lat="25.0293200" lon="121.5896440">
    <ele>297.5</ele>
    <time>2026-07-26T08:09:16Z</time>
   </trkpt>
   <trkpt lat="25.0293180" lon="121.5896350">
    <ele>297.7</ele>
    <time>2026-07-26T08:09:17Z</time>
   </trkpt>
   <trkpt lat="25.0293190" lon="121.5896250">
    <ele>297.9</ele>
    <time>2026-07-26T08:09:18Z</time>
   </trkpt>
   <trkpt lat="25.0293180" lon="121.5896180">
    <ele>298.0</ele>
    <time>2026-07-26T08:09:19Z</time>
   </trkpt>
   <trkpt lat="25.0293180" lon="121.5896050">
    <ele>298.3</ele>
    <time>2026-07-26T08:09:20Z</time>
   </trkpt>
   <trkpt lat="25.0293150" lon="121.5896030">
    <ele>298.3</ele>
    <time>2026-07-26T08:09:21Z</time>
   </trkpt>
   <trkpt lat="25.0293080" lon="121.5895960">
    <ele>298.4</ele>
    <time>2026-07-26T08:09:22Z</time>
   </trkpt>
   <trkpt lat="25.0293010" lon="121.5895890">
    <ele>298.4</ele>
    <time>2026-07-26T08:09:23Z</time>
   </trkpt>
   <trkpt lat="25.0292970" lon="121.5895830">
    <ele>298.4</ele>
    <time>2026-07-26T08:09:24Z</time>
   </trkpt>
   <trkpt lat="25.0292910" lon="121.5895730">
    <ele>298.5</ele>
    <time>2026-07-26T08:09:25Z</time>
   </trkpt>
   <trkpt lat="25.0292900" lon="121.5895690">
    <ele>298.5</ele>
    <time>2026-07-26T08:09:26Z</time>
   </trkpt>
   <trkpt lat="25.0292850" lon="121.5895610">
    <ele>298.5</ele>
    <time>2026-07-26T08:09:27Z</time>
   </trkpt>
   <trkpt lat="25.0292790" lon="121.5895560">
    <ele>298.6</ele>
    <time>2026-07-26T08:09:28Z</time>
   </trkpt>
   <trkpt lat="25.0292710" lon="121.5895480">
    <ele>298.6</ele>
    <time>2026-07-26T08:09:29Z</time>
   </trkpt>
   <trkpt lat="25.0292620" lon="121.5895360">
    <ele>298.7</ele>
    <time>2026-07-26T08:09:30Z</time>
   </trkpt>
   <trkpt lat="25.0292580" lon="121.5895300">
    <ele>298.7</ele>
    <time>2026-07-26T08:09:31Z</time>
   </trkpt>
   <trkpt lat="25.0292550" lon="121.5895290">
    <ele>298.7</ele>
    <time>2026-07-26T08:09:32Z</time>
   </trkpt>
   <trkpt lat="25.0292460" lon="121.5895270">
    <ele>298.8</ele>
    <time>2026-07-26T08:09:33Z</time>
   </trkpt>
   <trkpt lat="25.0292380" lon="121.5895230">
    <ele>298.8</ele>
    <time>2026-07-26T08:09:34Z</time>
   </trkpt>
   <trkpt lat="25.0292300" lon="121.5895160">
    <ele>298.9</ele>
    <time>2026-07-26T08:09:35Z</time>
   </trkpt>
   <trkpt lat="25.0292210" lon="121.5895080">
    <ele>299.0</ele>
    <time>2026-07-26T08:09:36Z</time>
   </trkpt>
   <trkpt lat="25.0292120" lon="121.5894970">
    <ele>299.0</ele>
    <time>2026-07-26T08:09:37Z</time>
   </trkpt>
   <trkpt lat="25.0292010" lon="121.5894890">
    <ele>299.1</ele>
    <time>2026-07-26T08:09:38Z</time>
   </trkpt>
   <trkpt lat="25.0291940" lon="121.5894840">
    <ele>299.2</ele>
    <time>2026-07-26T08:09:39Z</time>
   </trkpt>
   <trkpt lat="25.0291860" lon="121.5894820">
    <ele>299.2</ele>
    <time>2026-07-26T08:09:40Z</time>
   </trkpt>
   <trkpt lat="25.0291770" lon="121.5894810">
    <ele>299.3</ele>
    <time>2026-07-26T08:09:41Z</time>
   </trkpt>
   <trkpt lat="25.0291620" lon="121.5894720">
    <ele>299.4</ele>
    <time>2026-07-26T08:09:42Z</time>
   </trkpt>
   <trkpt lat="25.0291560" lon="121.5894740">
    <ele>299.4</ele>
    <time>2026-07-26T08:09:43Z</time>
   </trkpt>
   <trkpt lat="25.0291440" lon="121.5894720">
    <ele>299.5</ele>
    <time>2026-07-26T08:09:44Z</time>
   </trkpt>
   <trkpt lat="25.0291340" lon="121.5894710">
    <ele>299.6</ele>
    <time>2026-07-26T08:09:45Z</time>
   </trkpt>
   <trkpt lat="25.0291290" lon="121.5894710">
    <ele>299.6</ele>
    <time>2026-07-26T08:09:46Z</time>
   </trkpt>
   <trkpt lat="25.0291200" lon="121.5894680">
    <ele>299.7</ele>
    <time>2026-07-26T08:09:47Z</time>
   </trkpt>
   <trkpt lat="25.0291100" lon="121.5894670">
    <ele>299.8</ele>
    <time>2026-07-26T08:09:48Z</time>
   </trkpt>
   <trkpt lat="25.0291010" lon="121.5894640">
    <ele>299.8</ele>
    <time>2026-07-26T08:09:49Z</time>
   </trkpt>
   <trkpt lat="25.0290950" lon="121.5894610">
    <ele>299.9</ele>
    <time>2026-07-26T08:09:50Z</time>
   </trkpt>
   <trkpt lat="25.0290870" lon="121.5894530">
    <ele>300.0</ele>
    <time>2026-07-26T08:09:51Z</time>
   </trkpt>
   <trkpt lat="25.0290780" lon="121.5894450">
    <ele>300.1</ele>
    <time>2026-07-26T08:09:52Z</time>
   </trkpt>
   <trkpt lat="25.0290670" lon="121.5894360">
    <ele>300.2</ele>
    <time>2026-07-26T08:09:53Z</time>
   </trkpt>
   <trkpt lat="25.0290520" lon="121.5894230">
    <ele>300.5</ele>
    <time>2026-07-26T08:09:54Z</time>
   </trkpt>
   <trkpt lat="25.0290440" lon="121.5894120">
    <ele>300.7</ele>
    <time>2026-07-26T08:09:55Z</time>
   </trkpt>
   <trkpt lat="25.0290390" lon="121.5894060">
    <ele>300.8</ele>
    <time>2026-07-26T08:09:56Z</time>
   </trkpt>
   <trkpt lat="25.0290360" lon="121.5893900">
    <ele>301.1</ele>
    <time>2026-07-26T08:09:57Z</time>
   </trkpt>
   <trkpt lat="25.0290320" lon="121.5893770">
    <ele>301.3</ele>
    <time>2026-07-26T08:09:58Z</time>
   </trkpt>
   <trkpt lat="25.0290270" lon="121.5893660">
    <ele>301.5</ele>
    <time>2026-07-26T08:09:59Z</time>
   </trkpt>
   <trkpt lat="25.0290210" lon="121.5893510">
    <ele>301.7</ele>
    <time>2026-07-26T08:10:00Z</time>
   </trkpt>
   <trkpt lat="25.0290180" lon="121.5893430">
    <ele>301.9</ele>
    <time>2026-07-26T08:10:01Z</time>
   </trkpt>
   <trkpt lat="25.0290150" lon="121.5893370">
    <ele>302.0</ele>
    <time>2026-07-26T08:10:02Z</time>
   </trkpt>
   <trkpt lat="25.0290100" lon="121.5893300">
    <ele>302.1</ele>
    <time>2026-07-26T08:10:03Z</time>
   </trkpt>
   <trkpt lat="25.0290070" lon="121.5893210">
    <ele>302.2</ele>
    <time>2026-07-26T08:10:04Z</time>
   </trkpt>
   <trkpt lat="25.0290040" lon="121.5893080">
    <ele>302.5</ele>
    <time>2026-07-26T08:10:05Z</time>
   </trkpt>
   <trkpt lat="25.0290030" lon="121.5893010">
    <ele>302.6</ele>
    <time>2026-07-26T08:10:06Z</time>
   </trkpt>
   <trkpt lat="25.0290000" lon="121.5892960">
    <ele>302.7</ele>
    <time>2026-07-26T08:10:07Z</time>
   </trkpt>
   <trkpt lat="25.0289980" lon="121.5892880">
    <ele>302.8</ele>
    <time>2026-07-26T08:10:08Z</time>
   </trkpt>
   <trkpt lat="25.0289950" lon="121.5892810">
    <ele>302.9</ele>
    <time>2026-07-26T08:10:09Z</time>
   </trkpt>
   <trkpt lat="25.0289900" lon="121.5892760">
    <ele>303.1</ele>
    <time>2026-07-26T08:10:10Z</time>
   </trkpt>
   <trkpt lat="25.0289860" lon="121.5892670">
    <ele>303.3</ele>
    <time>2026-07-26T08:10:11Z</time>
   </trkpt>
   <trkpt lat="25.0289850" lon="121.5892590">
    <ele>303.4</ele>
    <time>2026-07-26T08:10:12Z</time>
   </trkpt>
   <trkpt lat="25.0289830" lon="121.5892490">
    <ele>303.6</ele>
    <time>2026-07-26T08:10:13Z</time>
   </trkpt>
   <trkpt lat="25.0289810" lon="121.5892420">
    <ele>303.7</ele>
    <time>2026-07-26T08:10:14Z</time>
   </trkpt>
   <trkpt lat="25.0289770" lon="121.5892300">
    <ele>303.9</ele>
    <time>2026-07-26T08:10:15Z</time>
   </trkpt>
   <trkpt lat="25.0289780" lon="121.5892200">
    <ele>304.0</ele>
    <time>2026-07-26T08:10:16Z</time>
   </trkpt>
   <trkpt lat="25.0289730" lon="121.5892100">
    <ele>304.2</ele>
    <time>2026-07-26T08:10:17Z</time>
   </trkpt>
   <trkpt lat="25.0289690" lon="121.5891990">
    <ele>304.4</ele>
    <time>2026-07-26T08:10:18Z</time>
   </trkpt>
   <trkpt lat="25.0289660" lon="121.5891910">
    <ele>304.5</ele>
    <time>2026-07-26T08:10:19Z</time>
   </trkpt>
   <trkpt lat="25.0289620" lon="121.5891840">
    <ele>304.7</ele>
    <time>2026-07-26T08:10:20Z</time>
   </trkpt>
   <trkpt lat="25.0289600" lon="121.5891830">
    <ele>304.7</ele>
    <time>2026-07-26T08:10:21Z</time>
   </trkpt>
   <trkpt lat="25.0289560" lon="121.5891730">
    <ele>304.9</ele>
    <time>2026-07-26T08:10:22Z</time>
   </trkpt>
   <trkpt lat="25.0289550" lon="121.5891640">
    <ele>305.0</ele>
    <time>2026-07-26T08:10:23Z</time>
   </trkpt>
   <trkpt lat="25.0289450" lon="121.5891560">
    <ele>305.2</ele>
    <time>2026-07-26T08:10:24Z</time>
   </trkpt>
   <trkpt lat="25.0289360" lon="121.5891530">
    <ele>305.3</ele>
    <time>2026-07-26T08:10:25Z</time>
   </trkpt>
   <trkpt lat="25.0289260" lon="121.5891460">
    <ele>305.5</ele>
    <time>2026-07-26T08:10:26Z</time>
   </trkpt>
   <trkpt lat="25.0289150" lon="121.5891370">
    <ele>305.7</ele>
    <time>2026-07-26T08:10:27Z</time>
   </trkpt>
   <trkpt lat="25.0289100" lon="121.5891390">
    <ele>305.8</ele>
    <time>2026-07-26T08:10:28Z</time>
   </trkpt>
   <trkpt lat="25.0288990" lon="121.5891340">
    <ele>305.9</ele>
    <time>2026-07-26T08:10:30Z</time>
   </trkpt>
   <trkpt lat="25.0288900" lon="121.5891300">
    <ele>306.1</ele>
    <time>2026-07-26T08:10:31Z</time>
   </trkpt>
   <trkpt lat="25.0288780" lon="121.5891220">
    <ele>306.3</ele>
    <time>2026-07-26T08:10:32Z</time>
   </trkpt>
   <trkpt lat="25.0288670" lon="121.5891140">
    <ele>306.4</ele>
    <time>2026-07-26T08:10:33Z</time>
   </trkpt>
   <trkpt lat="25.0288600" lon="121.5891040">
    <ele>306.6</ele>
    <time>2026-07-26T08:10:34Z</time>
   </trkpt>
   <trkpt lat="25.0288490" lon="121.5890890">
    <ele>306.9</ele>
    <time>2026-07-26T08:10:35Z</time>
   </trkpt>
   <trkpt lat="25.0288420" lon="121.5890880">
    <ele>307.0</ele>
    <time>2026-07-26T08:10:36Z</time>
   </trkpt>
   <trkpt lat="25.0288330" lon="121.5890810">
    <ele>307.2</ele>
    <time>2026-07-26T08:10:37Z</time>
   </trkpt>
   <trkpt lat="25.0288250" lon="121.5890770">
    <ele>307.3</ele>
    <time>2026-07-26T08:10:38Z</time>
   </trkpt>
   <trkpt lat="25.0288200" lon="121.5890770">
    <ele>307.4</ele>
    <time>2026-07-26T08:10:39Z</time>
   </trkpt>
   <trkpt lat="25.0288150" lon="121.5890720">
    <ele>307.5</ele>
    <time>2026-07-26T08:10:40Z</time>
   </trkpt>
   <trkpt lat="25.0288070" lon="121.5890690">
    <ele>307.6</ele>
    <time>2026-07-26T08:10:41Z</time>
   </trkpt>
   <trkpt lat="25.0287990" lon="121.5890660">
    <ele>307.8</ele>
    <time>2026-07-26T08:10:42Z</time>
   </trkpt>
   <trkpt lat="25.0287900" lon="121.5890580">
    <ele>308.0</ele>
    <time>2026-07-26T08:10:43Z</time>
   </trkpt>
   <trkpt lat="25.0287860" lon="121.5890460">
    <ele>308.2</ele>
    <time>2026-07-26T08:10:44Z</time>
   </trkpt>
   <trkpt lat="25.0287810" lon="121.5890380">
    <ele>308.3</ele>
    <time>2026-07-26T08:10:45Z</time>
   </trkpt>
   <trkpt lat="25.0287740" lon="121.5890290">
    <ele>308.5</ele>
    <time>2026-07-26T08:10:46Z</time>
   </trkpt>
   <trkpt lat="25.0287690" lon="121.5890250">
    <ele>308.6</ele>
    <time>2026-07-26T08:10:47Z</time>
   </trkpt>
   <trkpt lat="25.0287610" lon="121.5890170">
    <ele>308.8</ele>
    <time>2026-07-26T08:10:48Z</time>
   </trkpt>
   <trkpt lat="25.0287540" lon="121.5890110">
    <ele>308.9</ele>
    <time>2026-07-26T08:10:49Z</time>
   </trkpt>
   <trkpt lat="25.0287510" lon="121.5890060">
    <ele>309.0</ele>
    <time>2026-07-26T08:10:50Z</time>
   </trkpt>
   <trkpt lat="25.0287380" lon="121.5889940">
    <ele>309.2</ele>
    <time>2026-07-26T08:10:51Z</time>
   </trkpt>
   <trkpt lat="25.0287320" lon="121.5889890">
    <ele>309.4</ele>
    <time>2026-07-26T08:10:52Z</time>
   </trkpt>
   <trkpt lat="25.0287280" lon="121.5889810">
    <ele>309.5</ele>
    <time>2026-07-26T08:10:53Z</time>
   </trkpt>
   <trkpt lat="25.0287270" lon="121.5889760">
    <ele>309.5</ele>
    <time>2026-07-26T08:10:54Z</time>
   </trkpt>
   <trkpt lat="25.0287270" lon="121.5889690">
    <ele>309.6</ele>
    <time>2026-07-26T08:10:55Z</time>
   </trkpt>
   <trkpt lat="25.0287260" lon="121.5889620">
    <ele>309.7</ele>
    <time>2026-07-26T08:10:56Z</time>
   </trkpt>
   <trkpt lat="25.0287220" lon="121.5889460">
    <ele>309.9</ele>
    <time>2026-07-26T08:10:57Z</time>
   </trkpt>
   <trkpt lat="25.0287230" lon="121.5889340">
    <ele>310.0</ele>
    <time>2026-07-26T08:10:58Z</time>
   </trkpt>
   <trkpt lat="25.0287240" lon="121.5889240">
    <ele>310.2</ele>
    <time>2026-07-26T08:10:59Z</time>
   </trkpt>
   <trkpt lat="25.0287210" lon="121.5889180">
    <ele>310.2</ele>
    <time>2026-07-26T08:11:00Z</time>
   </trkpt>
   <trkpt lat="25.0287180" lon="121.5889080">
    <ele>310.3</ele>
    <time>2026-07-26T08:11:01Z</time>
   </trkpt>
   <trkpt lat="25.0287180" lon="121.5888970">
    <ele>310.5</ele>
    <time>2026-07-26T08:11:02Z</time>
   </trkpt>
   <trkpt lat="25.0287180" lon="121.5888830">
    <ele>310.6</ele>
    <time>2026-07-26T08:11:03Z</time>
   </trkpt>
   <trkpt lat="25.0287160" lon="121.5888690">
    <ele>310.8</ele>
    <time>2026-07-26T08:11:04Z</time>
   </trkpt>
   <trkpt lat="25.0287130" lon="121.5888610">
    <ele>310.9</ele>
    <time>2026-07-26T08:11:05Z</time>
   </trkpt>
   <trkpt lat="25.0287120" lon="121.5888540">
    <ele>310.9</ele>
    <time>2026-07-26T08:11:06Z</time>
   </trkpt>
   <trkpt lat="25.0287090" lon="121.5888400">
    <ele>311.1</ele>
    <time>2026-07-26T08:11:07Z</time>
   </trkpt>
   <trkpt lat="25.0287060" lon="121.5888280">
    <ele>311.2</ele>
    <time>2026-07-26T08:11:08Z</time>
   </trkpt>
   <trkpt lat="25.0287040" lon="121.5888130">
    <ele>311.4</ele>
    <time>2026-07-26T08:11:09Z</time>
   </trkpt>
   <trkpt lat="25.0286950" lon="121.5888050">
    <ele>311.6</ele>
    <time>2026-07-26T08:11:10Z</time>
   </trkpt>
   <trkpt lat="25.0286890" lon="121.5888020">
    <ele>311.7</ele>
    <time>2026-07-26T08:11:11Z</time>
   </trkpt>
   <trkpt lat="25.0286860" lon="121.5887950">
    <ele>311.8</ele>
    <time>2026-07-26T08:11:12Z</time>
   </trkpt>
   <trkpt lat="25.0286810" lon="121.5887870">
    <ele>311.9</ele>
    <time>2026-07-26T08:11:13Z</time>
   </trkpt>
   <trkpt lat="25.0286770" lon="121.5887780">
    <ele>312.0</ele>
    <time>2026-07-26T08:11:14Z</time>
   </trkpt>
   <trkpt lat="25.0286720" lon="121.5887670">
    <ele>312.2</ele>
    <time>2026-07-26T08:11:15Z</time>
   </trkpt>
   <trkpt lat="25.0286710" lon="121.5887630">
    <ele>312.3</ele>
    <time>2026-07-26T08:11:16Z</time>
   </trkpt>
   <trkpt lat="25.0286660" lon="121.5887570">
    <ele>312.4</ele>
    <time>2026-07-26T08:11:17Z</time>
   </trkpt>
   <trkpt lat="25.0286620" lon="121.5887520">
    <ele>312.5</ele>
    <time>2026-07-26T08:11:18Z</time>
   </trkpt>
   <trkpt lat="25.0286550" lon="121.5887450">
    <ele>312.7</ele>
    <time>2026-07-26T08:11:19Z</time>
   </trkpt>
   <trkpt lat="25.0286510" lon="121.5887370">
    <ele>312.8</ele>
    <time>2026-07-26T08:11:20Z</time>
   </trkpt>
   <trkpt lat="25.0286430" lon="121.5887310">
    <ele>313.0</ele>
    <time>2026-07-26T08:11:21Z</time>
   </trkpt>
   <trkpt lat="25.0286400" lon="121.5887270">
    <ele>313.1</ele>
    <time>2026-07-26T08:11:22Z</time>
   </trkpt>
   <trkpt lat="25.0286390" lon="121.5887220">
    <ele>313.2</ele>
    <time>2026-07-26T08:11:23Z</time>
   </trkpt>
   <trkpt lat="25.0286370" lon="121.5887180">
    <ele>313.3</ele>
    <time>2026-07-26T08:11:24Z</time>
   </trkpt>
   <trkpt lat="25.0286330" lon="121.5887130">
    <ele>313.4</ele>
    <time>2026-07-26T08:11:25Z</time>
   </trkpt>
   <trkpt lat="25.0286320" lon="121.5887090">
    <ele>313.5</ele>
    <time>2026-07-26T08:11:26Z</time>
   </trkpt>
   <trkpt lat="25.0286290" lon="121.5887040">
    <ele>313.7</ele>
    <time>2026-07-26T08:11:27Z</time>
   </trkpt>
   <trkpt lat="25.0286260" lon="121.5886990">
    <ele>313.8</ele>
    <time>2026-07-26T08:11:28Z</time>
   </trkpt>
   <trkpt lat="25.0286230" lon="121.5886940">
    <ele>313.9</ele>
    <time>2026-07-26T08:11:29Z</time>
   </trkpt>
   <trkpt lat="25.0286200" lon="121.5886920">
    <ele>314.0</ele>
    <time>2026-07-26T08:11:30Z</time>
   </trkpt>
   <trkpt lat="25.0286190" lon="121.5886900">
    <ele>314.0</ele>
    <time>2026-07-26T08:11:31Z</time>
   </trkpt>
   <trkpt lat="25.0286160" lon="121.5886860">
    <ele>314.1</ele>
    <time>2026-07-26T08:11:32Z</time>
   </trkpt>
   <trkpt lat="25.0286130" lon="121.5886840">
    <ele>314.2</ele>
    <time>2026-07-26T08:11:33Z</time>
   </trkpt>
   <trkpt lat="25.0286120" lon="121.5886750">
    <ele>314.4</ele>
    <time>2026-07-26T08:11:34Z</time>
   </trkpt>
   <trkpt lat="25.0286180" lon="121.5886650">
    <ele>314.7</ele>
    <time>2026-07-26T08:11:35Z</time>
   </trkpt>
   <trkpt lat="25.0286180" lon="121.5886570">
    <ele>314.9</ele>
    <time>2026-07-26T08:11:36Z</time>
   </trkpt>
   <trkpt lat="25.0286180" lon="121.5886510">
    <ele>315.1</ele>
    <time>2026-07-26T08:11:37Z</time>
   </trkpt>
   <trkpt lat="25.0286150" lon="121.5886460">
    <ele>315.2</ele>
    <time>2026-07-26T08:11:38Z</time>
   </trkpt>
   <trkpt lat="25.0286130" lon="121.5886430">
    <ele>315.3</ele>
    <time>2026-07-26T08:11:39Z</time>
   </trkpt>
   <trkpt lat="25.0286070" lon="121.5886390">
    <ele>315.5</ele>
    <time>2026-07-26T08:11:40Z</time>
   </trkpt>
   <trkpt lat="25.0286060" lon="121.5886350">
    <ele>315.6</ele>
    <time>2026-07-26T08:11:41Z</time>
   </trkpt>
   <trkpt lat="25.0286030" lon="121.5886300">
    <ele>315.7</ele>
    <time>2026-07-26T08:11:42Z</time>
   </trkpt>
   <trkpt lat="25.0286000" lon="121.5886270">
    <ele>315.9</ele>
    <time>2026-07-26T08:11:43Z</time>
   </trkpt>
   <trkpt lat="25.0285940" lon="121.5886210">
    <ele>316.1</ele>
    <time>2026-07-26T08:11:44Z</time>
   </trkpt>
   <trkpt lat="25.0285920" lon="121.5886180">
    <ele>316.2</ele>
    <time>2026-07-26T08:11:45Z</time>
   </trkpt>
   <trkpt lat="25.0285900" lon="121.5886140">
    <ele>316.3</ele>
    <time>2026-07-26T08:11:46Z</time>
   </trkpt>
   <trkpt lat="25.0285880" lon="121.5886150">
    <ele>316.3</ele>
    <time>2026-07-26T08:11:47Z</time>
   </trkpt>
   <trkpt lat="25.0285850" lon="121.5886030">
    <ele>316.6</ele>
    <time>2026-07-26T08:11:48Z</time>
   </trkpt>
   <trkpt lat="25.0285840" lon="121.5885940">
    <ele>316.9</ele>
    <time>2026-07-26T08:11:49Z</time>
   </trkpt>
   <trkpt lat="25.0285810" lon="121.5885880">
    <ele>317.0</ele>
    <time>2026-07-26T08:11:50Z</time>
   </trkpt>
   <trkpt lat="25.0285810" lon="121.5885780">
    <ele>317.3</ele>
    <time>2026-07-26T08:11:51Z</time>
   </trkpt>
   <trkpt lat="25.0285790" lon="121.5885760">
    <ele>317.3</ele>
    <time>2026-07-26T08:11:52Z</time>
   </trkpt>
   <trkpt lat="25.0285770" lon="121.5885650">
    <ele>317.6</ele>
    <time>2026-07-26T08:11:53Z</time>
   </trkpt>
   <trkpt lat="25.0285790" lon="121.5885530">
    <ele>317.9</ele>
    <time>2026-07-26T08:11:54Z</time>
   </trkpt>
   <trkpt lat="25.0285790" lon="121.5885490">
    <ele>318.0</ele>
    <time>2026-07-26T08:11:55Z</time>
   </trkpt>
   <trkpt lat="25.0285820" lon="121.5885440">
    <ele>318.1</ele>
    <time>2026-07-26T08:11:56Z</time>
   </trkpt>
   <trkpt lat="25.0285830" lon="121.5885380">
    <ele>318.3</ele>
    <time>2026-07-26T08:11:57Z</time>
   </trkpt>
   <trkpt lat="25.0285810" lon="121.5885320">
    <ele>318.4</ele>
    <time>2026-07-26T08:11:58Z</time>
   </trkpt>
   <trkpt lat="25.0285840" lon="121.5885280">
    <ele>318.6</ele>
    <time>2026-07-26T08:11:59Z</time>
   </trkpt>
   <trkpt lat="25.0285850" lon="121.5885190">
    <ele>318.8</ele>
    <time>2026-07-26T08:12:00Z</time>
   </trkpt>
   <trkpt lat="25.0285860" lon="121.5885140">
    <ele>318.9</ele>
    <time>2026-07-26T08:12:01Z</time>
   </trkpt>
   <trkpt lat="25.0285860" lon="121.5885110">
    <ele>318.9</ele>
    <time>2026-07-26T08:12:02Z</time>
   </trkpt>
   <trkpt lat="25.0285870" lon="121.5885090">
    <ele>319.0</ele>
    <time>2026-07-26T08:12:03Z</time>
   </trkpt>
   <trkpt lat="25.0285850" lon="121.5885010">
    <ele>319.2</ele>
    <time>2026-07-26T08:12:04Z</time>
   </trkpt>
   <trkpt lat="25.0285860" lon="121.5884940">
    <ele>319.3</ele>
    <time>2026-07-26T08:12:05Z</time>
   </trkpt>
   <trkpt lat="25.0285860" lon="121.5884880">
    <ele>319.5</ele>
    <time>2026-07-26T08:12:06Z</time>
   </trkpt>
   <trkpt lat="25.0285890" lon="121.5884820">
    <ele>319.6</ele>
    <time>2026-07-26T08:12:07Z</time>
   </trkpt>
   <trkpt lat="25.0285880" lon="121.5884770">
    <ele>319.7</ele>
    <time>2026-07-26T08:12:08Z</time>
   </trkpt>
   <trkpt lat="25.0285870" lon="121.5884730">
    <ele>319.8</ele>
    <time>2026-07-26T08:12:09Z</time>
   </trkpt>
   <trkpt lat="25.0285850" lon="121.5884650">
    <ele>320.0</ele>
    <time>2026-07-26T08:12:10Z</time>
   </trkpt>
   <trkpt lat="25.0285810" lon="121.5884540">
    <ele>320.2</ele>
    <time>2026-07-26T08:12:11Z</time>
   </trkpt>
   <trkpt lat="25.0285780" lon="121.5884490">
    <ele>320.3</ele>
    <time>2026-07-26T08:12:12Z</time>
   </trkpt>
   <trkpt lat="25.0285810" lon="121.5884410">
    <ele>320.5</ele>
    <time>2026-07-26T08:12:13Z</time>
   </trkpt>
   <trkpt lat="25.0285800" lon="121.5884340">
    <ele>320.6</ele>
    <time>2026-07-26T08:12:14Z</time>
   </trkpt>
   <trkpt lat="25.0285780" lon="121.5884310">
    <ele>320.7</ele>
    <time>2026-07-26T08:12:15Z</time>
   </trkpt>
   <trkpt lat="25.0285740" lon="121.5884270">
    <ele>320.8</ele>
    <time>2026-07-26T08:12:16Z</time>
   </trkpt>
   <trkpt lat="25.0285730" lon="121.5884300">
    <ele>320.9</ele>
    <time>2026-07-26T08:12:17Z</time>
   </trkpt>
   <trkpt lat="25.0285780" lon="121.5884200">
    <ele>321.1</ele>
    <time>2026-07-26T08:12:18Z</time>
   </trkpt>
   <trkpt lat="25.0285780" lon="121.5884230">
    <ele>321.2</ele>
    <time>2026-07-26T08:12:19Z</time>
   </trkpt>
   <trkpt lat="25.0285840" lon="121.5884160">
    <ele>321.3</ele>
    <time>2026-07-26T08:12:20Z</time>
   </trkpt>
   <trkpt lat="25.0285820" lon="121.5884190">
    <ele>321.4</ele>
    <time>2026-07-26T08:12:21Z</time>
   </trkpt>
   <trkpt lat="25.0285830" lon="121.5884200">
    <ele>321.4</ele>
    <time>2026-07-26T08:12:22Z</time>
   </trkpt>
   <trkpt lat="25.0285850" lon="121.5884200">
    <ele>321.5</ele>
    <time>2026-07-26T08:12:23Z</time>
   </trkpt>
   <trkpt lat="25.0285870" lon="121.5884180">
    <ele>321.5</ele>
    <time>2026-07-26T08:12:24Z</time>
   </trkpt>
   <trkpt lat="25.0285860" lon="121.5884200">
    <ele>321.6</ele>
    <time>2026-07-26T08:12:25Z</time>
   </trkpt>
   <trkpt lat="25.0285870" lon="121.5884140">
    <ele>321.7</ele>
    <time>2026-07-26T08:12:26Z</time>
   </trkpt>
   <trkpt lat="25.0285850" lon="121.5884170">
    <ele>321.7</ele>
    <time>2026-07-26T08:12:27Z</time>
   </trkpt>
   <trkpt lat="25.0285850" lon="121.5884170">
    <ele>321.7</ele>
    <time>2026-07-26T08:12:28Z</time>
   </trkpt>
   <trkpt lat="25.0285850" lon="121.5884150">
    <ele>321.8</ele>
    <time>2026-07-26T08:12:29Z</time>
   </trkpt>
   <trkpt lat="25.0285820" lon="121.5884200">
    <ele>321.9</ele>
    <time>2026-07-26T08:12:30Z</time>
   </trkpt>
   <trkpt lat="25.0285860" lon="121.5884170">
    <ele>322.0</ele>
    <time>2026-07-26T08:12:31Z</time>
   </trkpt>
   <trkpt lat="25.0285840" lon="121.5884200">
    <ele>322.0</ele>
    <time>2026-07-26T08:12:32Z</time>
   </trkpt>
   <trkpt lat="25.0285860" lon="121.5884190">
    <ele>322.1</ele>
    <time>2026-07-26T08:12:33Z</time>
   </trkpt>
   <trkpt lat="25.0285840" lon="121.5884210">
    <ele>322.1</ele>
    <time>2026-07-26T08:12:34Z</time>
   </trkpt>
   <trkpt lat="25.0285850" lon="121.5884200">
    <ele>322.1</ele>
    <time>2026-07-26T08:12:36Z</time>
   </trkpt>
   <trkpt lat="25.0285840" lon="121.5884240">
    <ele>322.2</ele>
    <time>2026-07-26T08:12:37Z</time>
   </trkpt>
   <trkpt lat="25.0285840" lon="121.5884280">
    <ele>322.3</ele>
    <time>2026-07-26T08:12:38Z</time>
   </trkpt>
   <trkpt lat="25.0285850" lon="121.5884260">
    <ele>322.3</ele>
    <time>2026-07-26T08:12:39Z</time>
   </trkpt>
   <trkpt lat="25.0285840" lon="121.5884250">
    <ele>322.3</ele>
    <time>2026-07-26T08:12:40Z</time>
   </trkpt>
   <trkpt lat="25.0285850" lon="121.5884240">
    <ele>322.3</ele>
    <time>2026-07-26T08:12:41Z</time>
   </trkpt>
   <trkpt lat="25.0285860" lon="121.5884220">
    <ele>322.4</ele>
    <time>2026-07-26T08:12:42Z</time>
   </trkpt>
   <trkpt lat="25.0285850" lon="121.5884200">
    <ele>322.4</ele>
    <time>2026-07-26T08:12:43Z</time>
   </trkpt>
   <trkpt lat="25.0285870" lon="121.5884200">
    <ele>322.5</ele>
    <time>2026-07-26T08:12:44Z</time>
   </trkpt>
   <trkpt lat="25.0285880" lon="121.5884180">
    <ele>322.5</ele>
    <time>2026-07-26T08:12:45Z</time>
   </trkpt>
   <trkpt lat="25.0285870" lon="121.5884160">
    <ele>322.5</ele>
    <time>2026-07-26T08:12:46Z</time>
   </trkpt>
   <trkpt lat="25.0285940" lon="121.5884130">
    <ele>322.6</ele>
    <time>2026-07-26T08:12:47Z</time>
   </trkpt>
   <trkpt lat="25.0285940" lon="121.5884090">
    <ele>322.7</ele>
    <time>2026-07-26T08:12:48Z</time>
   </trkpt>
   <trkpt lat="25.0285960" lon="121.5884110">
    <ele>322.8</ele>
    <time>2026-07-26T08:12:49Z</time>
   </trkpt>
   <trkpt lat="25.0285960" lon="121.5884070">
    <ele>322.8</ele>
    <time>2026-07-26T08:12:50Z</time>
   </trkpt>
   <trkpt lat="25.0285950" lon="121.5884050">
    <ele>322.9</ele>
    <time>2026-07-26T08:12:51Z</time>
   </trkpt>
   <trkpt lat="25.0285960" lon="121.5884040">
    <ele>322.9</ele>
    <time>2026-07-26T08:12:52Z</time>
   </trkpt>
   <trkpt lat="25.0285960" lon="121.5884050">
    <ele>322.9</ele>
    <time>2026-07-26T08:12:53Z</time>
   </trkpt>
   <trkpt lat="25.0285990" lon="121.5884010">
    <ele>323.0</ele>
    <time>2026-07-26T08:12:54Z</time>
   </trkpt>
   <trkpt lat="25.0286020" lon="121.5884000">
    <ele>323.0</ele>
    <time>2026-07-26T08:12:55Z</time>
   </trkpt>
   <trkpt lat="25.0285990" lon="121.5883970">
    <ele>323.1</ele>
    <time>2026-07-26T08:12:56Z</time>
   </trkpt>
   <trkpt lat="25.0286000" lon="121.5883950">
    <ele>323.1</ele>
    <time>2026-07-26T08:12:57Z</time>
   </trkpt>
   <trkpt lat="25.0286010" lon="121.5883950">
    <ele>323.1</ele>
    <time>2026-07-26T08:12:58Z</time>
   </trkpt>
   <trkpt lat="25.0286020" lon="121.5883960">
    <ele>323.2</ele>
    <time>2026-07-26T08:12:59Z</time>
   </trkpt>
   <trkpt lat="25.0286010" lon="121.5883960">
    <ele>323.2</ele>
    <time>2026-07-26T08:13:00Z</time>
   </trkpt>
   <trkpt lat="25.0285990" lon="121.5883940">
    <ele>323.2</ele>
    <time>2026-07-26T08:13:01Z</time>
   </trkpt>
   <trkpt lat="25.0286020" lon="121.5883970">
    <ele>323.3</ele>
    <time>2026-07-26T08:13:02Z</time>
   </trkpt>
   <trkpt lat="25.0286050" lon="121.5884050">
    <ele>323.4</ele>
    <time>2026-07-26T08:13:03Z</time>
   </trkpt>
   <trkpt lat="25.0286000" lon="121.5884060">
    <ele>323.5</ele>
    <time>2026-07-26T08:13:04Z</time>
   </trkpt>
   <trkpt lat="25.0285950" lon="121.5884060">
    <ele>323.6</ele>
    <time>2026-07-26T08:13:05Z</time>
   </trkpt>
   <trkpt lat="25.0285950" lon="121.5884070">
    <ele>323.6</ele>
    <time>2026-07-26T08:13:06Z</time>
   </trkpt>
   <trkpt lat="25.0285950" lon="121.5884080">
    <ele>323.6</ele>
    <time>2026-07-26T08:13:07Z</time>
   </trkpt>
   <trkpt lat="25.0285950" lon="121.5884090">
    <ele>323.7</ele>
    <time>2026-07-26T08:13:08Z</time>
   </trkpt>
   <trkpt lat="25.0285960" lon="121.5884090">
    <ele>323.7</ele>
    <time>2026-07-26T08:13:09Z</time>
   </trkpt>
   <trkpt lat="25.0285960" lon="121.5884090">
    <ele>323.7</ele>
    <time>2026-07-26T08:13:10Z</time>
   </trkpt>
   <trkpt lat="25.0285960" lon="121.5884090">
    <ele>323.7</ele>
    <time>2026-07-26T08:13:11Z</time>
   </trkpt>
   <trkpt lat="25.0285960" lon="121.5884090">
    <ele>323.7</ele>
    <time>2026-07-26T08:13:12Z</time>
   </trkpt>
   <trkpt lat="25.0285950" lon="121.5884090">
    <ele>323.7</ele>
    <time>2026-07-26T08:13:13Z</time>
   </trkpt>
   <trkpt lat="25.0285950" lon="121.5884090">
    <ele>323.7</ele>
    <time>2026-07-26T08:13:14Z</time>
   </trkpt>
   <trkpt lat="25.0285940" lon="121.5884090">
    <ele>323.7</ele>
    <time>2026-07-26T08:13:15Z</time>
   </trkpt>
   <trkpt lat="25.0285940" lon="121.5884090">
    <ele>323.7</ele>
    <time>2026-07-26T08:13:16Z</time>
   </trkpt>
   <trkpt lat="25.0285940" lon="121.5884090">
    <ele>323.7</ele>
    <time>2026-07-26T08:13:17Z</time>
   </trkpt>
   <trkpt lat="25.0285930" lon="121.5884090">
    <ele>323.7</ele>
    <time>2026-07-26T08:13:18Z</time>
   </trkpt>
   <trkpt lat="25.0285930" lon="121.5884090">
    <ele>323.7</ele>
    <time>2026-07-26T08:13:19Z</time>
   </trkpt>
   <trkpt lat="25.0285930" lon="121.5884090">
    <ele>323.7</ele>
    <time>2026-07-26T08:13:20Z</time>
   </trkpt>
   <trkpt lat="25.0285930" lon="121.5884090">
    <ele>323.7</ele>
    <time>2026-07-26T08:13:21Z</time>
   </trkpt>
   <trkpt lat="25.0285940" lon="121.5884100">
    <ele>323.7</ele>
    <time>2026-07-26T08:13:22Z</time>
   </trkpt>
   <trkpt lat="25.0285920" lon="121.5884110">
    <ele>323.7</ele>
    <time>2026-07-26T08:13:23Z</time>
   </trkpt>
   <trkpt lat="25.0285940" lon="121.5884130">
    <ele>323.7</ele>
    <time>2026-07-26T08:13:24Z</time>
   </trkpt>
   <trkpt lat="25.0285930" lon="121.5884090">
    <ele>323.7</ele>
    <time>2026-07-26T08:13:25Z</time>
   </trkpt>
   <trkpt lat="25.0285920" lon="121.5884070">
    <ele>323.7</ele>
    <time>2026-07-26T08:13:26Z</time>
   </trkpt>
   <trkpt lat="25.0285920" lon="121.5884060">
    <ele>323.7</ele>
    <time>2026-07-26T08:13:27Z</time>
   </trkpt>
   <trkpt lat="25.0285900" lon="121.5884040">
    <ele>323.7</ele>
    <time>2026-07-26T08:13:28Z</time>
   </trkpt>
   <trkpt lat="25.0285910" lon="121.5884050">
    <ele>323.7</ele>
    <time>2026-07-26T08:13:29Z</time>
   </trkpt>
   <trkpt lat="25.0285910" lon="121.5884050">
    <ele>323.7</ele>
    <time>2026-07-26T08:13:30Z</time>
   </trkpt>
   <trkpt lat="25.0285910" lon="121.5884060">
    <ele>323.7</ele>
    <time>2026-07-26T08:13:31Z</time>
   </trkpt>
   <trkpt lat="25.0285910" lon="121.5884060">
    <ele>323.7</ele>
    <time>2026-07-26T08:13:32Z</time>
   </trkpt>
   <trkpt lat="25.0285920" lon="121.5884050">
    <ele>323.7</ele>
    <time>2026-07-26T08:13:33Z</time>
   </trkpt>
   <trkpt lat="25.0285920" lon="121.5884050">
    <ele>323.7</ele>
    <time>2026-07-26T08:13:34Z</time>
   </trkpt>
   <trkpt lat="25.0285920" lon="121.5884050">
    <ele>323.7</ele>
    <time>2026-07-26T08:13:35Z</time>
   </trkpt>
   <trkpt lat="25.0285920" lon="121.5884050">
    <ele>323.7</ele>
    <time>2026-07-26T08:13:36Z</time>
   </trkpt>
   <trkpt lat="25.0285920" lon="121.5884050">
    <ele>323.7</ele>
    <time>2026-07-26T08:13:37Z</time>
   </trkpt>
   <trkpt lat="25.0285920" lon="121.5884040">
    <ele>323.7</ele>
    <time>2026-07-26T08:13:38Z</time>
   </trkpt>
   <trkpt lat="25.0285920" lon="121.5884030">
    <ele>323.7</ele>
    <time>2026-07-26T08:13:39Z</time>
   </trkpt>
   <trkpt lat="25.0285930" lon="121.5884020">
    <ele>323.7</ele>
    <time>2026-07-26T08:13:40Z</time>
   </trkpt>
   <trkpt lat="25.0285940" lon="121.5883980">
    <ele>323.7</ele>
    <time>2026-07-26T08:13:41Z</time>
   </trkpt>
   <trkpt lat="25.0285930" lon="121.5883950">
    <ele>323.7</ele>
    <time>2026-07-26T08:13:42Z</time>
   </trkpt>
   <trkpt lat="25.0285940" lon="121.5883900">
    <ele>323.7</ele>
    <time>2026-07-26T08:13:43Z</time>
   </trkpt>
   <trkpt lat="25.0285930" lon="121.5883840">
    <ele>323.7</ele>
    <time>2026-07-26T08:13:44Z</time>
   </trkpt>
   <trkpt lat="25.0285940" lon="121.5883840">
    <ele>323.7</ele>
    <time>2026-07-26T08:13:45Z</time>
   </trkpt>
   <trkpt lat="25.0285940" lon="121.5883860">
    <ele>323.7</ele>
    <time>2026-07-26T08:13:46Z</time>
   </trkpt>
   <trkpt lat="25.0285940" lon="121.5883830">
    <ele>323.7</ele>
    <time>2026-07-26T08:13:47Z</time>
   </trkpt>
   <trkpt lat="25.0285940" lon="121.5883830">
    <ele>323.7</ele>
    <time>2026-07-26T08:13:48Z</time>
   </trkpt>
   <trkpt lat="25.0285940" lon="121.5883820">
    <ele>323.7</ele>
    <time>2026-07-26T08:13:49Z</time>
   </trkpt>
   <trkpt lat="25.0285950" lon="121.5883820">
    <ele>323.7</ele>
    <time>2026-07-26T08:13:50Z</time>
   </trkpt>
   <trkpt lat="25.0285940" lon="121.5883810">
    <ele>323.7</ele>
    <time>2026-07-26T08:13:51Z</time>
   </trkpt>
   <trkpt lat="25.0285940" lon="121.5883800">
    <ele>323.7</ele>
    <time>2026-07-26T08:13:52Z</time>
   </trkpt>
   <trkpt lat="25.0285940" lon="121.5883800">
    <ele>323.7</ele>
    <time>2026-07-26T08:13:53Z</time>
   </trkpt>
   <trkpt lat="25.0285930" lon="121.5883830">
    <ele>323.7</ele>
    <time>2026-07-26T08:13:54Z</time>
   </trkpt>
   <trkpt lat="25.0285950" lon="121.5883810">
    <ele>323.7</ele>
    <time>2026-07-26T08:13:55Z</time>
   </trkpt>
   <trkpt lat="25.0285950" lon="121.5883810">
    <ele>323.7</ele>
    <time>2026-07-26T08:13:56Z</time>
   </trkpt>
   <trkpt lat="25.0285950" lon="121.5883810">
    <ele>323.7</ele>
    <time>2026-07-26T08:13:57Z</time>
   </trkpt>
   <trkpt lat="25.0285950" lon="121.5883810">
    <ele>323.7</ele>
    <time>2026-07-26T08:13:58Z</time>
   </trkpt>
   <trkpt lat="25.0285950" lon="121.5883810">
    <ele>323.7</ele>
    <time>2026-07-26T08:13:59Z</time>
   </trkpt>
   <trkpt lat="25.0285950" lon="121.5883810">
    <ele>323.7</ele>
    <time>2026-07-26T08:14:00Z</time>
   </trkpt>
   <trkpt lat="25.0285930" lon="121.5883820">
    <ele>323.7</ele>
    <time>2026-07-26T08:14:01Z</time>
   </trkpt>
   <trkpt lat="25.0285910" lon="121.5883810">
    <ele>323.7</ele>
    <time>2026-07-26T08:14:02Z</time>
   </trkpt>
   <trkpt lat="25.0285890" lon="121.5883790">
    <ele>323.7</ele>
    <time>2026-07-26T08:14:03Z</time>
   </trkpt>
   <trkpt lat="25.0285860" lon="121.5883800">
    <ele>323.7</ele>
    <time>2026-07-26T08:14:04Z</time>
   </trkpt>
   <trkpt lat="25.0285800" lon="121.5883820">
    <ele>323.7</ele>
    <time>2026-07-26T08:14:05Z</time>
   </trkpt>
   <trkpt lat="25.0285720" lon="121.5883760">
    <ele>323.7</ele>
    <time>2026-07-26T08:14:06Z</time>
   </trkpt>
   <trkpt lat="25.0285680" lon="121.5883750">
    <ele>323.7</ele>
    <time>2026-07-26T08:14:07Z</time>
   </trkpt>
   <trkpt lat="25.0285580" lon="121.5883690">
    <ele>323.7</ele>
    <time>2026-07-26T08:14:08Z</time>
   </trkpt>
   <trkpt lat="25.0285500" lon="121.5883660">
    <ele>323.7</ele>
    <time>2026-07-26T08:14:09Z</time>
   </trkpt>
   <trkpt lat="25.0285430" lon="121.5883580">
    <ele>323.7</ele>
    <time>2026-07-26T08:14:10Z</time>
   </trkpt>
   <trkpt lat="25.0285360" lon="121.5883490">
    <ele>323.7</ele>
    <time>2026-07-26T08:14:11Z</time>
   </trkpt>
   <trkpt lat="25.0285330" lon="121.5883420">
    <ele>323.7</ele>
    <time>2026-07-26T08:14:12Z</time>
   </trkpt>
   <trkpt lat="25.0285270" lon="121.5883370">
    <ele>323.7</ele>
    <time>2026-07-26T08:14:13Z</time>
   </trkpt>
   <trkpt lat="25.0285230" lon="121.5883330">
    <ele>323.7</ele>
    <time>2026-07-26T08:14:14Z</time>
   </trkpt>
   <trkpt lat="25.0285190" lon="121.5883320">
    <ele>323.7</ele>
    <time>2026-07-26T08:14:15Z</time>
   </trkpt>
   <trkpt lat="25.0285110" lon="121.5883290">
    <ele>323.7</ele>
    <time>2026-07-26T08:14:16Z</time>
   </trkpt>
   <trkpt lat="25.0285020" lon="121.5883260">
    <ele>323.7</ele>
    <time>2026-07-26T08:14:17Z</time>
   </trkpt>
   <trkpt lat="25.0284900" lon="121.5883170">
    <ele>323.6</ele>
    <time>2026-07-26T08:14:18Z</time>
   </trkpt>
   <trkpt lat="25.0284820" lon="121.5883080">
    <ele>323.6</ele>
    <time>2026-07-26T08:14:19Z</time>
   </trkpt>
   <trkpt lat="25.0284740" lon="121.5882990">
    <ele>323.6</ele>
    <time>2026-07-26T08:14:20Z</time>
   </trkpt>
   <trkpt lat="25.0284660" lon="121.5882980">
    <ele>323.6</ele>
    <time>2026-07-26T08:14:21Z</time>
   </trkpt>
   <trkpt lat="25.0284510" lon="121.5882880">
    <ele>323.6</ele>
    <time>2026-07-26T08:14:22Z</time>
   </trkpt>
   <trkpt lat="25.0284430" lon="121.5882810">
    <ele>323.5</ele>
    <time>2026-07-26T08:14:23Z</time>
   </trkpt>
   <trkpt lat="25.0284360" lon="121.5882770">
    <ele>323.5</ele>
    <time>2026-07-26T08:14:24Z</time>
   </trkpt>
   <trkpt lat="25.0284240" lon="121.5882730">
    <ele>323.5</ele>
    <time>2026-07-26T08:14:25Z</time>
   </trkpt>
   <trkpt lat="25.0284180" lon="121.5882670">
    <ele>323.5</ele>
    <time>2026-07-26T08:14:26Z</time>
   </trkpt>
   <trkpt lat="25.0284080" lon="121.5882630">
    <ele>323.5</ele>
    <time>2026-07-26T08:14:27Z</time>
   </trkpt>
   <trkpt lat="25.0284000" lon="121.5882580">
    <ele>323.4</ele>
    <time>2026-07-26T08:14:28Z</time>
   </trkpt>
   <trkpt lat="25.0283910" lon="121.5882550">
    <ele>323.4</ele>
    <time>2026-07-26T08:14:29Z</time>
   </trkpt>
   <trkpt lat="25.0283880" lon="121.5882570">
    <ele>323.4</ele>
    <time>2026-07-26T08:14:30Z</time>
   </trkpt>
   <trkpt lat="25.0283890" lon="121.5882560">
    <ele>323.4</ele>
    <time>2026-07-26T08:14:31Z</time>
   </trkpt>
   <trkpt lat="25.0283890" lon="121.5882550">
    <ele>323.4</ele>
    <time>2026-07-26T08:14:32Z</time>
   </trkpt>
   <trkpt lat="25.0283870" lon="121.5882540">
    <ele>323.4</ele>
    <time>2026-07-26T08:14:33Z</time>
   </trkpt>
   <trkpt lat="25.0283870" lon="121.5882540">
    <ele>323.4</ele>
    <time>2026-07-26T08:14:34Z</time>
   </trkpt>
   <trkpt lat="25.0283870" lon="121.5882540">
    <ele>323.4</ele>
    <time>2026-07-26T08:14:35Z</time>
   </trkpt>
   <trkpt lat="25.0283870" lon="121.5882540">
    <ele>323.4</ele>
    <time>2026-07-26T08:14:36Z</time>
   </trkpt>
   <trkpt lat="25.0283870" lon="121.5882540">
    <ele>323.4</ele>
    <time>2026-07-26T08:14:37Z</time>
   </trkpt>
   <trkpt lat="25.0283770" lon="121.5882490">
    <ele>323.4</ele>
    <time>2026-07-26T08:14:38Z</time>
   </trkpt>
   <trkpt lat="25.0283740" lon="121.5882500">
    <ele>323.4</ele>
    <time>2026-07-26T08:14:39Z</time>
   </trkpt>
   <trkpt lat="25.0283720" lon="121.5882520">
    <ele>323.4</ele>
    <time>2026-07-26T08:14:40Z</time>
   </trkpt>
   <trkpt lat="25.0283700" lon="121.5882480">
    <ele>323.4</ele>
    <time>2026-07-26T08:14:41Z</time>
   </trkpt>
   <trkpt lat="25.0283610" lon="121.5882460">
    <ele>323.3</ele>
    <time>2026-07-26T08:14:42Z</time>
   </trkpt>
   <trkpt lat="25.0283580" lon="121.5882460">
    <ele>323.3</ele>
    <time>2026-07-26T08:14:43Z</time>
   </trkpt>
   <trkpt lat="25.0283600" lon="121.5882470">
    <ele>323.3</ele>
    <time>2026-07-26T08:14:44Z</time>
   </trkpt>
   <trkpt lat="25.0283600" lon="121.5882470">
    <ele>323.3</ele>
    <time>2026-07-26T08:14:45Z</time>
   </trkpt>
   <trkpt lat="25.0283590" lon="121.5882460">
    <ele>323.3</ele>
    <time>2026-07-26T08:14:46Z</time>
   </trkpt>
   <trkpt lat="25.0283590" lon="121.5882460">
    <ele>323.3</ele>
    <time>2026-07-26T08:14:47Z</time>
   </trkpt>
   <trkpt lat="25.0283590" lon="121.5882460">
    <ele>323.3</ele>
    <time>2026-07-26T08:14:48Z</time>
   </trkpt>
   <trkpt lat="25.0283560" lon="121.5882470">
    <ele>323.3</ele>
    <time>2026-07-26T08:14:49Z</time>
   </trkpt>
   <trkpt lat="25.0283530" lon="121.5882480">
    <ele>323.3</ele>
    <time>2026-07-26T08:14:50Z</time>
   </trkpt>
   <trkpt lat="25.0283520" lon="121.5882500">
    <ele>323.3</ele>
    <time>2026-07-26T08:14:51Z</time>
   </trkpt>
   <trkpt lat="25.0283530" lon="121.5882510">
    <ele>323.3</ele>
    <time>2026-07-26T08:14:52Z</time>
   </trkpt>
   <trkpt lat="25.0283530" lon="121.5882520">
    <ele>323.3</ele>
    <time>2026-07-26T08:14:53Z</time>
   </trkpt>
   <trkpt lat="25.0283510" lon="121.5882540">
    <ele>323.3</ele>
    <time>2026-07-26T08:14:54Z</time>
   </trkpt>
   <trkpt lat="25.0283510" lon="121.5882550">
    <ele>323.3</ele>
    <time>2026-07-26T08:14:55Z</time>
   </trkpt>
   <trkpt lat="25.0283510" lon="121.5882550">
    <ele>323.3</ele>
    <time>2026-07-26T08:14:56Z</time>
   </trkpt>
   <trkpt lat="25.0283520" lon="121.5882560">
    <ele>323.3</ele>
    <time>2026-07-26T08:14:57Z</time>
   </trkpt>
   <trkpt lat="25.0283520" lon="121.5882560">
    <ele>323.3</ele>
    <time>2026-07-26T08:14:58Z</time>
   </trkpt>
   <trkpt lat="25.0283520" lon="121.5882560">
    <ele>323.3</ele>
    <time>2026-07-26T08:14:59Z</time>
   </trkpt>
   <trkpt lat="25.0283510" lon="121.5882530">
    <ele>323.3</ele>
    <time>2026-07-26T08:15:00Z</time>
   </trkpt>
   <trkpt lat="25.0283490" lon="121.5882510">
    <ele>323.3</ele>
    <time>2026-07-26T08:15:01Z</time>
   </trkpt>
   <trkpt lat="25.0283480" lon="121.5882500">
    <ele>323.3</ele>
    <time>2026-07-26T08:15:02Z</time>
   </trkpt>
   <trkpt lat="25.0283500" lon="121.5882470">
    <ele>323.2</ele>
    <time>2026-07-26T08:15:03Z</time>
   </trkpt>
   <trkpt lat="25.0283490" lon="121.5882470">
    <ele>323.2</ele>
    <time>2026-07-26T08:15:04Z</time>
   </trkpt>
   <trkpt lat="25.0283490" lon="121.5882470">
    <ele>323.2</ele>
    <time>2026-07-26T08:15:05Z</time>
   </trkpt>
   <trkpt lat="25.0283490" lon="121.5882470">
    <ele>323.2</ele>
    <time>2026-07-26T08:15:06Z</time>
   </trkpt>
   <trkpt lat="25.0283490" lon="121.5882470">
    <ele>323.2</ele>
    <time>2026-07-26T08:15:07Z</time>
   </trkpt>
   <trkpt lat="25.0283500" lon="121.5882450">
    <ele>323.2</ele>
    <time>2026-07-26T08:15:08Z</time>
   </trkpt>
   <trkpt lat="25.0283480" lon="121.5882440">
    <ele>323.2</ele>
    <time>2026-07-26T08:15:09Z</time>
   </trkpt>
   <trkpt lat="25.0283470" lon="121.5882430">
    <ele>323.2</ele>
    <time>2026-07-26T08:15:10Z</time>
   </trkpt>
   <trkpt lat="25.0283450" lon="121.5882440">
    <ele>323.2</ele>
    <time>2026-07-26T08:15:11Z</time>
   </trkpt>
   <trkpt lat="25.0283370" lon="121.5882550">
    <ele>323.2</ele>
    <time>2026-07-26T08:15:12Z</time>
   </trkpt>
   <trkpt lat="25.0283370" lon="121.5882560">
    <ele>323.2</ele>
    <time>2026-07-26T08:15:13Z</time>
   </trkpt>
   <trkpt lat="25.0283410" lon="121.5882510">
    <ele>323.1</ele>
    <time>2026-07-26T08:15:14Z</time>
   </trkpt>
   <trkpt lat="25.0283400" lon="121.5882520">
    <ele>323.1</ele>
    <time>2026-07-26T08:15:15Z</time>
   </trkpt>
   <trkpt lat="25.0283400" lon="121.5882520">
    <ele>323.1</ele>
    <time>2026-07-26T08:15:16Z</time>
   </trkpt>
   <trkpt lat="25.0283380" lon="121.5882530">
    <ele>323.1</ele>
    <time>2026-07-26T08:15:17Z</time>
   </trkpt>
   <trkpt lat="25.0283380" lon="121.5882550">
    <ele>323.1</ele>
    <time>2026-07-26T08:15:18Z</time>
   </trkpt>
   <trkpt lat="25.0283340" lon="121.5882550">
    <ele>323.1</ele>
    <time>2026-07-26T08:15:19Z</time>
   </trkpt>
   <trkpt lat="25.0283240" lon="121.5882580">
    <ele>323.1</ele>
    <time>2026-07-26T08:15:20Z</time>
   </trkpt>
   <trkpt lat="25.0283200" lon="121.5882540">
    <ele>323.1</ele>
    <time>2026-07-26T08:15:21Z</time>
   </trkpt>
   <trkpt lat="25.0283130" lon="121.5882490">
    <ele>323.0</ele>
    <time>2026-07-26T08:15:22Z</time>
   </trkpt>
   <trkpt lat="25.0283010" lon="121.5882440">
    <ele>323.0</ele>
    <time>2026-07-26T08:15:23Z</time>
   </trkpt>
   <trkpt lat="25.0282920" lon="121.5882420">
    <ele>322.9</ele>
    <time>2026-07-26T08:15:24Z</time>
   </trkpt>
   <trkpt lat="25.0282880" lon="121.5882410">
    <ele>322.9</ele>
    <time>2026-07-26T08:15:25Z</time>
   </trkpt>
   <trkpt lat="25.0282730" lon="121.5882380">
    <ele>322.9</ele>
    <time>2026-07-26T08:15:26Z</time>
   </trkpt>
   <trkpt lat="25.0282640" lon="121.5882350">
    <ele>322.8</ele>
    <time>2026-07-26T08:15:27Z</time>
   </trkpt>
   <trkpt lat="25.0282560" lon="121.5882330">
    <ele>322.8</ele>
    <time>2026-07-26T08:15:28Z</time>
   </trkpt>
   <trkpt lat="25.0282480" lon="121.5882300">
    <ele>322.8</ele>
    <time>2026-07-26T08:15:29Z</time>
   </trkpt>
   <trkpt lat="25.0282370" lon="121.5882290">
    <ele>322.7</ele>
    <time>2026-07-26T08:15:30Z</time>
   </trkpt>
   <trkpt lat="25.0282290" lon="121.5882210">
    <ele>322.7</ele>
    <time>2026-07-26T08:15:31Z</time>
   </trkpt>
   <trkpt lat="25.0282200" lon="121.5882110">
    <ele>322.7</ele>
    <time>2026-07-26T08:15:32Z</time>
   </trkpt>
   <trkpt lat="25.0282140" lon="121.5882040">
    <ele>322.7</ele>
    <time>2026-07-26T08:15:33Z</time>
   </trkpt>
   <trkpt lat="25.0282050" lon="121.5881970">
    <ele>322.7</ele>
    <time>2026-07-26T08:15:34Z</time>
   </trkpt>
   <trkpt lat="25.0281940" lon="121.5881870">
    <ele>322.8</ele>
    <time>2026-07-26T08:15:35Z</time>
   </trkpt>
   <trkpt lat="25.0281860" lon="121.5881890">
    <ele>322.8</ele>
    <time>2026-07-26T08:15:36Z</time>
   </trkpt>
   <trkpt lat="25.0281750" lon="121.5881890">
    <ele>322.8</ele>
    <time>2026-07-26T08:15:37Z</time>
   </trkpt>
   <trkpt lat="25.0281640" lon="121.5881940">
    <ele>322.8</ele>
    <time>2026-07-26T08:15:38Z</time>
   </trkpt>
   <trkpt lat="25.0281530" lon="121.5881890">
    <ele>322.9</ele>
    <time>2026-07-26T08:15:39Z</time>
   </trkpt>
   <trkpt lat="25.0281470" lon="121.5881820">
    <ele>322.9</ele>
    <time>2026-07-26T08:15:40Z</time>
   </trkpt>
   <trkpt lat="25.0281360" lon="121.5881710">
    <ele>322.9</ele>
    <time>2026-07-26T08:15:41Z</time>
   </trkpt>
   <trkpt lat="25.0281310" lon="121.5881650">
    <ele>322.9</ele>
    <time>2026-07-26T08:15:42Z</time>
   </trkpt>
   <trkpt lat="25.0281170" lon="121.5881550">
    <ele>323.0</ele>
    <time>2026-07-26T08:15:43Z</time>
   </trkpt>
   <trkpt lat="25.0281010" lon="121.5881380">
    <ele>323.0</ele>
    <time>2026-07-26T08:15:44Z</time>
   </trkpt>
   <trkpt lat="25.0280940" lon="121.5881310">
    <ele>323.1</ele>
    <time>2026-07-26T08:15:45Z</time>
   </trkpt>
   <trkpt lat="25.0280810" lon="121.5881180">
    <ele>323.1</ele>
    <time>2026-07-26T08:15:46Z</time>
   </trkpt>
   <trkpt lat="25.0280710" lon="121.5881020">
    <ele>323.2</ele>
    <time>2026-07-26T08:15:47Z</time>
   </trkpt>
   <trkpt lat="25.0280650" lon="121.5880950">
    <ele>323.3</ele>
    <time>2026-07-26T08:15:48Z</time>
   </trkpt>
   <trkpt lat="25.0280570" lon="121.5880900">
    <ele>323.4</ele>
    <time>2026-07-26T08:15:49Z</time>
   </trkpt>
   <trkpt lat="25.0280500" lon="121.5880840">
    <ele>323.5</ele>
    <time>2026-07-26T08:15:50Z</time>
   </trkpt>
   <trkpt lat="25.0280500" lon="121.5880700">
    <ele>323.7</ele>
    <time>2026-07-26T08:15:51Z</time>
   </trkpt>
   <trkpt lat="25.0280410" lon="121.5880600">
    <ele>323.8</ele>
    <time>2026-07-26T08:15:52Z</time>
   </trkpt>
   <trkpt lat="25.0280320" lon="121.5880490">
    <ele>324.0</ele>
    <time>2026-07-26T08:15:53Z</time>
   </trkpt>
   <trkpt lat="25.0280210" lon="121.5880440">
    <ele>324.1</ele>
    <time>2026-07-26T08:15:54Z</time>
   </trkpt>
   <trkpt lat="25.0280140" lon="121.5880450">
    <ele>324.2</ele>
    <time>2026-07-26T08:15:55Z</time>
   </trkpt>
   <trkpt lat="25.0280030" lon="121.5880380">
    <ele>324.4</ele>
    <time>2026-07-26T08:15:56Z</time>
   </trkpt>
   <trkpt lat="25.0279980" lon="121.5880380">
    <ele>324.4</ele>
    <time>2026-07-26T08:15:57Z</time>
   </trkpt>
   <trkpt lat="25.0279890" lon="121.5880230">
    <ele>324.6</ele>
    <time>2026-07-26T08:15:58Z</time>
   </trkpt>
   <trkpt lat="25.0279820" lon="121.5880110">
    <ele>324.8</ele>
    <time>2026-07-26T08:15:59Z</time>
   </trkpt>
   <trkpt lat="25.0279720" lon="121.5880000">
    <ele>324.9</ele>
    <time>2026-07-26T08:16:00Z</time>
   </trkpt>
   <trkpt lat="25.0279630" lon="121.5879950">
    <ele>324.9</ele>
    <time>2026-07-26T08:16:01Z</time>
   </trkpt>
   <trkpt lat="25.0279590" lon="121.5879880">
    <ele>324.9</ele>
    <time>2026-07-26T08:16:02Z</time>
   </trkpt>
   <trkpt lat="25.0279500" lon="121.5879780">
    <ele>325.0</ele>
    <time>2026-07-26T08:16:03Z</time>
   </trkpt>
   <trkpt lat="25.0279440" lon="121.5879700">
    <ele>325.0</ele>
    <time>2026-07-26T08:16:04Z</time>
   </trkpt>
   <trkpt lat="25.0279370" lon="121.5879630">
    <ele>325.0</ele>
    <time>2026-07-26T08:16:05Z</time>
   </trkpt>
   <trkpt lat="25.0279300" lon="121.5879510">
    <ele>325.1</ele>
    <time>2026-07-26T08:16:06Z</time>
   </trkpt>
   <trkpt lat="25.0279210" lon="121.5879450">
    <ele>325.1</ele>
    <time>2026-07-26T08:16:07Z</time>
   </trkpt>
   <trkpt lat="25.0279140" lon="121.5879380">
    <ele>325.1</ele>
    <time>2026-07-26T08:16:08Z</time>
   </trkpt>
   <trkpt lat="25.0279050" lon="121.5879360">
    <ele>325.2</ele>
    <time>2026-07-26T08:16:09Z</time>
   </trkpt>
   <trkpt lat="25.0278960" lon="121.5879360">
    <ele>325.2</ele>
    <time>2026-07-26T08:16:10Z</time>
   </trkpt>
   <trkpt lat="25.0278850" lon="121.5879290">
    <ele>325.2</ele>
    <time>2026-07-26T08:16:11Z</time>
   </trkpt>
   <trkpt lat="25.0278720" lon="121.5879220">
    <ele>325.3</ele>
    <time>2026-07-26T08:16:12Z</time>
   </trkpt>
   <trkpt lat="25.0278620" lon="121.5879150">
    <ele>325.3</ele>
    <time>2026-07-26T08:16:13Z</time>
   </trkpt>
   <trkpt lat="25.0278540" lon="121.5879070">
    <ele>325.4</ele>
    <time>2026-07-26T08:16:14Z</time>
   </trkpt>
   <trkpt lat="25.0278410" lon="121.5878980">
    <ele>325.5</ele>
    <time>2026-07-26T08:16:15Z</time>
   </trkpt>
   <trkpt lat="25.0278380" lon="121.5878900">
    <ele>325.7</ele>
    <time>2026-07-26T08:16:16Z</time>
   </trkpt>
   <trkpt lat="25.0278290" lon="121.5878790">
    <ele>325.9</ele>
    <time>2026-07-26T08:16:17Z</time>
   </trkpt>
   <trkpt lat="25.0278210" lon="121.5878720">
    <ele>326.1</ele>
    <time>2026-07-26T08:16:18Z</time>
   </trkpt>
   <trkpt lat="25.0278150" lon="121.5878650">
    <ele>326.3</ele>
    <time>2026-07-26T08:16:19Z</time>
   </trkpt>
   <trkpt lat="25.0278080" lon="121.5878590">
    <ele>326.4</ele>
    <time>2026-07-26T08:16:20Z</time>
   </trkpt>
   <trkpt lat="25.0277980" lon="121.5878460">
    <ele>326.7</ele>
    <time>2026-07-26T08:16:21Z</time>
   </trkpt>
   <trkpt lat="25.0277920" lon="121.5878400">
    <ele>326.9</ele>
    <time>2026-07-26T08:16:22Z</time>
   </trkpt>
   <trkpt lat="25.0277840" lon="121.5878270">
    <ele>327.2</ele>
    <time>2026-07-26T08:16:23Z</time>
   </trkpt>
   <trkpt lat="25.0277770" lon="121.5878180">
    <ele>327.4</ele>
    <time>2026-07-26T08:16:24Z</time>
   </trkpt>
   <trkpt lat="25.0277720" lon="121.5878170">
    <ele>327.5</ele>
    <time>2026-07-26T08:16:25Z</time>
   </trkpt>
   <trkpt lat="25.0277640" lon="121.5878080">
    <ele>327.7</ele>
    <time>2026-07-26T08:16:26Z</time>
   </trkpt>
   <trkpt lat="25.0277550" lon="121.5878030">
    <ele>327.9</ele>
    <time>2026-07-26T08:16:27Z</time>
   </trkpt>
   <trkpt lat="25.0277430" lon="121.5877920">
    <ele>328.2</ele>
    <time>2026-07-26T08:16:28Z</time>
   </trkpt>
   <trkpt lat="25.0277340" lon="121.5877800">
    <ele>328.5</ele>
    <time>2026-07-26T08:16:29Z</time>
   </trkpt>
   <trkpt lat="25.0277280" lon="121.5877730">
    <ele>328.6</ele>
    <time>2026-07-26T08:16:30Z</time>
   </trkpt>
   <trkpt lat="25.0277180" lon="121.5877630">
    <ele>328.9</ele>
    <time>2026-07-26T08:16:31Z</time>
   </trkpt>
   <trkpt lat="25.0277140" lon="121.5877580">
    <ele>329.0</ele>
    <time>2026-07-26T08:16:32Z</time>
   </trkpt>
   <trkpt lat="25.0277060" lon="121.5877490">
    <ele>329.2</ele>
    <time>2026-07-26T08:16:33Z</time>
   </trkpt>
   <trkpt lat="25.0277010" lon="121.5877400">
    <ele>329.3</ele>
    <time>2026-07-26T08:16:34Z</time>
   </trkpt>
   <trkpt lat="25.0276960" lon="121.5877320">
    <ele>329.5</ele>
    <time>2026-07-26T08:16:35Z</time>
   </trkpt>
   <trkpt lat="25.0276890" lon="121.5877270">
    <ele>329.6</ele>
    <time>2026-07-26T08:16:36Z</time>
   </trkpt>
   <trkpt lat="25.0276780" lon="121.5877190">
    <ele>329.8</ele>
    <time>2026-07-26T08:16:37Z</time>
   </trkpt>
   <trkpt lat="25.0276680" lon="121.5877100">
    <ele>330.1</ele>
    <time>2026-07-26T08:16:38Z</time>
   </trkpt>
   <trkpt lat="25.0276620" lon="121.5877050">
    <ele>330.2</ele>
    <time>2026-07-26T08:16:39Z</time>
   </trkpt>
   <trkpt lat="25.0276540" lon="121.5876990">
    <ele>330.4</ele>
    <time>2026-07-26T08:16:40Z</time>
   </trkpt>
   <trkpt lat="25.0276470" lon="121.5876950">
    <ele>330.4</ele>
    <time>2026-07-26T08:16:41Z</time>
   </trkpt>
   <trkpt lat="25.0276380" lon="121.5876910">
    <ele>330.4</ele>
    <time>2026-07-26T08:16:42Z</time>
   </trkpt>
   <trkpt lat="25.0276330" lon="121.5876910">
    <ele>330.4</ele>
    <time>2026-07-26T08:16:43Z</time>
   </trkpt>
   <trkpt lat="25.0276220" lon="121.5876880">
    <ele>330.4</ele>
    <time>2026-07-26T08:16:44Z</time>
   </trkpt>
   <trkpt lat="25.0276120" lon="121.5876840">
    <ele>330.4</ele>
    <time>2026-07-26T08:16:45Z</time>
   </trkpt>
   <trkpt lat="25.0275960" lon="121.5876740">
    <ele>330.4</ele>
    <time>2026-07-26T08:16:46Z</time>
   </trkpt>
   <trkpt lat="25.0275840" lon="121.5876620">
    <ele>330.4</ele>
    <time>2026-07-26T08:16:47Z</time>
   </trkpt>
   <trkpt lat="25.0275740" lon="121.5876500">
    <ele>330.4</ele>
    <time>2026-07-26T08:16:48Z</time>
   </trkpt>
   <trkpt lat="25.0275650" lon="121.5876380">
    <ele>330.5</ele>
    <time>2026-07-26T08:16:49Z</time>
   </trkpt>
   <trkpt lat="25.0275560" lon="121.5876230">
    <ele>330.5</ele>
    <time>2026-07-26T08:16:50Z</time>
   </trkpt>
   <trkpt lat="25.0275460" lon="121.5876140">
    <ele>330.6</ele>
    <time>2026-07-26T08:16:51Z</time>
   </trkpt>
   <trkpt lat="25.0275400" lon="121.5876080">
    <ele>330.6</ele>
    <time>2026-07-26T08:16:52Z</time>
   </trkpt>
   <trkpt lat="25.0275320" lon="121.5876010">
    <ele>330.6</ele>
    <time>2026-07-26T08:16:53Z</time>
   </trkpt>
   <trkpt lat="25.0275250" lon="121.5875900">
    <ele>330.7</ele>
    <time>2026-07-26T08:16:54Z</time>
   </trkpt>
   <trkpt lat="25.0275130" lon="121.5875780">
    <ele>330.8</ele>
    <time>2026-07-26T08:16:55Z</time>
   </trkpt>
   <trkpt lat="25.0275080" lon="121.5875690">
    <ele>330.8</ele>
    <time>2026-07-26T08:16:56Z</time>
   </trkpt>
   <trkpt lat="25.0274970" lon="121.5875600">
    <ele>331.0</ele>
    <time>2026-07-26T08:16:57Z</time>
   </trkpt>
   <trkpt lat="25.0274870" lon="121.5875480">
    <ele>331.3</ele>
    <time>2026-07-26T08:16:58Z</time>
   </trkpt>
   <trkpt lat="25.0274770" lon="121.5875400">
    <ele>331.4</ele>
    <time>2026-07-26T08:16:59Z</time>
   </trkpt>
   <trkpt lat="25.0274710" lon="121.5875320">
    <ele>331.6</ele>
    <time>2026-07-26T08:17:00Z</time>
   </trkpt>
   <trkpt lat="25.0274620" lon="121.5875210">
    <ele>331.8</ele>
    <time>2026-07-26T08:17:01Z</time>
   </trkpt>
   <trkpt lat="25.0274520" lon="121.5875090">
    <ele>332.0</ele>
    <time>2026-07-26T08:17:02Z</time>
   </trkpt>
   <trkpt lat="25.0274460" lon="121.5874990">
    <ele>332.1</ele>
    <time>2026-07-26T08:17:03Z</time>
   </trkpt>
   <trkpt lat="25.0274380" lon="121.5874880">
    <ele>332.3</ele>
    <time>2026-07-26T08:17:04Z</time>
   </trkpt>
   <trkpt lat="25.0274320" lon="121.5874840">
    <ele>332.4</ele>
    <time>2026-07-26T08:17:05Z</time>
   </trkpt>
   <trkpt lat="25.0274250" lon="121.5874760">
    <ele>332.6</ele>
    <time>2026-07-26T08:17:06Z</time>
   </trkpt>
   <trkpt lat="25.0274170" lon="121.5874690">
    <ele>332.7</ele>
    <time>2026-07-26T08:17:07Z</time>
   </trkpt>
   <trkpt lat="25.0274080" lon="121.5874550">
    <ele>332.9</ele>
    <time>2026-07-26T08:17:08Z</time>
   </trkpt>
   <trkpt lat="25.0273970" lon="121.5874440">
    <ele>333.1</ele>
    <time>2026-07-26T08:17:09Z</time>
   </trkpt>
   <trkpt lat="25.0273870" lon="121.5874350">
    <ele>333.3</ele>
    <time>2026-07-26T08:17:10Z</time>
   </trkpt>
   <trkpt lat="25.0273780" lon="121.5874300">
    <ele>333.5</ele>
    <time>2026-07-26T08:17:11Z</time>
   </trkpt>
   <trkpt lat="25.0273700" lon="121.5874280">
    <ele>333.6</ele>
    <time>2026-07-26T08:17:12Z</time>
   </trkpt>
   <trkpt lat="25.0273620" lon="121.5874190">
    <ele>333.7</ele>
    <time>2026-07-26T08:17:13Z</time>
   </trkpt>
   <trkpt lat="25.0273580" lon="121.5874100">
    <ele>333.9</ele>
    <time>2026-07-26T08:17:14Z</time>
   </trkpt>
   <trkpt lat="25.0273520" lon="121.5874020">
    <ele>334.0</ele>
    <time>2026-07-26T08:17:15Z</time>
   </trkpt>
   <trkpt lat="25.0273430" lon="121.5873920">
    <ele>334.2</ele>
    <time>2026-07-26T08:17:16Z</time>
   </trkpt>
   <trkpt lat="25.0273350" lon="121.5873820">
    <ele>334.4</ele>
    <time>2026-07-26T08:17:17Z</time>
   </trkpt>
   <trkpt lat="25.0273290" lon="121.5873670">
    <ele>334.6</ele>
    <time>2026-07-26T08:17:18Z</time>
   </trkpt>
   <trkpt lat="25.0273200" lon="121.5873540">
    <ele>334.8</ele>
    <time>2026-07-26T08:17:19Z</time>
   </trkpt>
   <trkpt lat="25.0273110" lon="121.5873480">
    <ele>335.0</ele>
    <time>2026-07-26T08:17:20Z</time>
   </trkpt>
   <trkpt lat="25.0273050" lon="121.5873370">
    <ele>335.2</ele>
    <time>2026-07-26T08:17:21Z</time>
   </trkpt>
   <trkpt lat="25.0273000" lon="121.5873300">
    <ele>335.3</ele>
    <time>2026-07-26T08:17:22Z</time>
   </trkpt>
   <trkpt lat="25.0272960" lon="121.5873180">
    <ele>335.5</ele>
    <time>2026-07-26T08:17:23Z</time>
   </trkpt>
   <trkpt lat="25.0272880" lon="121.5873110">
    <ele>335.7</ele>
    <time>2026-07-26T08:17:24Z</time>
   </trkpt>
   <trkpt lat="25.0272840" lon="121.5873040">
    <ele>335.8</ele>
    <time>2026-07-26T08:17:25Z</time>
   </trkpt>
   <trkpt lat="25.0272810" lon="121.5872890">
    <ele>336.1</ele>
    <time>2026-07-26T08:17:26Z</time>
   </trkpt>
   <trkpt lat="25.0272740" lon="121.5872810">
    <ele>336.2</ele>
    <time>2026-07-26T08:17:27Z</time>
   </trkpt>
   <trkpt lat="25.0272690" lon="121.5872700">
    <ele>336.4</ele>
    <time>2026-07-26T08:17:28Z</time>
   </trkpt>
   <trkpt lat="25.0272630" lon="121.5872640">
    <ele>336.6</ele>
    <time>2026-07-26T08:17:29Z</time>
   </trkpt>
   <trkpt lat="25.0272550" lon="121.5872520">
    <ele>336.9</ele>
    <time>2026-07-26T08:17:30Z</time>
   </trkpt>
   <trkpt lat="25.0272530" lon="121.5872400">
    <ele>337.1</ele>
    <time>2026-07-26T08:17:31Z</time>
   </trkpt>
   <trkpt lat="25.0272490" lon="121.5872380">
    <ele>337.2</ele>
    <time>2026-07-26T08:17:32Z</time>
   </trkpt>
   <trkpt lat="25.0272500" lon="121.5872330">
    <ele>337.3</ele>
    <time>2026-07-26T08:17:33Z</time>
   </trkpt>
   <trkpt lat="25.0272490" lon="121.5872190">
    <ele>337.5</ele>
    <time>2026-07-26T08:17:34Z</time>
   </trkpt>
   <trkpt lat="25.0272490" lon="121.5872070">
    <ele>337.7</ele>
    <time>2026-07-26T08:17:35Z</time>
   </trkpt>
   <trkpt lat="25.0272500" lon="121.5871970">
    <ele>337.9</ele>
    <time>2026-07-26T08:17:36Z</time>
   </trkpt>
   <trkpt lat="25.0272540" lon="121.5871870">
    <ele>338.2</ele>
    <time>2026-07-26T08:17:37Z</time>
   </trkpt>
   <trkpt lat="25.0272560" lon="121.5871750">
    <ele>338.4</ele>
    <time>2026-07-26T08:17:38Z</time>
   </trkpt>
   <trkpt lat="25.0272530" lon="121.5871680">
    <ele>338.6</ele>
    <time>2026-07-26T08:17:39Z</time>
   </trkpt>
   <trkpt lat="25.0272470" lon="121.5871630">
    <ele>338.7</ele>
    <time>2026-07-26T08:17:40Z</time>
   </trkpt>
   <trkpt lat="25.0272430" lon="121.5871560">
    <ele>338.9</ele>
    <time>2026-07-26T08:17:41Z</time>
   </trkpt>
   <trkpt lat="25.0272400" lon="121.5871500">
    <ele>339.0</ele>
    <time>2026-07-26T08:17:42Z</time>
   </trkpt>
   <trkpt lat="25.0272350" lon="121.5871380">
    <ele>339.3</ele>
    <time>2026-07-26T08:17:43Z</time>
   </trkpt>
   <trkpt lat="25.0272340" lon="121.5871270">
    <ele>339.5</ele>
    <time>2026-07-26T08:17:44Z</time>
   </trkpt>
   <trkpt lat="25.0272280" lon="121.5871160">
    <ele>339.8</ele>
    <time>2026-07-26T08:17:45Z</time>
   </trkpt>
   <trkpt lat="25.0272260" lon="121.5871110">
    <ele>339.9</ele>
    <time>2026-07-26T08:17:46Z</time>
   </trkpt>
   <trkpt lat="25.0272270" lon="121.5871090">
    <ele>340.0</ele>
    <time>2026-07-26T08:17:47Z</time>
   </trkpt>
   <trkpt lat="25.0272260" lon="121.5871020">
    <ele>340.1</ele>
    <time>2026-07-26T08:17:48Z</time>
   </trkpt>
   <trkpt lat="25.0272220" lon="121.5870920">
    <ele>340.3</ele>
    <time>2026-07-26T08:17:49Z</time>
   </trkpt>
   <trkpt lat="25.0272160" lon="121.5870870">
    <ele>340.5</ele>
    <time>2026-07-26T08:17:50Z</time>
   </trkpt>
   <trkpt lat="25.0272110" lon="121.5870810">
    <ele>340.7</ele>
    <time>2026-07-26T08:17:51Z</time>
   </trkpt>
   <trkpt lat="25.0272070" lon="121.5870760">
    <ele>340.8</ele>
    <time>2026-07-26T08:17:52Z</time>
   </trkpt>
   <trkpt lat="25.0272020" lon="121.5870710">
    <ele>341.0</ele>
    <time>2026-07-26T08:17:53Z</time>
   </trkpt>
   <trkpt lat="25.0271950" lon="121.5870630">
    <ele>341.2</ele>
    <time>2026-07-26T08:17:54Z</time>
   </trkpt>
   <trkpt lat="25.0271900" lon="121.5870520">
    <ele>341.5</ele>
    <time>2026-07-26T08:17:55Z</time>
   </trkpt>
   <trkpt lat="25.0271830" lon="121.5870420">
    <ele>341.7</ele>
    <time>2026-07-26T08:17:56Z</time>
   </trkpt>
   <trkpt lat="25.0271790" lon="121.5870360">
    <ele>341.9</ele>
    <time>2026-07-26T08:17:57Z</time>
   </trkpt>
   <trkpt lat="25.0271760" lon="121.5870280">
    <ele>342.1</ele>
    <time>2026-07-26T08:17:58Z</time>
   </trkpt>
   <trkpt lat="25.0271700" lon="121.5870180">
    <ele>342.3</ele>
    <time>2026-07-26T08:17:59Z</time>
   </trkpt>
   <trkpt lat="25.0271600" lon="121.5870060">
    <ele>342.6</ele>
    <time>2026-07-26T08:18:00Z</time>
   </trkpt>
   <trkpt lat="25.0271530" lon="121.5869960">
    <ele>342.9</ele>
    <time>2026-07-26T08:18:01Z</time>
   </trkpt>
   <trkpt lat="25.0271490" lon="121.5869890">
    <ele>343.0</ele>
    <time>2026-07-26T08:18:02Z</time>
   </trkpt>
   <trkpt lat="25.0271420" lon="121.5869790">
    <ele>343.3</ele>
    <time>2026-07-26T08:18:03Z</time>
   </trkpt>
   <trkpt lat="25.0271360" lon="121.5869690">
    <ele>343.5</ele>
    <time>2026-07-26T08:18:04Z</time>
   </trkpt>
   <trkpt lat="25.0271310" lon="121.5869620">
    <ele>343.6</ele>
    <time>2026-07-26T08:18:05Z</time>
   </trkpt>
   <trkpt lat="25.0271260" lon="121.5869510">
    <ele>343.8</ele>
    <time>2026-07-26T08:18:06Z</time>
   </trkpt>
   <trkpt lat="25.0271200" lon="121.5869360">
    <ele>344.1</ele>
    <time>2026-07-26T08:18:07Z</time>
   </trkpt>
   <trkpt lat="25.0271120" lon="121.5869280">
    <ele>344.3</ele>
    <time>2026-07-26T08:18:08Z</time>
   </trkpt>
   <trkpt lat="25.0270990" lon="121.5869190">
    <ele>344.6</ele>
    <time>2026-07-26T08:18:09Z</time>
   </trkpt>
   <trkpt lat="25.0270870" lon="121.5869130">
    <ele>344.8</ele>
    <time>2026-07-26T08:18:10Z</time>
   </trkpt>
   <trkpt lat="25.0270780" lon="121.5869140">
    <ele>344.9</ele>
    <time>2026-07-26T08:18:11Z</time>
   </trkpt>
   <trkpt lat="25.0270650" lon="121.5869120">
    <ele>344.9</ele>
    <time>2026-07-26T08:18:12Z</time>
   </trkpt>
   <trkpt lat="25.0270540" lon="121.5869060">
    <ele>345.0</ele>
    <time>2026-07-26T08:18:13Z</time>
   </trkpt>
   <trkpt lat="25.0270430" lon="121.5869020">
    <ele>345.0</ele>
    <time>2026-07-26T08:18:14Z</time>
   </trkpt>
   <trkpt lat="25.0270340" lon="121.5869040">
    <ele>345.0</ele>
    <time>2026-07-26T08:18:15Z</time>
   </trkpt>
   <trkpt lat="25.0270160" lon="121.5868960">
    <ele>345.1</ele>
    <time>2026-07-26T08:18:16Z</time>
   </trkpt>
   <trkpt lat="25.0270120" lon="121.5868940">
    <ele>345.1</ele>
    <time>2026-07-26T08:18:17Z</time>
   </trkpt>
   <trkpt lat="25.0270040" lon="121.5868920">
    <ele>345.2</ele>
    <time>2026-07-26T08:18:18Z</time>
   </trkpt>
   <trkpt lat="25.0269930" lon="121.5868850">
    <ele>345.2</ele>
    <time>2026-07-26T08:18:19Z</time>
   </trkpt>
   <trkpt lat="25.0269830" lon="121.5868810">
    <ele>345.3</ele>
    <time>2026-07-26T08:18:20Z</time>
   </trkpt>
   <trkpt lat="25.0269750" lon="121.5868760">
    <ele>345.3</ele>
    <time>2026-07-26T08:18:21Z</time>
   </trkpt>
   <trkpt lat="25.0269670" lon="121.5868690">
    <ele>345.4</ele>
    <time>2026-07-26T08:18:22Z</time>
   </trkpt>
   <trkpt lat="25.0269630" lon="121.5868620">
    <ele>345.4</ele>
    <time>2026-07-26T08:18:23Z</time>
   </trkpt>
   <trkpt lat="25.0269540" lon="121.5868600">
    <ele>345.5</ele>
    <time>2026-07-26T08:18:24Z</time>
   </trkpt>
   <trkpt lat="25.0269400" lon="121.5868520">
    <ele>345.6</ele>
    <time>2026-07-26T08:18:25Z</time>
   </trkpt>
   <trkpt lat="25.0269300" lon="121.5868410">
    <ele>345.7</ele>
    <time>2026-07-26T08:18:26Z</time>
   </trkpt>
   <trkpt lat="25.0269280" lon="121.5868290">
    <ele>345.8</ele>
    <time>2026-07-26T08:18:27Z</time>
   </trkpt>
   <trkpt lat="25.0269280" lon="121.5868190">
    <ele>345.9</ele>
    <time>2026-07-26T08:18:28Z</time>
   </trkpt>
   <trkpt lat="25.0269260" lon="121.5868130">
    <ele>346.0</ele>
    <time>2026-07-26T08:18:29Z</time>
   </trkpt>
   <trkpt lat="25.0269230" lon="121.5868150">
    <ele>346.0</ele>
    <time>2026-07-26T08:18:30Z</time>
   </trkpt>
   <trkpt lat="25.0269200" lon="121.5868140">
    <ele>346.0</ele>
    <time>2026-07-26T08:18:31Z</time>
   </trkpt>
   <trkpt lat="25.0269130" lon="121.5868150">
    <ele>346.1</ele>
    <time>2026-07-26T08:18:32Z</time>
   </trkpt>
   <trkpt lat="25.0269150" lon="121.5868080">
    <ele>346.1</ele>
    <time>2026-07-26T08:18:33Z</time>
   </trkpt>
   <trkpt lat="25.0269130" lon="121.5868050">
    <ele>346.2</ele>
    <time>2026-07-26T08:18:34Z</time>
   </trkpt>
   <trkpt lat="25.0269130" lon="121.5867920">
    <ele>346.3</ele>
    <time>2026-07-26T08:18:35Z</time>
   </trkpt>
   <trkpt lat="25.0269030" lon="121.5867800">
    <ele>346.5</ele>
    <time>2026-07-26T08:18:36Z</time>
   </trkpt>
   <trkpt lat="25.0268910" lon="121.5867700">
    <ele>346.6</ele>
    <time>2026-07-26T08:18:37Z</time>
   </trkpt>
   <trkpt lat="25.0268860" lon="121.5867590">
    <ele>346.8</ele>
    <time>2026-07-26T08:18:38Z</time>
   </trkpt>
   <trkpt lat="25.0268760" lon="121.5867600">
    <ele>346.9</ele>
    <time>2026-07-26T08:18:39Z</time>
   </trkpt>
   <trkpt lat="25.0268640" lon="121.5867440">
    <ele>347.1</ele>
    <time>2026-07-26T08:18:40Z</time>
   </trkpt>
   <trkpt lat="25.0268630" lon="121.5867330">
    <ele>347.2</ele>
    <time>2026-07-26T08:18:41Z</time>
   </trkpt>
   <trkpt lat="25.0268550" lon="121.5867260">
    <ele>347.3</ele>
    <time>2026-07-26T08:18:42Z</time>
   </trkpt>
   <trkpt lat="25.0268500" lon="121.5867190">
    <ele>347.4</ele>
    <time>2026-07-26T08:18:43Z</time>
   </trkpt>
   <trkpt lat="25.0268430" lon="121.5867120">
    <ele>347.5</ele>
    <time>2026-07-26T08:18:44Z</time>
   </trkpt>
   <trkpt lat="25.0268380" lon="121.5867030">
    <ele>347.7</ele>
    <time>2026-07-26T08:18:45Z</time>
   </trkpt>
   <trkpt lat="25.0268350" lon="121.5867010">
    <ele>347.7</ele>
    <time>2026-07-26T08:18:46Z</time>
   </trkpt>
   <trkpt lat="25.0268300" lon="121.5866970">
    <ele>347.8</ele>
    <time>2026-07-26T08:18:47Z</time>
   </trkpt>
   <trkpt lat="25.0268220" lon="121.5866820">
    <ele>348.0</ele>
    <time>2026-07-26T08:18:48Z</time>
   </trkpt>
   <trkpt lat="25.0268130" lon="121.5866670">
    <ele>348.1</ele>
    <time>2026-07-26T08:18:49Z</time>
   </trkpt>
   <trkpt lat="25.0268060" lon="121.5866700">
    <ele>348.2</ele>
    <time>2026-07-26T08:18:50Z</time>
   </trkpt>
   <trkpt lat="25.0268000" lon="121.5866630">
    <ele>348.3</ele>
    <time>2026-07-26T08:18:51Z</time>
   </trkpt>
   <trkpt lat="25.0267900" lon="121.5866650">
    <ele>348.4</ele>
    <time>2026-07-26T08:18:52Z</time>
   </trkpt>
   <trkpt lat="25.0267800" lon="121.5866650">
    <ele>348.5</ele>
    <time>2026-07-26T08:18:54Z</time>
   </trkpt>
   <trkpt lat="25.0267750" lon="121.5866690">
    <ele>348.6</ele>
    <time>2026-07-26T08:18:55Z</time>
   </trkpt>
   <trkpt lat="25.0267690" lon="121.5866700">
    <ele>348.7</ele>
    <time>2026-07-26T08:18:56Z</time>
   </trkpt>
   <trkpt lat="25.0267610" lon="121.5866700">
    <ele>348.8</ele>
    <time>2026-07-26T08:18:57Z</time>
   </trkpt>
   <trkpt lat="25.0267580" lon="121.5866660">
    <ele>348.8</ele>
    <time>2026-07-26T08:18:58Z</time>
   </trkpt>
   <trkpt lat="25.0267470" lon="121.5866570">
    <ele>348.9</ele>
    <time>2026-07-26T08:18:59Z</time>
   </trkpt>
   <trkpt lat="25.0267410" lon="121.5866490">
    <ele>349.0</ele>
    <time>2026-07-26T08:19:00Z</time>
   </trkpt>
   <trkpt lat="25.0267350" lon="121.5866470">
    <ele>349.1</ele>
    <time>2026-07-26T08:19:01Z</time>
   </trkpt>
   <trkpt lat="25.0267220" lon="121.5866420">
    <ele>349.2</ele>
    <time>2026-07-26T08:19:02Z</time>
   </trkpt>
   <trkpt lat="25.0267100" lon="121.5866340">
    <ele>349.3</ele>
    <time>2026-07-26T08:19:03Z</time>
   </trkpt>
   <trkpt lat="25.0266950" lon="121.5866340">
    <ele>349.4</ele>
    <time>2026-07-26T08:19:04Z</time>
   </trkpt>
   <trkpt lat="25.0266770" lon="121.5866270">
    <ele>349.6</ele>
    <time>2026-07-26T08:19:05Z</time>
   </trkpt>
   <trkpt lat="25.0266650" lon="121.5866380">
    <ele>349.7</ele>
    <time>2026-07-26T08:19:06Z</time>
   </trkpt>
   <trkpt lat="25.0266550" lon="121.5866400">
    <ele>349.8</ele>
    <time>2026-07-26T08:19:07Z</time>
   </trkpt>
   <trkpt lat="25.0266450" lon="121.5866420">
    <ele>349.9</ele>
    <time>2026-07-26T08:19:08Z</time>
   </trkpt>
   <trkpt lat="25.0266460" lon="121.5866500">
    <ele>349.9</ele>
    <time>2026-07-26T08:19:09Z</time>
   </trkpt>
   <trkpt lat="25.0266330" lon="121.5866400">
    <ele>350.1</ele>
    <time>2026-07-26T08:19:10Z</time>
   </trkpt>
   <trkpt lat="25.0266230" lon="121.5866310">
    <ele>350.3</ele>
    <time>2026-07-26T08:19:11Z</time>
   </trkpt>
   <trkpt lat="25.0265930" lon="121.5866150">
    <ele>350.9</ele>
    <time>2026-07-26T08:19:12Z</time>
   </trkpt>
   <trkpt lat="25.0265820" lon="121.5866060">
    <ele>351.1</ele>
    <time>2026-07-26T08:19:13Z</time>
   </trkpt>
   <trkpt lat="25.0265700" lon="121.5865990">
    <ele>351.4</ele>
    <time>2026-07-26T08:19:14Z</time>
   </trkpt>
   <trkpt lat="25.0265570" lon="121.5865920">
    <ele>351.6</ele>
    <time>2026-07-26T08:19:15Z</time>
   </trkpt>
   <trkpt lat="25.0265440" lon="121.5865780">
    <ele>352.0</ele>
    <time>2026-07-26T08:19:16Z</time>
   </trkpt>
   <trkpt lat="25.0265370" lon="121.5865780">
    <ele>352.2</ele>
    <time>2026-07-26T08:19:17Z</time>
   </trkpt>
   <trkpt lat="25.0265250" lon="121.5865720">
    <ele>352.5</ele>
    <time>2026-07-26T08:19:18Z</time>
   </trkpt>
   <trkpt lat="25.0265130" lon="121.5865650">
    <ele>352.8</ele>
    <time>2026-07-26T08:19:19Z</time>
   </trkpt>
   <trkpt lat="25.0265020" lon="121.5865580">
    <ele>353.1</ele>
    <time>2026-07-26T08:19:20Z</time>
   </trkpt>
   <trkpt lat="25.0264970" lon="121.5865590">
    <ele>353.3</ele>
    <time>2026-07-26T08:19:21Z</time>
   </trkpt>
   <trkpt lat="25.0264910" lon="121.5865540">
    <ele>353.5</ele>
    <time>2026-07-26T08:19:22Z</time>
   </trkpt>
   <trkpt lat="25.0264820" lon="121.5865530">
    <ele>353.7</ele>
    <time>2026-07-26T08:19:23Z</time>
   </trkpt>
   <trkpt lat="25.0264760" lon="121.5865540">
    <ele>353.9</ele>
    <time>2026-07-26T08:19:24Z</time>
   </trkpt>
   <trkpt lat="25.0264680" lon="121.5865450">
    <ele>354.2</ele>
    <time>2026-07-26T08:19:25Z</time>
   </trkpt>
   <trkpt lat="25.0264600" lon="121.5865400">
    <ele>354.5</ele>
    <time>2026-07-26T08:19:26Z</time>
   </trkpt>
   <trkpt lat="25.0264520" lon="121.5865400">
    <ele>354.7</ele>
    <time>2026-07-26T08:19:27Z</time>
   </trkpt>
   <trkpt lat="25.0264450" lon="121.5865410">
    <ele>354.9</ele>
    <time>2026-07-26T08:19:28Z</time>
   </trkpt>
   <trkpt lat="25.0264340" lon="121.5865380">
    <ele>355.2</ele>
    <time>2026-07-26T08:19:29Z</time>
   </trkpt>
   <trkpt lat="25.0264230" lon="121.5865380">
    <ele>355.7</ele>
    <time>2026-07-26T08:19:30Z</time>
   </trkpt>
   <trkpt lat="25.0264160" lon="121.5865410">
    <ele>355.9</ele>
    <time>2026-07-26T08:19:31Z</time>
   </trkpt>
   <trkpt lat="25.0264120" lon="121.5865460">
    <ele>356.1</ele>
    <time>2026-07-26T08:19:32Z</time>
   </trkpt>
   <trkpt lat="25.0264070" lon="121.5865530">
    <ele>356.3</ele>
    <time>2026-07-26T08:19:33Z</time>
   </trkpt>
   <trkpt lat="25.0264060" lon="121.5865560">
    <ele>356.3</ele>
    <time>2026-07-26T08:19:34Z</time>
   </trkpt>
   <trkpt lat="25.0263880" lon="121.5865440">
    <ele>356.9</ele>
    <time>2026-07-26T08:19:35Z</time>
   </trkpt>
   <trkpt lat="25.0263850" lon="121.5865400">
    <ele>357.0</ele>
    <time>2026-07-26T08:19:36Z</time>
   </trkpt>
   <trkpt lat="25.0263790" lon="121.5865350">
    <ele>357.2</ele>
    <time>2026-07-26T08:19:37Z</time>
   </trkpt>
   <trkpt lat="25.0263700" lon="121.5865260">
    <ele>357.5</ele>
    <time>2026-07-26T08:19:38Z</time>
   </trkpt>
   <trkpt lat="25.0263620" lon="121.5865320">
    <ele>357.7</ele>
    <time>2026-07-26T08:19:39Z</time>
   </trkpt>
   <trkpt lat="25.0263630" lon="121.5865320">
    <ele>357.7</ele>
    <time>2026-07-26T08:19:40Z</time>
   </trkpt>
   <trkpt lat="25.0263620" lon="121.5865310">
    <ele>357.8</ele>
    <time>2026-07-26T08:19:41Z</time>
   </trkpt>
   <trkpt lat="25.0263600" lon="121.5865420">
    <ele>358.0</ele>
    <time>2026-07-26T08:19:42Z</time>
   </trkpt>
   <trkpt lat="25.0263650" lon="121.5865490">
    <ele>358.2</ele>
    <time>2026-07-26T08:19:43Z</time>
   </trkpt>
   <trkpt lat="25.0263630" lon="121.5865440">
    <ele>358.4</ele>
    <time>2026-07-26T08:19:44Z</time>
   </trkpt>
   <trkpt lat="25.0263610" lon="121.5865490">
    <ele>358.5</ele>
    <time>2026-07-26T08:19:45Z</time>
   </trkpt>
   <trkpt lat="25.0263570" lon="121.5865440">
    <ele>358.6</ele>
    <time>2026-07-26T08:19:46Z</time>
   </trkpt>
   <trkpt lat="25.0263520" lon="121.5865420">
    <ele>358.8</ele>
    <time>2026-07-26T08:19:47Z</time>
   </trkpt>
   <trkpt lat="25.0263460" lon="121.5865460">
    <ele>358.9</ele>
    <time>2026-07-26T08:19:48Z</time>
   </trkpt>
   <trkpt lat="25.0263400" lon="121.5865380">
    <ele>359.2</ele>
    <time>2026-07-26T08:19:49Z</time>
   </trkpt>
   <trkpt lat="25.0263410" lon="121.5865360">
    <ele>359.2</ele>
    <time>2026-07-26T08:19:50Z</time>
   </trkpt>
   <trkpt lat="25.0263390" lon="121.5865340">
    <ele>359.3</ele>
    <time>2026-07-26T08:19:51Z</time>
   </trkpt>
   <trkpt lat="25.0263340" lon="121.5865420">
    <ele>359.5</ele>
    <time>2026-07-26T08:19:52Z</time>
   </trkpt>
   <trkpt lat="25.0263320" lon="121.5865500">
    <ele>359.7</ele>
    <time>2026-07-26T08:19:53Z</time>
   </trkpt>
   <trkpt lat="25.0263270" lon="121.5865460">
    <ele>359.9</ele>
    <time>2026-07-26T08:19:54Z</time>
   </trkpt>
   <trkpt lat="25.0263260" lon="121.5865480">
    <ele>359.9</ele>
    <time>2026-07-26T08:19:55Z</time>
   </trkpt>
   <trkpt lat="25.0263280" lon="121.5865560">
    <ele>360.1</ele>
    <time>2026-07-26T08:19:56Z</time>
   </trkpt>
   <trkpt lat="25.0263230" lon="121.5865570">
    <ele>360.2</ele>
    <time>2026-07-26T08:19:57Z</time>
   </trkpt>
   <trkpt lat="25.0263220" lon="121.5865610">
    <ele>360.3</ele>
    <time>2026-07-26T08:19:58Z</time>
   </trkpt>
   <trkpt lat="25.0263220" lon="121.5865600">
    <ele>360.4</ele>
    <time>2026-07-26T08:19:59Z</time>
   </trkpt>
   <trkpt lat="25.0263170" lon="121.5865550">
    <ele>360.5</ele>
    <time>2026-07-26T08:20:00Z</time>
   </trkpt>
   <trkpt lat="25.0263090" lon="121.5865510">
    <ele>360.7</ele>
    <time>2026-07-26T08:20:01Z</time>
   </trkpt>
   <trkpt lat="25.0263070" lon="121.5865550">
    <ele>360.8</ele>
    <time>2026-07-26T08:20:02Z</time>
   </trkpt>
   <trkpt lat="25.0263050" lon="121.5865560">
    <ele>360.9</ele>
    <time>2026-07-26T08:20:03Z</time>
   </trkpt>
   <trkpt lat="25.0263000" lon="121.5865520">
    <ele>361.1</ele>
    <time>2026-07-26T08:20:04Z</time>
   </trkpt>
   <trkpt lat="25.0262970" lon="121.5865530">
    <ele>361.1</ele>
    <time>2026-07-26T08:20:05Z</time>
   </trkpt>
   <trkpt lat="25.0262930" lon="121.5865530">
    <ele>361.2</ele>
    <time>2026-07-26T08:20:06Z</time>
   </trkpt>
   <trkpt lat="25.0262890" lon="121.5865580">
    <ele>361.4</ele>
    <time>2026-07-26T08:20:07Z</time>
   </trkpt>
   <trkpt lat="25.0262900" lon="121.5865570">
    <ele>361.4</ele>
    <time>2026-07-26T08:20:08Z</time>
   </trkpt>
   <trkpt lat="25.0262930" lon="121.5865590">
    <ele>361.5</ele>
    <time>2026-07-26T08:20:09Z</time>
   </trkpt>
   <trkpt lat="25.0262930" lon="121.5865650">
    <ele>361.6</ele>
    <time>2026-07-26T08:20:10Z</time>
   </trkpt>
   <trkpt lat="25.0262940" lon="121.5865650">
    <ele>361.7</ele>
    <time>2026-07-26T08:20:11Z</time>
   </trkpt>
   <trkpt lat="25.0262960" lon="121.5865650">
    <ele>361.7</ele>
    <time>2026-07-26T08:20:12Z</time>
   </trkpt>
   <trkpt lat="25.0262970" lon="121.5865630">
    <ele>361.8</ele>
    <time>2026-07-26T08:20:13Z</time>
   </trkpt>
   <trkpt lat="25.0262960" lon="121.5865620">
    <ele>361.8</ele>
    <time>2026-07-26T08:20:14Z</time>
   </trkpt>
   <trkpt lat="25.0262960" lon="121.5865590">
    <ele>361.9</ele>
    <time>2026-07-26T08:20:15Z</time>
   </trkpt>
   <trkpt lat="25.0262970" lon="121.5865530">
    <ele>362.0</ele>
    <time>2026-07-26T08:20:16Z</time>
   </trkpt>
   <trkpt lat="25.0262950" lon="121.5865500">
    <ele>362.1</ele>
    <time>2026-07-26T08:20:17Z</time>
   </trkpt>
   <trkpt lat="25.0262950" lon="121.5865430">
    <ele>362.2</ele>
    <time>2026-07-26T08:20:18Z</time>
   </trkpt>
   <trkpt lat="25.0262940" lon="121.5865400">
    <ele>362.3</ele>
    <time>2026-07-26T08:20:19Z</time>
   </trkpt>
   <trkpt lat="25.0262830" lon="121.5865320">
    <ele>362.6</ele>
    <time>2026-07-26T08:20:20Z</time>
   </trkpt>
   <trkpt lat="25.0262820" lon="121.5865320">
    <ele>362.6</ele>
    <time>2026-07-26T08:20:21Z</time>
   </trkpt>
   <trkpt lat="25.0262830" lon="121.5865440">
    <ele>362.9</ele>
    <time>2026-07-26T08:20:22Z</time>
   </trkpt>
   <trkpt lat="25.0262750" lon="121.5865420">
    <ele>363.1</ele>
    <time>2026-07-26T08:20:23Z</time>
   </trkpt>
   <trkpt lat="25.0262700" lon="121.5865480">
    <ele>363.2</ele>
    <time>2026-07-26T08:20:24Z</time>
   </trkpt>
   <trkpt lat="25.0262650" lon="121.5865490">
    <ele>363.4</ele>
    <time>2026-07-26T08:20:25Z</time>
   </trkpt>
   <trkpt lat="25.0262570" lon="121.5865510">
    <ele>363.6</ele>
    <time>2026-07-26T08:20:26Z</time>
   </trkpt>
   <trkpt lat="25.0262480" lon="121.5865490">
    <ele>363.8</ele>
    <time>2026-07-26T08:20:27Z</time>
   </trkpt>
   <trkpt lat="25.0262440" lon="121.5865450">
    <ele>363.9</ele>
    <time>2026-07-26T08:20:28Z</time>
   </trkpt>
   <trkpt lat="25.0262380" lon="121.5865440">
    <ele>364.0</ele>
    <time>2026-07-26T08:20:29Z</time>
   </trkpt>
   <trkpt lat="25.0262350" lon="121.5865440">
    <ele>364.1</ele>
    <time>2026-07-26T08:20:30Z</time>
   </trkpt>
   <trkpt lat="25.0262340" lon="121.5865440">
    <ele>364.1</ele>
    <time>2026-07-26T08:20:31Z</time>
   </trkpt>
   <trkpt lat="25.0262320" lon="121.5865440">
    <ele>364.2</ele>
    <time>2026-07-26T08:20:32Z</time>
   </trkpt>
   <trkpt lat="25.0262210" lon="121.5865440">
    <ele>364.4</ele>
    <time>2026-07-26T08:20:33Z</time>
   </trkpt>
   <trkpt lat="25.0262320" lon="121.5865470">
    <ele>364.6</ele>
    <time>2026-07-26T08:20:34Z</time>
   </trkpt>
   <trkpt lat="25.0262310" lon="121.5865490">
    <ele>364.7</ele>
    <time>2026-07-26T08:20:35Z</time>
   </trkpt>
   <trkpt lat="25.0262300" lon="121.5865510">
    <ele>364.7</ele>
    <time>2026-07-26T08:20:36Z</time>
   </trkpt>
   <trkpt lat="25.0262320" lon="121.5865520">
    <ele>364.8</ele>
    <time>2026-07-26T08:20:37Z</time>
   </trkpt>
   <trkpt lat="25.0262380" lon="121.5865530">
    <ele>364.9</ele>
    <time>2026-07-26T08:20:38Z</time>
   </trkpt>
   <trkpt lat="25.0262430" lon="121.5865560">
    <ele>365.0</ele>
    <time>2026-07-26T08:20:39Z</time>
   </trkpt>
   <trkpt lat="25.0262470" lon="121.5865600">
    <ele>365.1</ele>
    <time>2026-07-26T08:20:40Z</time>
   </trkpt>
   <trkpt lat="25.0262470" lon="121.5865600">
    <ele>365.1</ele>
    <time>2026-07-26T08:20:41Z</time>
   </trkpt>
   <trkpt lat="25.0262500" lon="121.5865620">
    <ele>365.2</ele>
    <time>2026-07-26T08:20:42Z</time>
   </trkpt>
   <trkpt lat="25.0262490" lon="121.5865600">
    <ele>365.3</ele>
    <time>2026-07-26T08:20:43Z</time>
   </trkpt>
   <trkpt lat="25.0262480" lon="121.5865580">
    <ele>365.3</ele>
    <time>2026-07-26T08:20:44Z</time>
   </trkpt>
   <trkpt lat="25.0262480" lon="121.5865550">
    <ele>365.4</ele>
    <time>2026-07-26T08:20:45Z</time>
   </trkpt>
   <trkpt lat="25.0262490" lon="121.5865530">
    <ele>365.4</ele>
    <time>2026-07-26T08:20:46Z</time>
   </trkpt>
   <trkpt lat="25.0262430" lon="121.5865540">
    <ele>365.5</ele>
    <time>2026-07-26T08:20:47Z</time>
   </trkpt>
   <trkpt lat="25.0262410" lon="121.5865530">
    <ele>365.6</ele>
    <time>2026-07-26T08:20:48Z</time>
   </trkpt>
   <trkpt lat="25.0262410" lon="121.5865530">
    <ele>365.6</ele>
    <time>2026-07-26T08:20:49Z</time>
   </trkpt>
   <trkpt lat="25.0262350" lon="121.5865480">
    <ele>365.7</ele>
    <time>2026-07-26T08:20:50Z</time>
   </trkpt>
   <trkpt lat="25.0262330" lon="121.5865490">
    <ele>365.8</ele>
    <time>2026-07-26T08:20:51Z</time>
   </trkpt>
   <trkpt lat="25.0262300" lon="121.5865460">
    <ele>365.9</ele>
    <time>2026-07-26T08:20:52Z</time>
   </trkpt>
   <trkpt lat="25.0262270" lon="121.5865440">
    <ele>366.0</ele>
    <time>2026-07-26T08:20:53Z</time>
   </trkpt>
   <trkpt lat="25.0262210" lon="121.5865440">
    <ele>366.1</ele>
    <time>2026-07-26T08:20:54Z</time>
   </trkpt>
   <trkpt lat="25.0262230" lon="121.5865460">
    <ele>366.1</ele>
    <time>2026-07-26T08:20:55Z</time>
   </trkpt>
   <trkpt lat="25.0262200" lon="121.5865480">
    <ele>366.2</ele>
    <time>2026-07-26T08:20:56Z</time>
   </trkpt>
   <trkpt lat="25.0262210" lon="121.5865430">
    <ele>366.2</ele>
    <time>2026-07-26T08:20:57Z</time>
   </trkpt>
   <trkpt lat="25.0262250" lon="121.5865470">
    <ele>366.2</ele>
    <time>2026-07-26T08:20:58Z</time>
   </trkpt>
   <trkpt lat="25.0262250" lon="121.5865580">
    <ele>366.2</ele>
    <time>2026-07-26T08:21:00Z</time>
   </trkpt>
   <trkpt lat="25.0262260" lon="121.5865620">
    <ele>366.2</ele>
    <time>2026-07-26T08:21:01Z</time>
   </trkpt>
   <trkpt lat="25.0262240" lon="121.5865610">
    <ele>366.2</ele>
    <time>2026-07-26T08:21:02Z</time>
   </trkpt>
   <trkpt lat="25.0262190" lon="121.5865690">
    <ele>366.2</ele>
    <time>2026-07-26T08:21:03Z</time>
   </trkpt>
   <trkpt lat="25.0262210" lon="121.5865680">
    <ele>366.2</ele>
    <time>2026-07-26T08:21:04Z</time>
   </trkpt>
   <trkpt lat="25.0262190" lon="121.5865650">
    <ele>366.2</ele>
    <time>2026-07-26T08:21:05Z</time>
   </trkpt>
   <trkpt lat="25.0262170" lon="121.5865690">
    <ele>366.2</ele>
    <time>2026-07-26T08:21:06Z</time>
   </trkpt>
   <trkpt lat="25.0262170" lon="121.5865660">
    <ele>366.2</ele>
    <time>2026-07-26T08:21:07Z</time>
   </trkpt>
   <trkpt lat="25.0262170" lon="121.5865660">
    <ele>366.2</ele>
    <time>2026-07-26T08:21:08Z</time>
   </trkpt>
   <trkpt lat="25.0262170" lon="121.5865640">
    <ele>366.2</ele>
    <time>2026-07-26T08:21:09Z</time>
   </trkpt>
   <trkpt lat="25.0262160" lon="121.5865650">
    <ele>366.2</ele>
    <time>2026-07-26T08:21:10Z</time>
   </trkpt>
   <trkpt lat="25.0262160" lon="121.5865650">
    <ele>366.2</ele>
    <time>2026-07-26T08:21:11Z</time>
   </trkpt>
   <trkpt lat="25.0262130" lon="121.5865680">
    <ele>366.2</ele>
    <time>2026-07-26T08:21:12Z</time>
   </trkpt>
   <trkpt lat="25.0262140" lon="121.5865650">
    <ele>366.2</ele>
    <time>2026-07-26T08:21:13Z</time>
   </trkpt>
   <trkpt lat="25.0262140" lon="121.5865640">
    <ele>366.2</ele>
    <time>2026-07-26T08:21:14Z</time>
   </trkpt>
   <trkpt lat="25.0262140" lon="121.5865640">
    <ele>366.2</ele>
    <time>2026-07-26T08:21:15Z</time>
   </trkpt>
   <trkpt lat="25.0262140" lon="121.5865640">
    <ele>366.2</ele>
    <time>2026-07-26T08:21:16Z</time>
   </trkpt>
   <trkpt lat="25.0262140" lon="121.5865630">
    <ele>366.2</ele>
    <time>2026-07-26T08:21:17Z</time>
   </trkpt>
   <trkpt lat="25.0262120" lon="121.5865670">
    <ele>366.2</ele>
    <time>2026-07-26T08:21:18Z</time>
   </trkpt>
   <trkpt lat="25.0262140" lon="121.5865630">
    <ele>366.2</ele>
    <time>2026-07-26T08:21:19Z</time>
   </trkpt>
   <trkpt lat="25.0262140" lon="121.5865630">
    <ele>366.2</ele>
    <time>2026-07-26T08:21:20Z</time>
   </trkpt>
   <trkpt lat="25.0262140" lon="121.5865600">
    <ele>366.2</ele>
    <time>2026-07-26T08:21:21Z</time>
   </trkpt>
   <trkpt lat="25.0262140" lon="121.5865600">
    <ele>366.2</ele>
    <time>2026-07-26T08:21:22Z</time>
   </trkpt>
   <trkpt lat="25.0262140" lon="121.5865600">
    <ele>366.2</ele>
    <time>2026-07-26T08:21:23Z</time>
   </trkpt>
   <trkpt lat="25.0262120" lon="121.5865630">
    <ele>366.2</ele>
    <time>2026-07-26T08:21:24Z</time>
   </trkpt>
   <trkpt lat="25.0262140" lon="121.5865590">
    <ele>366.2</ele>
    <time>2026-07-26T08:21:25Z</time>
   </trkpt>
   <trkpt lat="25.0262140" lon="121.5865590">
    <ele>366.2</ele>
    <time>2026-07-26T08:21:26Z</time>
   </trkpt>
   <trkpt lat="25.0262140" lon="121.5865590">
    <ele>366.2</ele>
    <time>2026-07-26T08:21:27Z</time>
   </trkpt>
   <trkpt lat="25.0262140" lon="121.5865590">
    <ele>366.2</ele>
    <time>2026-07-26T08:21:28Z</time>
   </trkpt>
   <trkpt lat="25.0262140" lon="121.5865590">
    <ele>366.2</ele>
    <time>2026-07-26T08:21:29Z</time>
   </trkpt>
   <trkpt lat="25.0262140" lon="121.5865590">
    <ele>366.2</ele>
    <time>2026-07-26T08:21:30Z</time>
   </trkpt>
   <trkpt lat="25.0262090" lon="121.5865650">
    <ele>366.2</ele>
    <time>2026-07-26T08:21:31Z</time>
   </trkpt>
   <trkpt lat="25.0262120" lon="121.5865600">
    <ele>366.2</ele>
    <time>2026-07-26T08:21:32Z</time>
   </trkpt>
   <trkpt lat="25.0262100" lon="121.5865630">
    <ele>366.2</ele>
    <time>2026-07-26T08:21:33Z</time>
   </trkpt>
   <trkpt lat="25.0262120" lon="121.5865590">
    <ele>366.2</ele>
    <time>2026-07-26T08:21:34Z</time>
   </trkpt>
   <trkpt lat="25.0262110" lon="121.5865640">
    <ele>366.2</ele>
    <time>2026-07-26T08:21:35Z</time>
   </trkpt>
   <trkpt lat="25.0262130" lon="121.5865600">
    <ele>366.2</ele>
    <time>2026-07-26T08:21:36Z</time>
   </trkpt>
   <trkpt lat="25.0262130" lon="121.5865610">
    <ele>366.2</ele>
    <time>2026-07-26T08:21:37Z</time>
   </trkpt>
   <trkpt lat="25.0262090" lon="121.5865580">
    <ele>366.2</ele>
    <time>2026-07-26T08:21:38Z</time>
   </trkpt>
   <trkpt lat="25.0262060" lon="121.5865600">
    <ele>366.2</ele>
    <time>2026-07-26T08:21:39Z</time>
   </trkpt>
   <trkpt lat="25.0262080" lon="121.5865600">
    <ele>366.2</ele>
    <time>2026-07-26T08:21:40Z</time>
   </trkpt>
   <trkpt lat="25.0262060" lon="121.5865600">
    <ele>366.2</ele>
    <time>2026-07-26T08:21:41Z</time>
   </trkpt>
   <trkpt lat="25.0262100" lon="121.5865590">
    <ele>366.2</ele>
    <time>2026-07-26T08:21:42Z</time>
   </trkpt>
   <trkpt lat="25.0262080" lon="121.5865590">
    <ele>366.2</ele>
    <time>2026-07-26T08:21:43Z</time>
   </trkpt>
   <trkpt lat="25.0262120" lon="121.5865620">
    <ele>366.2</ele>
    <time>2026-07-26T08:21:44Z</time>
   </trkpt>
   <trkpt lat="25.0262110" lon="121.5865610">
    <ele>366.2</ele>
    <time>2026-07-26T08:21:45Z</time>
   </trkpt>
   <trkpt lat="25.0262110" lon="121.5865610">
    <ele>366.2</ele>
    <time>2026-07-26T08:21:46Z</time>
   </trkpt>
   <trkpt lat="25.0262130" lon="121.5865650">
    <ele>366.2</ele>
    <time>2026-07-26T08:21:47Z</time>
   </trkpt>
   <trkpt lat="25.0262130" lon="121.5865630">
    <ele>366.2</ele>
    <time>2026-07-26T08:21:48Z</time>
   </trkpt>
   <trkpt lat="25.0262130" lon="121.5865630">
    <ele>366.2</ele>
    <time>2026-07-26T08:21:49Z</time>
   </trkpt>
   <trkpt lat="25.0262160" lon="121.5865640">
    <ele>366.2</ele>
    <time>2026-07-26T08:21:50Z</time>
   </trkpt>
   <trkpt lat="25.0262180" lon="121.5865660">
    <ele>366.2</ele>
    <time>2026-07-26T08:21:51Z</time>
   </trkpt>
   <trkpt lat="25.0262140" lon="121.5865550">
    <ele>366.1</ele>
    <time>2026-07-26T08:21:52Z</time>
   </trkpt>
   <trkpt lat="25.0262190" lon="121.5865560">
    <ele>366.0</ele>
    <time>2026-07-26T08:21:53Z</time>
   </trkpt>
   <trkpt lat="25.0262250" lon="121.5865660">
    <ele>365.7</ele>
    <time>2026-07-26T08:21:54Z</time>
   </trkpt>
   <trkpt lat="25.0262220" lon="121.5865560">
    <ele>365.5</ele>
    <time>2026-07-26T08:21:55Z</time>
   </trkpt>
   <trkpt lat="25.0262240" lon="121.5865410">
    <ele>365.2</ele>
    <time>2026-07-26T08:21:56Z</time>
   </trkpt>
   <trkpt lat="25.0262170" lon="121.5865250">
    <ele>364.8</ele>
    <time>2026-07-26T08:21:57Z</time>
   </trkpt>
   <trkpt lat="25.0262110" lon="121.5865170">
    <ele>364.6</ele>
    <time>2026-07-26T08:21:58Z</time>
   </trkpt>
   <trkpt lat="25.0262000" lon="121.5865190">
    <ele>364.3</ele>
    <time>2026-07-26T08:21:59Z</time>
   </trkpt>
   <trkpt lat="25.0261970" lon="121.5865200">
    <ele>364.2</ele>
    <time>2026-07-26T08:22:00Z</time>
   </trkpt>
   <trkpt lat="25.0261950" lon="121.5865170">
    <ele>364.1</ele>
    <time>2026-07-26T08:22:01Z</time>
   </trkpt>
   <trkpt lat="25.0261910" lon="121.5865110">
    <ele>364.0</ele>
    <time>2026-07-26T08:22:02Z</time>
   </trkpt>
   <trkpt lat="25.0261940" lon="121.5865040">
    <ele>363.8</ele>
    <time>2026-07-26T08:22:03Z</time>
   </trkpt>
   <trkpt lat="25.0261890" lon="121.5864960">
    <ele>363.6</ele>
    <time>2026-07-26T08:22:04Z</time>
   </trkpt>
   <trkpt lat="25.0261810" lon="121.5864870">
    <ele>363.3</ele>
    <time>2026-07-26T08:22:05Z</time>
   </trkpt>
   <trkpt lat="25.0261740" lon="121.5864830">
    <ele>363.1</ele>
    <time>2026-07-26T08:22:06Z</time>
   </trkpt>
   <trkpt lat="25.0261650" lon="121.5864890">
    <ele>362.9</ele>
    <time>2026-07-26T08:22:07Z</time>
   </trkpt>
   <trkpt lat="25.0261540" lon="121.5864960">
    <ele>362.6</ele>
    <time>2026-07-26T08:22:08Z</time>
   </trkpt>
   <trkpt lat="25.0261530" lon="121.5865010">
    <ele>362.4</ele>
    <time>2026-07-26T08:22:09Z</time>
   </trkpt>
   <trkpt lat="25.0261490" lon="121.5865030">
    <ele>362.3</ele>
    <time>2026-07-26T08:22:10Z</time>
   </trkpt>
   <trkpt lat="25.0261410" lon="121.5865020">
    <ele>362.1</ele>
    <time>2026-07-26T08:22:11Z</time>
   </trkpt>
   <trkpt lat="25.0261340" lon="121.5864990">
    <ele>362.0</ele>
    <time>2026-07-26T08:22:12Z</time>
   </trkpt>
   <trkpt lat="25.0261260" lon="121.5864850">
    <ele>361.6</ele>
    <time>2026-07-26T08:22:13Z</time>
   </trkpt>
   <trkpt lat="25.0261210" lon="121.5864770">
    <ele>361.4</ele>
    <time>2026-07-26T08:22:14Z</time>
   </trkpt>
   <trkpt lat="25.0261090" lon="121.5864630">
    <ele>361.0</ele>
    <time>2026-07-26T08:22:15Z</time>
   </trkpt>
   <trkpt lat="25.0260890" lon="121.5864460">
    <ele>360.4</ele>
    <time>2026-07-26T08:22:16Z</time>
   </trkpt>
   <trkpt lat="25.0260620" lon="121.5864300">
    <ele>359.5</ele>
    <time>2026-07-26T08:22:17Z</time>
   </trkpt>
   <trkpt lat="25.0260370" lon="121.5864190">
    <ele>359.4</ele>
    <time>2026-07-26T08:22:18Z</time>
   </trkpt>
   <trkpt lat="25.0260210" lon="121.5864140">
    <ele>359.3</ele>
    <time>2026-07-26T08:22:19Z</time>
   </trkpt>
   <trkpt lat="25.0260060" lon="121.5864060">
    <ele>359.3</ele>
    <time>2026-07-26T08:22:20Z</time>
   </trkpt>
   <trkpt lat="25.0259870" lon="121.5863970">
    <ele>359.2</ele>
    <time>2026-07-26T08:22:21Z</time>
   </trkpt>
   <trkpt lat="25.0259720" lon="121.5864000">
    <ele>359.3</ele>
    <time>2026-07-26T08:22:22Z</time>
   </trkpt>
   <trkpt lat="25.0259530" lon="121.5863970">
    <ele>359.7</ele>
    <time>2026-07-26T08:22:23Z</time>
   </trkpt>
   <trkpt lat="25.0259410" lon="121.5863960">
    <ele>359.9</ele>
    <time>2026-07-26T08:22:24Z</time>
   </trkpt>
   <trkpt lat="25.0259290" lon="121.5863970">
    <ele>360.2</ele>
    <time>2026-07-26T08:22:25Z</time>
   </trkpt>
   <trkpt lat="25.0259130" lon="121.5863990">
    <ele>360.5</ele>
    <time>2026-07-26T08:22:26Z</time>
   </trkpt>
   <trkpt lat="25.0259020" lon="121.5864020">
    <ele>360.8</ele>
    <time>2026-07-26T08:22:27Z</time>
   </trkpt>
   <trkpt lat="25.0258910" lon="121.5864010">
    <ele>361.0</ele>
    <time>2026-07-26T08:22:28Z</time>
   </trkpt>
   <trkpt lat="25.0258850" lon="121.5863990">
    <ele>361.2</ele>
    <time>2026-07-26T08:22:29Z</time>
   </trkpt>
   <trkpt lat="25.0258720" lon="121.5864010">
    <ele>361.5</ele>
    <time>2026-07-26T08:22:30Z</time>
   </trkpt>
   <trkpt lat="25.0258650" lon="121.5863950">
    <ele>361.8</ele>
    <time>2026-07-26T08:22:31Z</time>
   </trkpt>
   <trkpt lat="25.0258610" lon="121.5863990">
    <ele>361.9</ele>
    <time>2026-07-26T08:22:32Z</time>
   </trkpt>
   <trkpt lat="25.0258550" lon="121.5864010">
    <ele>362.1</ele>
    <time>2026-07-26T08:22:33Z</time>
   </trkpt>
   <trkpt lat="25.0258450" lon="121.5863990">
    <ele>362.3</ele>
    <time>2026-07-26T08:22:34Z</time>
   </trkpt>
   <trkpt lat="25.0258410" lon="121.5864020">
    <ele>362.4</ele>
    <time>2026-07-26T08:22:35Z</time>
   </trkpt>
   <trkpt lat="25.0258360" lon="121.5864010">
    <ele>362.6</ele>
    <time>2026-07-26T08:22:36Z</time>
   </trkpt>
   <trkpt lat="25.0258310" lon="121.5864020">
    <ele>362.7</ele>
    <time>2026-07-26T08:22:37Z</time>
   </trkpt>
   <trkpt lat="25.0258240" lon="121.5863980">
    <ele>362.9</ele>
    <time>2026-07-26T08:22:38Z</time>
   </trkpt>
   <trkpt lat="25.0258150" lon="121.5863970">
    <ele>363.1</ele>
    <time>2026-07-26T08:22:39Z</time>
   </trkpt>
   <trkpt lat="25.0258110" lon="121.5863950">
    <ele>363.2</ele>
    <time>2026-07-26T08:22:40Z</time>
   </trkpt>
   <trkpt lat="25.0258030" lon="121.5863960">
    <ele>363.5</ele>
    <time>2026-07-26T08:22:41Z</time>
   </trkpt>
   <trkpt lat="25.0257950" lon="121.5863890">
    <ele>363.7</ele>
    <time>2026-07-26T08:22:42Z</time>
   </trkpt>
   <trkpt lat="25.0257860" lon="121.5863880">
    <ele>363.9</ele>
    <time>2026-07-26T08:22:43Z</time>
   </trkpt>
   <trkpt lat="25.0257830" lon="121.5863860">
    <ele>364.0</ele>
    <time>2026-07-26T08:22:44Z</time>
   </trkpt>
   <trkpt lat="25.0257780" lon="121.5863780">
    <ele>364.2</ele>
    <time>2026-07-26T08:22:45Z</time>
   </trkpt>
   <trkpt lat="25.0257770" lon="121.5863750">
    <ele>364.3</ele>
    <time>2026-07-26T08:22:46Z</time>
   </trkpt>
   <trkpt lat="25.0257700" lon="121.5863710">
    <ele>364.5</ele>
    <time>2026-07-26T08:22:47Z</time>
   </trkpt>
   <trkpt lat="25.0257610" lon="121.5863600">
    <ele>364.8</ele>
    <time>2026-07-26T08:22:48Z</time>
   </trkpt>
   <trkpt lat="25.0257510" lon="121.5863510">
    <ele>365.1</ele>
    <time>2026-07-26T08:22:49Z</time>
   </trkpt>
   <trkpt lat="25.0257390" lon="121.5863380">
    <ele>365.4</ele>
    <time>2026-07-26T08:22:50Z</time>
   </trkpt>
   <trkpt lat="25.0257310" lon="121.5863280">
    <ele>365.6</ele>
    <time>2026-07-26T08:22:51Z</time>
   </trkpt>
   <trkpt lat="25.0257240" lon="121.5863220">
    <ele>365.6</ele>
    <time>2026-07-26T08:22:52Z</time>
   </trkpt>
   <trkpt lat="25.0257100" lon="121.5863050">
    <ele>365.8</ele>
    <time>2026-07-26T08:22:53Z</time>
   </trkpt>
   <trkpt lat="25.0256980" lon="121.5862970">
    <ele>365.8</ele>
    <time>2026-07-26T08:22:54Z</time>
   </trkpt>
   <trkpt lat="25.0256890" lon="121.5862970">
    <ele>365.9</ele>
    <time>2026-07-26T08:22:55Z</time>
   </trkpt>
   <trkpt lat="25.0256840" lon="121.5862990">
    <ele>365.9</ele>
    <time>2026-07-26T08:22:56Z</time>
   </trkpt>
   <trkpt lat="25.0256740" lon="121.5862880">
    <ele>366.0</ele>
    <time>2026-07-26T08:22:57Z</time>
   </trkpt>
   <trkpt lat="25.0256670" lon="121.5862800">
    <ele>366.0</ele>
    <time>2026-07-26T08:22:58Z</time>
   </trkpt>
   <trkpt lat="25.0256590" lon="121.5862730">
    <ele>366.0</ele>
    <time>2026-07-26T08:22:59Z</time>
   </trkpt>
   <trkpt lat="25.0256490" lon="121.5862650">
    <ele>366.0</ele>
    <time>2026-07-26T08:23:00Z</time>
   </trkpt>
   <trkpt lat="25.0256390" lon="121.5862570">
    <ele>366.1</ele>
    <time>2026-07-26T08:23:01Z</time>
   </trkpt>
   <trkpt lat="25.0256330" lon="121.5862490">
    <ele>366.1</ele>
    <time>2026-07-26T08:23:02Z</time>
   </trkpt>
   <trkpt lat="25.0256290" lon="121.5862470">
    <ele>366.1</ele>
    <time>2026-07-26T08:23:03Z</time>
   </trkpt>
   <trkpt lat="25.0256230" lon="121.5862350">
    <ele>366.1</ele>
    <time>2026-07-26T08:23:04Z</time>
   </trkpt>
   <trkpt lat="25.0256170" lon="121.5862250">
    <ele>366.0</ele>
    <time>2026-07-26T08:23:05Z</time>
   </trkpt>
   <trkpt lat="25.0256080" lon="121.5862140">
    <ele>366.0</ele>
    <time>2026-07-26T08:23:06Z</time>
   </trkpt>
   <trkpt lat="25.0255990" lon="121.5861990">
    <ele>366.0</ele>
    <time>2026-07-26T08:23:07Z</time>
   </trkpt>
   <trkpt lat="25.0255920" lon="121.5861900">
    <ele>365.9</ele>
    <time>2026-07-26T08:23:08Z</time>
   </trkpt>
   <trkpt lat="25.0255870" lon="121.5861840">
    <ele>365.8</ele>
    <time>2026-07-26T08:23:09Z</time>
   </trkpt>
   <trkpt lat="25.0255800" lon="121.5861780">
    <ele>365.7</ele>
    <time>2026-07-26T08:23:10Z</time>
   </trkpt>
   <trkpt lat="25.0255700" lon="121.5861680">
    <ele>365.5</ele>
    <time>2026-07-26T08:23:11Z</time>
   </trkpt>
   <trkpt lat="25.0255590" lon="121.5861620">
    <ele>365.3</ele>
    <time>2026-07-26T08:23:12Z</time>
   </trkpt>
   <trkpt lat="25.0255550" lon="121.5861580">
    <ele>365.2</ele>
    <time>2026-07-26T08:23:13Z</time>
   </trkpt>
   <trkpt lat="25.0255450" lon="121.5861440">
    <ele>365.0</ele>
    <time>2026-07-26T08:23:14Z</time>
   </trkpt>
   <trkpt lat="25.0255330" lon="121.5861330">
    <ele>364.7</ele>
    <time>2026-07-26T08:23:15Z</time>
   </trkpt>
   <trkpt lat="25.0255220" lon="121.5861240">
    <ele>364.5</ele>
    <time>2026-07-26T08:23:16Z</time>
   </trkpt>
   <trkpt lat="25.0255180" lon="121.5861170">
    <ele>364.4</ele>
    <time>2026-07-26T08:23:17Z</time>
   </trkpt>
   <trkpt lat="25.0255080" lon="121.5861070">
    <ele>364.1</ele>
    <time>2026-07-26T08:23:19Z</time>
   </trkpt>
   <trkpt lat="25.0254850" lon="121.5860850">
    <ele>363.5</ele>
    <time>2026-07-26T08:23:20Z</time>
   </trkpt>
   <trkpt lat="25.0254700" lon="121.5860750">
    <ele>363.2</ele>
    <time>2026-07-26T08:23:21Z</time>
   </trkpt>
   <trkpt lat="25.0254480" lon="121.5860770">
    <ele>362.7</ele>
    <time>2026-07-26T08:23:22Z</time>
   </trkpt>
   <trkpt lat="25.0254380" lon="121.5860710">
    <ele>362.5</ele>
    <time>2026-07-26T08:23:23Z</time>
   </trkpt>
   <trkpt lat="25.0254200" lon="121.5860590">
    <ele>362.1</ele>
    <time>2026-07-26T08:23:24Z</time>
   </trkpt>
   <trkpt lat="25.0254020" lon="121.5860510">
    <ele>361.7</ele>
    <time>2026-07-26T08:23:25Z</time>
   </trkpt>
   <trkpt lat="25.0253770" lon="121.5860410">
    <ele>361.2</ele>
    <time>2026-07-26T08:23:26Z</time>
   </trkpt>
   <trkpt lat="25.0253450" lon="121.5860310">
    <ele>360.6</ele>
    <time>2026-07-26T08:23:27Z</time>
   </trkpt>
   <trkpt lat="25.0253200" lon="121.5860240">
    <ele>360.1</ele>
    <time>2026-07-26T08:23:28Z</time>
   </trkpt>
   <trkpt lat="25.0252940" lon="121.5860240">
    <ele>359.7</ele>
    <time>2026-07-26T08:23:29Z</time>
   </trkpt>
   <trkpt lat="25.0252800" lon="121.5860200">
    <ele>359.4</ele>
    <time>2026-07-26T08:23:30Z</time>
   </trkpt>
   <trkpt lat="25.0252680" lon="121.5860240">
    <ele>359.2</ele>
    <time>2026-07-26T08:23:31Z</time>
   </trkpt>
   <trkpt lat="25.0252430" lon="121.5860180">
    <ele>358.8</ele>
    <time>2026-07-26T08:23:32Z</time>
   </trkpt>
   <trkpt lat="25.0252260" lon="121.5860180">
    <ele>358.5</ele>
    <time>2026-07-26T08:23:33Z</time>
   </trkpt>
   <trkpt lat="25.0252070" lon="121.5860180">
    <ele>358.1</ele>
    <time>2026-07-26T08:23:34Z</time>
   </trkpt>
   <trkpt lat="25.0251870" lon="121.5860140">
    <ele>357.7</ele>
    <time>2026-07-26T08:23:35Z</time>
   </trkpt>
   <trkpt lat="25.0251700" lon="121.5860080">
    <ele>357.4</ele>
    <time>2026-07-26T08:23:36Z</time>
   </trkpt>
   <trkpt lat="25.0251500" lon="121.5859970">
    <ele>356.9</ele>
    <time>2026-07-26T08:23:37Z</time>
   </trkpt>
   <trkpt lat="25.0251330" lon="121.5859960">
    <ele>356.6</ele>
    <time>2026-07-26T08:23:38Z</time>
   </trkpt>
   <trkpt lat="25.0251160" lon="121.5859890">
    <ele>356.1</ele>
    <time>2026-07-26T08:23:39Z</time>
   </trkpt>
   <trkpt lat="25.0251010" lon="121.5859790">
    <ele>355.7</ele>
    <time>2026-07-26T08:23:40Z</time>
   </trkpt>
   <trkpt lat="25.0250900" lon="121.5859740">
    <ele>355.4</ele>
    <time>2026-07-26T08:23:41Z</time>
   </trkpt>
   <trkpt lat="25.0250780" lon="121.5859670">
    <ele>354.9</ele>
    <time>2026-07-26T08:23:42Z</time>
   </trkpt>
   <trkpt lat="25.0250620" lon="121.5859610">
    <ele>354.4</ele>
    <time>2026-07-26T08:23:43Z</time>
   </trkpt>
   <trkpt lat="25.0250420" lon="121.5859530">
    <ele>353.7</ele>
    <time>2026-07-26T08:23:44Z</time>
   </trkpt>
   <trkpt lat="25.0250320" lon="121.5859480">
    <ele>353.3</ele>
    <time>2026-07-26T08:23:45Z</time>
   </trkpt>
   <trkpt lat="25.0250200" lon="121.5859450">
    <ele>352.8</ele>
    <time>2026-07-26T08:23:46Z</time>
   </trkpt>
   <trkpt lat="25.0250010" lon="121.5859330">
    <ele>352.0</ele>
    <time>2026-07-26T08:23:47Z</time>
   </trkpt>
   <trkpt lat="25.0249830" lon="121.5859210">
    <ele>351.3</ele>
    <time>2026-07-26T08:23:48Z</time>
   </trkpt>
   <trkpt lat="25.0249690" lon="121.5859130">
    <ele>350.7</ele>
    <time>2026-07-26T08:23:49Z</time>
   </trkpt>
   <trkpt lat="25.0249580" lon="121.5858960">
    <ele>350.0</ele>
    <time>2026-07-26T08:23:50Z</time>
   </trkpt>
   <trkpt lat="25.0249480" lon="121.5858850">
    <ele>349.5</ele>
    <time>2026-07-26T08:23:51Z</time>
   </trkpt>
   <trkpt lat="25.0249460" lon="121.5858720">
    <ele>349.1</ele>
    <time>2026-07-26T08:23:52Z</time>
   </trkpt>
   <trkpt lat="25.0249440" lon="121.5858510">
    <ele>348.5</ele>
    <time>2026-07-26T08:23:53Z</time>
   </trkpt>
   <trkpt lat="25.0249350" lon="121.5858220">
    <ele>347.6</ele>
    <time>2026-07-26T08:23:54Z</time>
   </trkpt>
   <trkpt lat="25.0249260" lon="121.5857980">
    <ele>347.0</ele>
    <time>2026-07-26T08:23:55Z</time>
   </trkpt>
   <trkpt lat="25.0249200" lon="121.5857820">
    <ele>346.6</ele>
    <time>2026-07-26T08:23:56Z</time>
   </trkpt>
   <trkpt lat="25.0249130" lon="121.5857620">
    <ele>346.2</ele>
    <time>2026-07-26T08:23:57Z</time>
   </trkpt>
   <trkpt lat="25.0249060" lon="121.5857430">
    <ele>345.8</ele>
    <time>2026-07-26T08:23:58Z</time>
   </trkpt>
   <trkpt lat="25.0248990" lon="121.5857290">
    <ele>345.5</ele>
    <time>2026-07-26T08:23:59Z</time>
   </trkpt>
   <trkpt lat="25.0248770" lon="121.5857040">
    <ele>344.9</ele>
    <time>2026-07-26T08:24:00Z</time>
   </trkpt>
   <trkpt lat="25.0248620" lon="121.5856930">
    <ele>344.6</ele>
    <time>2026-07-26T08:24:01Z</time>
   </trkpt>
   <trkpt lat="25.0248380" lon="121.5856610">
    <ele>343.9</ele>
    <time>2026-07-26T08:24:02Z</time>
   </trkpt>
   <trkpt lat="25.0248280" lon="121.5856420">
    <ele>343.6</ele>
    <time>2026-07-26T08:24:03Z</time>
   </trkpt>
   <trkpt lat="25.0248020" lon="121.5856220">
    <ele>343.4</ele>
    <time>2026-07-26T08:24:04Z</time>
   </trkpt>
   <trkpt lat="25.0247720" lon="121.5855900">
    <ele>343.4</ele>
    <time>2026-07-26T08:24:05Z</time>
   </trkpt>
   <trkpt lat="25.0247550" lon="121.5855670">
    <ele>343.4</ele>
    <time>2026-07-26T08:24:06Z</time>
   </trkpt>
   <trkpt lat="25.0247440" lon="121.5855570">
    <ele>343.5</ele>
    <time>2026-07-26T08:24:07Z</time>
   </trkpt>
   <trkpt lat="25.0247360" lon="121.5855450">
    <ele>343.5</ele>
    <time>2026-07-26T08:24:08Z</time>
   </trkpt>
   <trkpt lat="25.0247260" lon="121.5855390">
    <ele>343.5</ele>
    <time>2026-07-26T08:24:09Z</time>
   </trkpt>
   <trkpt lat="25.0247170" lon="121.5855240">
    <ele>343.6</ele>
    <time>2026-07-26T08:24:10Z</time>
   </trkpt>
   <trkpt lat="25.0247000" lon="121.5855080">
    <ele>343.6</ele>
    <time>2026-07-26T08:24:11Z</time>
   </trkpt>
   <trkpt lat="25.0246840" lon="121.5854960">
    <ele>343.6</ele>
    <time>2026-07-26T08:24:12Z</time>
   </trkpt>
   <trkpt lat="25.0246700" lon="121.5854910">
    <ele>343.6</ele>
    <time>2026-07-26T08:24:13Z</time>
   </trkpt>
   <trkpt lat="25.0246610" lon="121.5854950">
    <ele>343.6</ele>
    <time>2026-07-26T08:24:14Z</time>
   </trkpt>
   <trkpt lat="25.0246530" lon="121.5854880">
    <ele>343.6</ele>
    <time>2026-07-26T08:24:15Z</time>
   </trkpt>
   <trkpt lat="25.0246360" lon="121.5854820">
    <ele>343.6</ele>
    <time>2026-07-26T08:24:16Z</time>
   </trkpt>
   <trkpt lat="25.0246260" lon="121.5854640">
    <ele>343.5</ele>
    <time>2026-07-26T08:24:17Z</time>
   </trkpt>
   <trkpt lat="25.0246160" lon="121.5854570">
    <ele>343.5</ele>
    <time>2026-07-26T08:24:18Z</time>
   </trkpt>
   <trkpt lat="25.0246100" lon="121.5854440">
    <ele>343.5</ele>
    <time>2026-07-26T08:24:19Z</time>
   </trkpt>
   <trkpt lat="25.0245990" lon="121.5854350">
    <ele>343.5</ele>
    <time>2026-07-26T08:24:20Z</time>
   </trkpt>
   <trkpt lat="25.0245870" lon="121.5854260">
    <ele>343.4</ele>
    <time>2026-07-26T08:24:21Z</time>
   </trkpt>
   <trkpt lat="25.0245700" lon="121.5854200">
    <ele>343.3</ele>
    <time>2026-07-26T08:24:22Z</time>
   </trkpt>
   <trkpt lat="25.0245560" lon="121.5854100">
    <ele>343.3</ele>
    <time>2026-07-26T08:24:23Z</time>
   </trkpt>
   <trkpt lat="25.0245460" lon="121.5854150">
    <ele>343.2</ele>
    <time>2026-07-26T08:24:24Z</time>
   </trkpt>
   <trkpt lat="25.0245350" lon="121.5854110">
    <ele>343.2</ele>
    <time>2026-07-26T08:24:25Z</time>
   </trkpt>
   <trkpt lat="25.0245210" lon="121.5854090">
    <ele>343.1</ele>
    <time>2026-07-26T08:24:26Z</time>
   </trkpt>
   <trkpt lat="25.0245090" lon="121.5854020">
    <ele>343.0</ele>
    <time>2026-07-26T08:24:27Z</time>
   </trkpt>
   <trkpt lat="25.0244970" lon="121.5854000">
    <ele>342.9</ele>
    <time>2026-07-26T08:24:28Z</time>
   </trkpt>
   <trkpt lat="25.0244880" lon="121.5853910">
    <ele>342.8</ele>
    <time>2026-07-26T08:24:29Z</time>
   </trkpt>
   <trkpt lat="25.0244730" lon="121.5853810">
    <ele>342.7</ele>
    <time>2026-07-26T08:24:30Z</time>
   </trkpt>
   <trkpt lat="25.0244610" lon="121.5853700">
    <ele>342.5</ele>
    <time>2026-07-26T08:24:31Z</time>
   </trkpt>
   <trkpt lat="25.0244510" lon="121.5853610">
    <ele>342.4</ele>
    <time>2026-07-26T08:24:32Z</time>
   </trkpt>
   <trkpt lat="25.0244410" lon="121.5853530">
    <ele>342.3</ele>
    <time>2026-07-26T08:24:33Z</time>
   </trkpt>
   <trkpt lat="25.0244230" lon="121.5853450">
    <ele>342.1</ele>
    <time>2026-07-26T08:24:34Z</time>
   </trkpt>
   <trkpt lat="25.0244110" lon="121.5853390">
    <ele>341.9</ele>
    <time>2026-07-26T08:24:35Z</time>
   </trkpt>
   <trkpt lat="25.0243970" lon="121.5853360">
    <ele>341.7</ele>
    <time>2026-07-26T08:24:36Z</time>
   </trkpt>
   <trkpt lat="25.0243820" lon="121.5853340">
    <ele>341.5</ele>
    <time>2026-07-26T08:24:37Z</time>
   </trkpt>
   <trkpt lat="25.0243700" lon="121.5853360">
    <ele>341.4</ele>
    <time>2026-07-26T08:24:38Z</time>
   </trkpt>
   <trkpt lat="25.0243540" lon="121.5853410">
    <ele>341.1</ele>
    <time>2026-07-26T08:24:39Z</time>
   </trkpt>
   <trkpt lat="25.0243350" lon="121.5853390">
    <ele>340.9</ele>
    <time>2026-07-26T08:24:40Z</time>
   </trkpt>
   <trkpt lat="25.0243200" lon="121.5853440">
    <ele>340.6</ele>
    <time>2026-07-26T08:24:41Z</time>
   </trkpt>
   <trkpt lat="25.0243140" lon="121.5853380">
    <ele>340.5</ele>
    <time>2026-07-26T08:24:42Z</time>
   </trkpt>
   <trkpt lat="25.0242930" lon="121.5853300">
    <ele>340.2</ele>
    <time>2026-07-26T08:24:43Z</time>
   </trkpt>
   <trkpt lat="25.0242630" lon="121.5853210">
    <ele>339.7</ele>
    <time>2026-07-26T08:24:44Z</time>
   </trkpt>
   <trkpt lat="25.0242430" lon="121.5853120">
    <ele>339.5</ele>
    <time>2026-07-26T08:24:45Z</time>
   </trkpt>
   <trkpt lat="25.0242260" lon="121.5853020">
    <ele>339.2</ele>
    <time>2026-07-26T08:24:46Z</time>
   </trkpt>
   <trkpt lat="25.0242100" lon="121.5853030">
    <ele>339.0</ele>
    <time>2026-07-26T08:24:47Z</time>
   </trkpt>
   <trkpt lat="25.0241940" lon="121.5853040">
    <ele>338.8</ele>
    <time>2026-07-26T08:24:48Z</time>
   </trkpt>
   <trkpt lat="25.0241820" lon="121.5853020">
    <ele>338.7</ele>
    <time>2026-07-26T08:24:49Z</time>
   </trkpt>
   <trkpt lat="25.0241730" lon="121.5852990">
    <ele>338.6</ele>
    <time>2026-07-26T08:24:50Z</time>
   </trkpt>
   <trkpt lat="25.0241550" lon="121.5852870">
    <ele>338.4</ele>
    <time>2026-07-26T08:24:51Z</time>
   </trkpt>
   <trkpt lat="25.0241420" lon="121.5852680">
    <ele>338.2</ele>
    <time>2026-07-26T08:24:52Z</time>
   </trkpt>
   <trkpt lat="25.0241260" lon="121.5852510">
    <ele>338.0</ele>
    <time>2026-07-26T08:24:53Z</time>
   </trkpt>
   <trkpt lat="25.0241090" lon="121.5852470">
    <ele>337.8</ele>
    <time>2026-07-26T08:24:54Z</time>
   </trkpt>
   <trkpt lat="25.0240890" lon="121.5852430">
    <ele>337.6</ele>
    <time>2026-07-26T08:24:55Z</time>
   </trkpt>
   <trkpt lat="25.0240740" lon="121.5852400">
    <ele>337.5</ele>
    <time>2026-07-26T08:24:56Z</time>
   </trkpt>
   <trkpt lat="25.0240490" lon="121.5852390">
    <ele>337.2</ele>
    <time>2026-07-26T08:24:57Z</time>
   </trkpt>
   <trkpt lat="25.0240260" lon="121.5852240">
    <ele>336.9</ele>
    <time>2026-07-26T08:24:58Z</time>
   </trkpt>
   <trkpt lat="25.0240070" lon="121.5852160">
    <ele>336.7</ele>
    <time>2026-07-26T08:24:59Z</time>
   </trkpt>
   <trkpt lat="25.0239860" lon="121.5852020">
    <ele>336.4</ele>
    <time>2026-07-26T08:25:00Z</time>
   </trkpt>
   <trkpt lat="25.0239770" lon="121.5851910">
    <ele>336.3</ele>
    <time>2026-07-26T08:25:01Z</time>
   </trkpt>
   <trkpt lat="25.0239630" lon="121.5851860">
    <ele>336.2</ele>
    <time>2026-07-26T08:25:02Z</time>
   </trkpt>
   <trkpt lat="25.0239450" lon="121.5851830">
    <ele>336.0</ele>
    <time>2026-07-26T08:25:03Z</time>
   </trkpt>
   <trkpt lat="25.0239270" lon="121.5851800">
    <ele>335.9</ele>
    <time>2026-07-26T08:25:04Z</time>
   </trkpt>
   <trkpt lat="25.0239140" lon="121.5851740">
    <ele>335.8</ele>
    <time>2026-07-26T08:25:05Z</time>
   </trkpt>
   <trkpt lat="25.0239010" lon="121.5851700">
    <ele>335.6</ele>
    <time>2026-07-26T08:25:06Z</time>
   </trkpt>
   <trkpt lat="25.0238820" lon="121.5851620">
    <ele>335.5</ele>
    <time>2026-07-26T08:25:07Z</time>
   </trkpt>
   <trkpt lat="25.0238610" lon="121.5851590">
    <ele>335.4</ele>
    <time>2026-07-26T08:25:08Z</time>
   </trkpt>
   <trkpt lat="25.0238440" lon="121.5851590">
    <ele>335.3</ele>
    <time>2026-07-26T08:25:09Z</time>
   </trkpt>
   <trkpt lat="25.0238280" lon="121.5851570">
    <ele>335.2</ele>
    <time>2026-07-26T08:25:10Z</time>
   </trkpt>
   <trkpt lat="25.0238180" lon="121.5851500">
    <ele>335.2</ele>
    <time>2026-07-26T08:25:12Z</time>
   </trkpt>
   <trkpt lat="25.0238040" lon="121.5851450">
    <ele>335.1</ele>
    <time>2026-07-26T08:25:13Z</time>
   </trkpt>
   <trkpt lat="25.0237870" lon="121.5851400">
    <ele>335.1</ele>
    <time>2026-07-26T08:25:14Z</time>
   </trkpt>
   <trkpt lat="25.0237700" lon="121.5851370">
    <ele>335.1</ele>
    <time>2026-07-26T08:25:15Z</time>
   </trkpt>
   <trkpt lat="25.0237560" lon="121.5851340">
    <ele>335.2</ele>
    <time>2026-07-26T08:25:16Z</time>
   </trkpt>
   <trkpt lat="25.0237430" lon="121.5851340">
    <ele>335.2</ele>
    <time>2026-07-26T08:25:17Z</time>
   </trkpt>
   <trkpt lat="25.0237310" lon="121.5851300">
    <ele>335.3</ele>
    <time>2026-07-26T08:25:18Z</time>
   </trkpt>
   <trkpt lat="25.0237240" lon="121.5851310">
    <ele>335.3</ele>
    <time>2026-07-26T08:25:19Z</time>
   </trkpt>
   <trkpt lat="25.0237140" lon="121.5851310">
    <ele>335.4</ele>
    <time>2026-07-26T08:25:20Z</time>
   </trkpt>
   <trkpt lat="25.0237050" lon="121.5851230">
    <ele>335.4</ele>
    <time>2026-07-26T08:25:21Z</time>
   </trkpt>
   <trkpt lat="25.0237000" lon="121.5851170">
    <ele>335.5</ele>
    <time>2026-07-26T08:25:22Z</time>
   </trkpt>
   <trkpt lat="25.0236880" lon="121.5851130">
    <ele>335.5</ele>
    <time>2026-07-26T08:25:23Z</time>
   </trkpt>
   <trkpt lat="25.0236830" lon="121.5851070">
    <ele>335.6</ele>
    <time>2026-07-26T08:25:24Z</time>
   </trkpt>
   <trkpt lat="25.0236710" lon="121.5851070">
    <ele>335.7</ele>
    <time>2026-07-26T08:25:25Z</time>
   </trkpt>
   <trkpt lat="25.0236610" lon="121.5851080">
    <ele>335.7</ele>
    <time>2026-07-26T08:25:26Z</time>
   </trkpt>
   <trkpt lat="25.0236540" lon="121.5851070">
    <ele>336.0</ele>
    <time>2026-07-26T08:25:27Z</time>
   </trkpt>
   <trkpt lat="25.0236450" lon="121.5851030">
    <ele>336.2</ele>
    <time>2026-07-26T08:25:28Z</time>
   </trkpt>
   <trkpt lat="25.0236380" lon="121.5851020">
    <ele>336.4</ele>
    <time>2026-07-26T08:25:29Z</time>
   </trkpt>
   <trkpt lat="25.0236250" lon="121.5850980">
    <ele>336.6</ele>
    <time>2026-07-26T08:25:30Z</time>
   </trkpt>
   <trkpt lat="25.0236160" lon="121.5850950">
    <ele>336.9</ele>
    <time>2026-07-26T08:25:31Z</time>
   </trkpt>
   <trkpt lat="25.0236060" lon="121.5850840">
    <ele>337.2</ele>
    <time>2026-07-26T08:25:32Z</time>
   </trkpt>
   <trkpt lat="25.0236030" lon="121.5850760">
    <ele>337.3</ele>
    <time>2026-07-26T08:25:33Z</time>
   </trkpt>
   <trkpt lat="25.0235970" lon="121.5850710">
    <ele>337.5</ele>
    <time>2026-07-26T08:25:34Z</time>
   </trkpt>
   <trkpt lat="25.0235920" lon="121.5850700">
    <ele>337.6</ele>
    <time>2026-07-26T08:25:35Z</time>
   </trkpt>
   <trkpt lat="25.0235800" lon="121.5850660">
    <ele>338.0</ele>
    <time>2026-07-26T08:25:36Z</time>
   </trkpt>
   <trkpt lat="25.0235780" lon="121.5850670">
    <ele>338.0</ele>
    <time>2026-07-26T08:25:37Z</time>
   </trkpt>
   <trkpt lat="25.0235760" lon="121.5850690">
    <ele>338.1</ele>
    <time>2026-07-26T08:25:38Z</time>
   </trkpt>
   <trkpt lat="25.0235750" lon="121.5850670">
    <ele>338.1</ele>
    <time>2026-07-26T08:25:39Z</time>
   </trkpt>
   <trkpt lat="25.0235710" lon="121.5850580">
    <ele>338.3</ele>
    <time>2026-07-26T08:25:40Z</time>
   </trkpt>
   <trkpt lat="25.0235760" lon="121.5850530">
    <ele>338.5</ele>
    <time>2026-07-26T08:25:41Z</time>
   </trkpt>
   <trkpt lat="25.0235680" lon="121.5850500">
    <ele>338.7</ele>
    <time>2026-07-26T08:25:42Z</time>
   </trkpt>
   <trkpt lat="25.0235600" lon="121.5850420">
    <ele>339.0</ele>
    <time>2026-07-26T08:25:43Z</time>
   </trkpt>
   <trkpt lat="25.0235560" lon="121.5850410">
    <ele>339.1</ele>
    <time>2026-07-26T08:25:44Z</time>
   </trkpt>
   <trkpt lat="25.0235550" lon="121.5850440">
    <ele>339.2</ele>
    <time>2026-07-26T08:25:45Z</time>
   </trkpt>
   <trkpt lat="25.0235540" lon="121.5850470">
    <ele>339.2</ele>
    <time>2026-07-26T08:25:46Z</time>
   </trkpt>
   <trkpt lat="25.0235550" lon="121.5850470">
    <ele>339.3</ele>
    <time>2026-07-26T08:25:47Z</time>
   </trkpt>
   <trkpt lat="25.0235550" lon="121.5850470">
    <ele>339.3</ele>
    <time>2026-07-26T08:25:48Z</time>
   </trkpt>
   <trkpt lat="25.0235550" lon="121.5850470">
    <ele>339.3</ele>
    <time>2026-07-26T08:25:49Z</time>
   </trkpt>
   <trkpt lat="25.0235500" lon="121.5850620">
    <ele>339.7</ele>
    <time>2026-07-26T08:25:50Z</time>
   </trkpt>
   <trkpt lat="25.0235510" lon="121.5850610">
    <ele>339.7</ele>
    <time>2026-07-26T08:25:51Z</time>
   </trkpt>
   <trkpt lat="25.0235510" lon="121.5850610">
    <ele>339.7</ele>
    <time>2026-07-26T08:25:52Z</time>
   </trkpt>
   <trkpt lat="25.0235520" lon="121.5850630">
    <ele>339.8</ele>
    <time>2026-07-26T08:25:53Z</time>
   </trkpt>
   <trkpt lat="25.0235490" lon="121.5850660">
    <ele>339.9</ele>
    <time>2026-07-26T08:25:54Z</time>
   </trkpt>
   <trkpt lat="25.0235510" lon="121.5850680">
    <ele>339.9</ele>
    <time>2026-07-26T08:25:55Z</time>
   </trkpt>
   <trkpt lat="25.0235490" lon="121.5850700">
    <ele>340.0</ele>
    <time>2026-07-26T08:25:56Z</time>
   </trkpt>
   <trkpt lat="25.0235500" lon="121.5850690">
    <ele>340.0</ele>
    <time>2026-07-26T08:25:57Z</time>
   </trkpt>
   <trkpt lat="25.0235510" lon="121.5850750">
    <ele>340.2</ele>
    <time>2026-07-26T08:25:58Z</time>
   </trkpt>
   <trkpt lat="25.0235510" lon="121.5850750">
    <ele>340.2</ele>
    <time>2026-07-26T08:25:59Z</time>
   </trkpt>
   <trkpt lat="25.0235510" lon="121.5850750">
    <ele>340.2</ele>
    <time>2026-07-26T08:26:00Z</time>
   </trkpt>
   <trkpt lat="25.0235510" lon="121.5850750">
    <ele>340.2</ele>
    <time>2026-07-26T08:26:01Z</time>
   </trkpt>
   <trkpt lat="25.0235510" lon="121.5850750">
    <ele>340.2</ele>
    <time>2026-07-26T08:26:02Z</time>
   </trkpt>
   <trkpt lat="25.0235550" lon="121.5850750">
    <ele>340.3</ele>
    <time>2026-07-26T08:26:03Z</time>
   </trkpt>
   <trkpt lat="25.0235570" lon="121.5850800">
    <ele>340.4</ele>
    <time>2026-07-26T08:26:04Z</time>
   </trkpt>
   <trkpt lat="25.0235600" lon="121.5850820">
    <ele>340.5</ele>
    <time>2026-07-26T08:26:05Z</time>
   </trkpt>
   <trkpt lat="25.0235580" lon="121.5850870">
    <ele>340.7</ele>
    <time>2026-07-26T08:26:06Z</time>
   </trkpt>
   <trkpt lat="25.0235630" lon="121.5850880">
    <ele>340.8</ele>
    <time>2026-07-26T08:26:07Z</time>
   </trkpt>
   <trkpt lat="25.0235690" lon="121.5850830">
    <ele>341.0</ele>
    <time>2026-07-26T08:26:08Z</time>
   </trkpt>
   <trkpt lat="25.0235710" lon="121.5850830">
    <ele>341.1</ele>
    <time>2026-07-26T08:26:09Z</time>
   </trkpt>
   <trkpt lat="25.0235750" lon="121.5850800">
    <ele>341.2</ele>
    <time>2026-07-26T08:26:10Z</time>
   </trkpt>
   <trkpt lat="25.0235830" lon="121.5850880">
    <ele>341.5</ele>
    <time>2026-07-26T08:26:11Z</time>
   </trkpt>
   <trkpt lat="25.0235900" lon="121.5850920">
    <ele>341.7</ele>
    <time>2026-07-26T08:26:12Z</time>
   </trkpt>
   <trkpt lat="25.0235860" lon="121.5850890">
    <ele>341.8</ele>
    <time>2026-07-26T08:26:13Z</time>
   </trkpt>
   <trkpt lat="25.0235780" lon="121.5850900">
    <ele>342.0</ele>
    <time>2026-07-26T08:26:14Z</time>
   </trkpt>
   <trkpt lat="25.0235660" lon="121.5850900">
    <ele>342.4</ele>
    <time>2026-07-26T08:26:15Z</time>
   </trkpt>
   <trkpt lat="25.0235580" lon="121.5850890">
    <ele>342.6</ele>
    <time>2026-07-26T08:26:16Z</time>
   </trkpt>
   <trkpt lat="25.0235560" lon="121.5850870">
    <ele>342.7</ele>
    <time>2026-07-26T08:26:17Z</time>
   </trkpt>
   <trkpt lat="25.0235490" lon="121.5850840">
    <ele>342.9</ele>
    <time>2026-07-26T08:26:18Z</time>
   </trkpt>
   <trkpt lat="25.0235390" lon="121.5850910">
    <ele>343.2</ele>
    <time>2026-07-26T08:26:19Z</time>
   </trkpt>
   <trkpt lat="25.0235380" lon="121.5850890">
    <ele>343.2</ele>
    <time>2026-07-26T08:26:20Z</time>
   </trkpt>
   <trkpt lat="25.0235320" lon="121.5850800">
    <ele>343.5</ele>
    <time>2026-07-26T08:26:21Z</time>
   </trkpt>
   <trkpt lat="25.0235330" lon="121.5850790">
    <ele>343.5</ele>
    <time>2026-07-26T08:26:22Z</time>
   </trkpt>
   <trkpt lat="25.0235310" lon="121.5850770">
    <ele>343.6</ele>
    <time>2026-07-26T08:26:23Z</time>
   </trkpt>
   <trkpt lat="25.0235260" lon="121.5850830">
    <ele>343.8</ele>
    <time>2026-07-26T08:26:24Z</time>
   </trkpt>
   <trkpt lat="25.0235320" lon="121.5850960">
    <ele>344.2</ele>
    <time>2026-07-26T08:26:25Z</time>
   </trkpt>
   <trkpt lat="25.0235190" lon="121.5851040">
    <ele>344.6</ele>
    <time>2026-07-26T08:26:26Z</time>
   </trkpt>
   <trkpt lat="25.0235110" lon="121.5851130">
    <ele>344.9</ele>
    <time>2026-07-26T08:26:27Z</time>
   </trkpt>
   <trkpt lat="25.0235120" lon="121.5851170">
    <ele>345.0</ele>
    <time>2026-07-26T08:26:28Z</time>
   </trkpt>
   <trkpt lat="25.0235140" lon="121.5851150">
    <ele>345.1</ele>
    <time>2026-07-26T08:26:29Z</time>
   </trkpt>
   <trkpt lat="25.0235070" lon="121.5851090">
    <ele>345.3</ele>
    <time>2026-07-26T08:26:30Z</time>
   </trkpt>
   <trkpt lat="25.0235050" lon="121.5851100">
    <ele>345.4</ele>
    <time>2026-07-26T08:26:31Z</time>
   </trkpt>
   <trkpt lat="25.0235020" lon="121.5851100">
    <ele>345.4</ele>
    <time>2026-07-26T08:26:32Z</time>
   </trkpt>
   <trkpt lat="25.0235000" lon="121.5851150">
    <ele>345.6</ele>
    <time>2026-07-26T08:26:33Z</time>
   </trkpt>
   <trkpt lat="25.0234950" lon="121.5851260">
    <ele>345.9</ele>
    <time>2026-07-26T08:26:34Z</time>
   </trkpt>
   <trkpt lat="25.0234940" lon="121.5851300">
    <ele>346.0</ele>
    <time>2026-07-26T08:26:35Z</time>
   </trkpt>
   <trkpt lat="25.0234920" lon="121.5851250">
    <ele>346.1</ele>
    <time>2026-07-26T08:26:36Z</time>
   </trkpt>
   <trkpt lat="25.0234860" lon="121.5851330">
    <ele>346.4</ele>
    <time>2026-07-26T08:26:37Z</time>
   </trkpt>
   <trkpt lat="25.0234790" lon="121.5851300">
    <ele>346.6</ele>
    <time>2026-07-26T08:26:38Z</time>
   </trkpt>
   <trkpt lat="25.0234680" lon="121.5851260">
    <ele>346.9</ele>
    <time>2026-07-26T08:26:39Z</time>
   </trkpt>
   <trkpt lat="25.0234590" lon="121.5851220">
    <ele>347.1</ele>
    <time>2026-07-26T08:26:40Z</time>
   </trkpt>
   <trkpt lat="25.0234590" lon="121.5851250">
    <ele>347.2</ele>
    <time>2026-07-26T08:26:41Z</time>
   </trkpt>
   <trkpt lat="25.0234570" lon="121.5851210">
    <ele>347.3</ele>
    <time>2026-07-26T08:26:42Z</time>
   </trkpt>
   <trkpt lat="25.0234620" lon="121.5851260">
    <ele>347.5</ele>
    <time>2026-07-26T08:26:43Z</time>
   </trkpt>
   <trkpt lat="25.0234560" lon="121.5851240">
    <ele>347.7</ele>
    <time>2026-07-26T08:26:44Z</time>
   </trkpt>
   <trkpt lat="25.0234560" lon="121.5851230">
    <ele>347.7</ele>
    <time>2026-07-26T08:26:45Z</time>
   </trkpt>
   <trkpt lat="25.0234490" lon="121.5851230">
    <ele>347.9</ele>
    <time>2026-07-26T08:26:46Z</time>
   </trkpt>
   <trkpt lat="25.0234390" lon="121.5851240">
    <ele>348.2</ele>
    <time>2026-07-26T08:26:47Z</time>
   </trkpt>
   <trkpt lat="25.0234310" lon="121.5851160">
    <ele>348.5</ele>
    <time>2026-07-26T08:26:48Z</time>
   </trkpt>
   <trkpt lat="25.0234250" lon="121.5851090">
    <ele>348.7</ele>
    <time>2026-07-26T08:26:49Z</time>
   </trkpt>
   <trkpt lat="25.0234160" lon="121.5851030">
    <ele>349.0</ele>
    <time>2026-07-26T08:26:50Z</time>
   </trkpt>
   <trkpt lat="25.0234080" lon="121.5851000">
    <ele>349.2</ele>
    <time>2026-07-26T08:26:51Z</time>
   </trkpt>
   <trkpt lat="25.0234100" lon="121.5851010">
    <ele>349.3</ele>
    <time>2026-07-26T08:26:52Z</time>
   </trkpt>
   <trkpt lat="25.0234080" lon="121.5851040">
    <ele>349.3</ele>
    <time>2026-07-26T08:26:53Z</time>
   </trkpt>
   <trkpt lat="25.0233960" lon="121.5851120">
    <ele>349.7</ele>
    <time>2026-07-26T08:26:54Z</time>
   </trkpt>
   <trkpt lat="25.0234030" lon="121.5851140">
    <ele>349.9</ele>
    <time>2026-07-26T08:26:55Z</time>
   </trkpt>
   <trkpt lat="25.0234060" lon="121.5851120">
    <ele>350.0</ele>
    <time>2026-07-26T08:26:56Z</time>
   </trkpt>
   <trkpt lat="25.0234100" lon="121.5851160">
    <ele>350.2</ele>
    <time>2026-07-26T08:26:57Z</time>
   </trkpt>
   <trkpt lat="25.0234090" lon="121.5851190">
    <ele>350.2</ele>
    <time>2026-07-26T08:26:58Z</time>
   </trkpt>
   <trkpt lat="25.0234060" lon="121.5851230">
    <ele>350.4</ele>
    <time>2026-07-26T08:26:59Z</time>
   </trkpt>
   <trkpt lat="25.0234020" lon="121.5851190">
    <ele>350.5</ele>
    <time>2026-07-26T08:27:00Z</time>
   </trkpt>
   <trkpt lat="25.0233950" lon="121.5851130">
    <ele>350.7</ele>
    <time>2026-07-26T08:27:01Z</time>
   </trkpt>
   <trkpt lat="25.0233900" lon="121.5851030">
    <ele>351.0</ele>
    <time>2026-07-26T08:27:02Z</time>
   </trkpt>
   <trkpt lat="25.0233830" lon="121.5850940">
    <ele>351.3</ele>
    <time>2026-07-26T08:27:03Z</time>
   </trkpt>
   <trkpt lat="25.0233780" lon="121.5850840">
    <ele>351.5</ele>
    <time>2026-07-26T08:27:04Z</time>
   </trkpt>
   <trkpt lat="25.0233710" lon="121.5850760">
    <ele>351.8</ele>
    <time>2026-07-26T08:27:05Z</time>
   </trkpt>
   <trkpt lat="25.0233670" lon="121.5850820">
    <ele>352.0</ele>
    <time>2026-07-26T08:27:06Z</time>
   </trkpt>
   <trkpt lat="25.0233670" lon="121.5850790">
    <ele>352.0</ele>
    <time>2026-07-26T08:27:07Z</time>
   </trkpt>
   <trkpt lat="25.0233610" lon="121.5850800">
    <ele>352.2</ele>
    <time>2026-07-26T08:27:08Z</time>
   </trkpt>
   <trkpt lat="25.0233570" lon="121.5850770">
    <ele>352.3</ele>
    <time>2026-07-26T08:27:09Z</time>
   </trkpt>
   <trkpt lat="25.0233620" lon="121.5850820">
    <ele>352.5</ele>
    <time>2026-07-26T08:27:10Z</time>
   </trkpt>
   <trkpt lat="25.0233670" lon="121.5850870">
    <ele>352.7</ele>
    <time>2026-07-26T08:27:11Z</time>
   </trkpt>
   <trkpt lat="25.0233730" lon="121.5850900">
    <ele>352.8</ele>
    <time>2026-07-26T08:27:12Z</time>
   </trkpt>
   <trkpt lat="25.0233730" lon="121.5850920">
    <ele>352.9</ele>
    <time>2026-07-26T08:27:13Z</time>
   </trkpt>
   <trkpt lat="25.0233730" lon="121.5850990">
    <ele>353.0</ele>
    <time>2026-07-26T08:27:14Z</time>
   </trkpt>
   <trkpt lat="25.0233730" lon="121.5851040">
    <ele>353.2</ele>
    <time>2026-07-26T08:27:15Z</time>
   </trkpt>
   <trkpt lat="25.0233750" lon="121.5851030">
    <ele>353.2</ele>
    <time>2026-07-26T08:27:16Z</time>
   </trkpt>
   <trkpt lat="25.0233770" lon="121.5851060">
    <ele>353.3</ele>
    <time>2026-07-26T08:27:18Z</time>
   </trkpt>
   <trkpt lat="25.0233780" lon="121.5851070">
    <ele>353.3</ele>
    <time>2026-07-26T08:27:19Z</time>
   </trkpt>
   <trkpt lat="25.0233760" lon="121.5851070">
    <ele>353.4</ele>
    <time>2026-07-26T08:27:20Z</time>
   </trkpt>
   <trkpt lat="25.0233710" lon="121.5851090">
    <ele>353.5</ele>
    <time>2026-07-26T08:27:21Z</time>
   </trkpt>
   <trkpt lat="25.0233610" lon="121.5851020">
    <ele>353.8</ele>
    <time>2026-07-26T08:27:22Z</time>
   </trkpt>
   <trkpt lat="25.0233570" lon="121.5851050">
    <ele>353.9</ele>
    <time>2026-07-26T08:27:23Z</time>
   </trkpt>
   <trkpt lat="25.0233540" lon="121.5851140">
    <ele>354.2</ele>
    <time>2026-07-26T08:27:24Z</time>
   </trkpt>
   <trkpt lat="25.0233550" lon="121.5851120">
    <ele>354.2</ele>
    <time>2026-07-26T08:27:25Z</time>
   </trkpt>
   <trkpt lat="25.0233530" lon="121.5851130">
    <ele>354.3</ele>
    <time>2026-07-26T08:27:26Z</time>
   </trkpt>
   <trkpt lat="25.0233530" lon="121.5851050">
    <ele>354.4</ele>
    <time>2026-07-26T08:27:27Z</time>
   </trkpt>
   <trkpt lat="25.0233490" lon="121.5851050">
    <ele>354.5</ele>
    <time>2026-07-26T08:27:28Z</time>
   </trkpt>
   <trkpt lat="25.0233440" lon="121.5851030">
    <ele>354.7</ele>
    <time>2026-07-26T08:27:29Z</time>
   </trkpt>
   <trkpt lat="25.0233410" lon="121.5851000">
    <ele>354.8</ele>
    <time>2026-07-26T08:27:30Z</time>
   </trkpt>
   <trkpt lat="25.0233390" lon="121.5851010">
    <ele>354.8</ele>
    <time>2026-07-26T08:27:31Z</time>
   </trkpt>
   <trkpt lat="25.0233350" lon="121.5851010">
    <ele>354.9</ele>
    <time>2026-07-26T08:27:32Z</time>
   </trkpt>
   <trkpt lat="25.0233270" lon="121.5851010">
    <ele>355.1</ele>
    <time>2026-07-26T08:27:33Z</time>
   </trkpt>
   <trkpt lat="25.0233200" lon="121.5851040">
    <ele>355.3</ele>
    <time>2026-07-26T08:27:34Z</time>
   </trkpt>
   <trkpt lat="25.0233150" lon="121.5851030">
    <ele>355.4</ele>
    <time>2026-07-26T08:27:35Z</time>
   </trkpt>
   <trkpt lat="25.0233080" lon="121.5851080">
    <ele>355.6</ele>
    <time>2026-07-26T08:27:36Z</time>
   </trkpt>
   <trkpt lat="25.0233060" lon="121.5851050">
    <ele>355.7</ele>
    <time>2026-07-26T08:27:37Z</time>
   </trkpt>
   <trkpt lat="25.0233080" lon="121.5851070">
    <ele>355.7</ele>
    <time>2026-07-26T08:27:38Z</time>
   </trkpt>
   <trkpt lat="25.0233020" lon="121.5851020">
    <ele>355.9</ele>
    <time>2026-07-26T08:27:39Z</time>
   </trkpt>
   <trkpt lat="25.0232990" lon="121.5851000">
    <ele>356.0</ele>
    <time>2026-07-26T08:27:40Z</time>
   </trkpt>
   <trkpt lat="25.0232930" lon="121.5851020">
    <ele>356.1</ele>
    <time>2026-07-26T08:27:41Z</time>
   </trkpt>
   <trkpt lat="25.0232880" lon="121.5851050">
    <ele>356.3</ele>
    <time>2026-07-26T08:27:42Z</time>
   </trkpt>
   <trkpt lat="25.0232880" lon="121.5851090">
    <ele>356.4</ele>
    <time>2026-07-26T08:27:43Z</time>
   </trkpt>
   <trkpt lat="25.0232820" lon="121.5851160">
    <ele>356.6</ele>
    <time>2026-07-26T08:27:44Z</time>
   </trkpt>
   <trkpt lat="25.0232750" lon="121.5851220">
    <ele>356.8</ele>
    <time>2026-07-26T08:27:45Z</time>
   </trkpt>
   <trkpt lat="25.0232710" lon="121.5851220">
    <ele>356.9</ele>
    <time>2026-07-26T08:27:46Z</time>
   </trkpt>
   <trkpt lat="25.0232690" lon="121.5851240">
    <ele>356.9</ele>
    <time>2026-07-26T08:27:47Z</time>
   </trkpt>
   <trkpt lat="25.0232630" lon="121.5851270">
    <ele>357.1</ele>
    <time>2026-07-26T08:27:48Z</time>
   </trkpt>
   <trkpt lat="25.0232580" lon="121.5851310">
    <ele>357.2</ele>
    <time>2026-07-26T08:27:49Z</time>
   </trkpt>
   <trkpt lat="25.0232490" lon="121.5851360">
    <ele>357.5</ele>
    <time>2026-07-26T08:27:50Z</time>
   </trkpt>
   <trkpt lat="25.0232390" lon="121.5851370">
    <ele>357.7</ele>
    <time>2026-07-26T08:27:51Z</time>
   </trkpt>
   <trkpt lat="25.0232280" lon="121.5851420">
    <ele>357.8</ele>
    <time>2026-07-26T08:27:52Z</time>
   </trkpt>
   <trkpt lat="25.0232180" lon="121.5851420">
    <ele>358.0</ele>
    <time>2026-07-26T08:27:53Z</time>
   </trkpt>
   <trkpt lat="25.0232030" lon="121.5851410">
    <ele>358.0</ele>
    <time>2026-07-26T08:27:54Z</time>
   </trkpt>
   <trkpt lat="25.0231910" lon="121.5851410">
    <ele>358.1</ele>
    <time>2026-07-26T08:27:55Z</time>
   </trkpt>
   <trkpt lat="25.0231780" lon="121.5851450">
    <ele>358.1</ele>
    <time>2026-07-26T08:27:56Z</time>
   </trkpt>
   <trkpt lat="25.0231610" lon="121.5851410">
    <ele>358.2</ele>
    <time>2026-07-26T08:27:57Z</time>
   </trkpt>
   <trkpt lat="25.0231500" lon="121.5851420">
    <ele>358.2</ele>
    <time>2026-07-26T08:27:58Z</time>
   </trkpt>
   <trkpt lat="25.0231420" lon="121.5851400">
    <ele>358.3</ele>
    <time>2026-07-26T08:27:59Z</time>
   </trkpt>
   <trkpt lat="25.0231310" lon="121.5851400">
    <ele>358.3</ele>
    <time>2026-07-26T08:28:00Z</time>
   </trkpt>
   <trkpt lat="25.0231310" lon="121.5851390">
    <ele>358.3</ele>
    <time>2026-07-26T08:28:01Z</time>
   </trkpt>
   <trkpt lat="25.0231290" lon="121.5851390">
    <ele>358.3</ele>
    <time>2026-07-26T08:28:02Z</time>
   </trkpt>
   <trkpt lat="25.0231240" lon="121.5851390">
    <ele>358.3</ele>
    <time>2026-07-26T08:28:03Z</time>
   </trkpt>
   <trkpt lat="25.0231110" lon="121.5851360">
    <ele>358.3</ele>
    <time>2026-07-26T08:28:04Z</time>
   </trkpt>
   <trkpt lat="25.0231090" lon="121.5851360">
    <ele>358.3</ele>
    <time>2026-07-26T08:28:05Z</time>
   </trkpt>
   <trkpt lat="25.0231040" lon="121.5851340">
    <ele>358.3</ele>
    <time>2026-07-26T08:28:06Z</time>
   </trkpt>
   <trkpt lat="25.0231060" lon="121.5851350">
    <ele>358.3</ele>
    <time>2026-07-26T08:28:07Z</time>
   </trkpt>
   <trkpt lat="25.0230960" lon="121.5851310">
    <ele>358.3</ele>
    <time>2026-07-26T08:28:08Z</time>
   </trkpt>
   <trkpt lat="25.0230890" lon="121.5851330">
    <ele>358.3</ele>
    <time>2026-07-26T08:28:09Z</time>
   </trkpt>
   <trkpt lat="25.0230840" lon="121.5851290">
    <ele>358.3</ele>
    <time>2026-07-26T08:28:10Z</time>
   </trkpt>
   <trkpt lat="25.0230870" lon="121.5851290">
    <ele>358.3</ele>
    <time>2026-07-26T08:28:11Z</time>
   </trkpt>
   <trkpt lat="25.0230910" lon="121.5851260">
    <ele>358.3</ele>
    <time>2026-07-26T08:28:12Z</time>
   </trkpt>
   <trkpt lat="25.0230870" lon="121.5851330">
    <ele>358.3</ele>
    <time>2026-07-26T08:28:13Z</time>
   </trkpt>
   <trkpt lat="25.0230850" lon="121.5851330">
    <ele>358.3</ele>
    <time>2026-07-26T08:28:14Z</time>
   </trkpt>
   <trkpt lat="25.0230800" lon="121.5851310">
    <ele>358.3</ele>
    <time>2026-07-26T08:28:15Z</time>
   </trkpt>
   <trkpt lat="25.0230780" lon="121.5851290">
    <ele>358.3</ele>
    <time>2026-07-26T08:28:16Z</time>
   </trkpt>
   <trkpt lat="25.0230790" lon="121.5851290">
    <ele>358.3</ele>
    <time>2026-07-26T08:28:17Z</time>
   </trkpt>
   <trkpt lat="25.0230790" lon="121.5851290">
    <ele>358.3</ele>
    <time>2026-07-26T08:28:18Z</time>
   </trkpt>
   <trkpt lat="25.0230790" lon="121.5851290">
    <ele>358.3</ele>
    <time>2026-07-26T08:28:19Z</time>
   </trkpt>
   <trkpt lat="25.0230630" lon="121.5851250">
    <ele>358.3</ele>
    <time>2026-07-26T08:28:20Z</time>
   </trkpt>
   <trkpt lat="25.0230620" lon="121.5851250">
    <ele>358.3</ele>
    <time>2026-07-26T08:28:21Z</time>
   </trkpt>
   <trkpt lat="25.0230590" lon="121.5851250">
    <ele>358.3</ele>
    <time>2026-07-26T08:28:22Z</time>
   </trkpt>
   <trkpt lat="25.0230590" lon="121.5851220">
    <ele>358.3</ele>
    <time>2026-07-26T08:28:23Z</time>
   </trkpt>
   <trkpt lat="25.0230600" lon="121.5851210">
    <ele>358.3</ele>
    <time>2026-07-26T08:28:24Z</time>
   </trkpt>
   <trkpt lat="25.0230600" lon="121.5851210">
    <ele>358.3</ele>
    <time>2026-07-26T08:28:25Z</time>
   </trkpt>
   <trkpt lat="25.0230580" lon="121.5851160">
    <ele>358.4</ele>
    <time>2026-07-26T08:28:26Z</time>
   </trkpt>
   <trkpt lat="25.0230560" lon="121.5851150">
    <ele>358.4</ele>
    <time>2026-07-26T08:28:27Z</time>
   </trkpt>
   <trkpt lat="25.0230570" lon="121.5851130">
    <ele>358.4</ele>
    <time>2026-07-26T08:28:28Z</time>
   </trkpt>
   <trkpt lat="25.0230580" lon="121.5851140">
    <ele>358.4</ele>
    <time>2026-07-26T08:28:29Z</time>
   </trkpt>
   <trkpt lat="25.0230590" lon="121.5851100">
    <ele>358.4</ele>
    <time>2026-07-26T08:28:30Z</time>
   </trkpt>
   <trkpt lat="25.0230610" lon="121.5851070">
    <ele>358.4</ele>
    <time>2026-07-26T08:28:31Z</time>
   </trkpt>
   <trkpt lat="25.0230610" lon="121.5851070">
    <ele>358.4</ele>
    <time>2026-07-26T08:28:32Z</time>
   </trkpt>
   <trkpt lat="25.0230490" lon="121.5851010">
    <ele>358.4</ele>
    <time>2026-07-26T08:28:33Z</time>
   </trkpt>
   <trkpt lat="25.0230380" lon="121.5851010">
    <ele>358.4</ele>
    <time>2026-07-26T08:28:34Z</time>
   </trkpt>
   <trkpt lat="25.0230290" lon="121.5851000">
    <ele>358.4</ele>
    <time>2026-07-26T08:28:35Z</time>
   </trkpt>
   <trkpt lat="25.0230260" lon="121.5851000">
    <ele>358.4</ele>
    <time>2026-07-26T08:28:36Z</time>
   </trkpt>
   <trkpt lat="25.0230240" lon="121.5851000">
    <ele>358.4</ele>
    <time>2026-07-26T08:28:37Z</time>
   </trkpt>
   <trkpt lat="25.0230190" lon="121.5851030">
    <ele>358.4</ele>
    <time>2026-07-26T08:28:38Z</time>
   </trkpt>
   <trkpt lat="25.0230100" lon="121.5851060">
    <ele>358.2</ele>
    <time>2026-07-26T08:28:39Z</time>
   </trkpt>
   <trkpt lat="25.0230060" lon="121.5851090">
    <ele>358.1</ele>
    <time>2026-07-26T08:28:40Z</time>
   </trkpt>
   <trkpt lat="25.0230010" lon="121.5851020">
    <ele>357.8</ele>
    <time>2026-07-26T08:28:41Z</time>
   </trkpt>
   <trkpt lat="25.0229900" lon="121.5850930">
    <ele>357.4</ele>
    <time>2026-07-26T08:28:42Z</time>
   </trkpt>
   <trkpt lat="25.0229810" lon="121.5850910">
    <ele>357.2</ele>
    <time>2026-07-26T08:28:43Z</time>
   </trkpt>
   <trkpt lat="25.0229700" lon="121.5850920">
    <ele>356.8</ele>
    <time>2026-07-26T08:28:44Z</time>
   </trkpt>
   <trkpt lat="25.0229590" lon="121.5850920">
    <ele>356.5</ele>
    <time>2026-07-26T08:28:45Z</time>
   </trkpt>
   <trkpt lat="25.0229440" lon="121.5850910">
    <ele>356.1</ele>
    <time>2026-07-26T08:28:46Z</time>
   </trkpt>
   <trkpt lat="25.0229290" lon="121.5850870">
    <ele>355.6</ele>
    <time>2026-07-26T08:28:47Z</time>
   </trkpt>
   <trkpt lat="25.0229120" lon="121.5850880">
    <ele>355.2</ele>
    <time>2026-07-26T08:28:48Z</time>
   </trkpt>
   <trkpt lat="25.0228990" lon="121.5850900">
    <ele>354.8</ele>
    <time>2026-07-26T08:28:49Z</time>
   </trkpt>
   <trkpt lat="25.0228860" lon="121.5850920">
    <ele>354.4</ele>
    <time>2026-07-26T08:28:50Z</time>
   </trkpt>
   <trkpt lat="25.0228750" lon="121.5850810">
    <ele>354.0</ele>
    <time>2026-07-26T08:28:51Z</time>
   </trkpt>
   <trkpt lat="25.0228540" lon="121.5850760">
    <ele>353.4</ele>
    <time>2026-07-26T08:28:52Z</time>
   </trkpt>
   <trkpt lat="25.0228410" lon="121.5850730">
    <ele>353.1</ele>
    <time>2026-07-26T08:28:53Z</time>
   </trkpt>
   <trkpt lat="25.0228270" lon="121.5850710">
    <ele>352.8</ele>
    <time>2026-07-26T08:28:54Z</time>
   </trkpt>
   <trkpt lat="25.0228130" lon="121.5850700">
    <ele>352.5</ele>
    <time>2026-07-26T08:28:55Z</time>
   </trkpt>
   <trkpt lat="25.0227850" lon="121.5850610">
    <ele>352.0</ele>
    <time>2026-07-26T08:28:56Z</time>
   </trkpt>
   <trkpt lat="25.0227670" lon="121.5850550">
    <ele>351.6</ele>
    <time>2026-07-26T08:28:57Z</time>
   </trkpt>
   <trkpt lat="25.0227530" lon="121.5850600">
    <ele>351.4</ele>
    <time>2026-07-26T08:28:58Z</time>
   </trkpt>
   <trkpt lat="25.0227340" lon="121.5850630">
    <ele>351.1</ele>
    <time>2026-07-26T08:28:59Z</time>
   </trkpt>
   <trkpt lat="25.0227050" lon="121.5850610">
    <ele>350.7</ele>
    <time>2026-07-26T08:29:00Z</time>
   </trkpt>
   <trkpt lat="25.0226860" lon="121.5850660">
    <ele>350.5</ele>
    <time>2026-07-26T08:29:01Z</time>
   </trkpt>
   <trkpt lat="25.0226570" lon="121.5850690">
    <ele>350.3</ele>
    <time>2026-07-26T08:29:02Z</time>
   </trkpt>
   <trkpt lat="25.0226400" lon="121.5850710">
    <ele>350.2</ele>
    <time>2026-07-26T08:29:03Z</time>
   </trkpt>
   <trkpt lat="25.0226190" lon="121.5850730">
    <ele>350.1</ele>
    <time>2026-07-26T08:29:04Z</time>
   </trkpt>
   <trkpt lat="25.0226030" lon="121.5850820">
    <ele>349.9</ele>
    <time>2026-07-26T08:29:05Z</time>
   </trkpt>
   <trkpt lat="25.0225890" lon="121.5850840">
    <ele>349.7</ele>
    <time>2026-07-26T08:29:06Z</time>
   </trkpt>
   <trkpt lat="25.0225730" lon="121.5850860">
    <ele>349.4</ele>
    <time>2026-07-26T08:29:07Z</time>
   </trkpt>
   <trkpt lat="25.0225580" lon="121.5850930">
    <ele>349.1</ele>
    <time>2026-07-26T08:29:08Z</time>
   </trkpt>
   <trkpt lat="25.0225530" lon="121.5850980">
    <ele>349.0</ele>
    <time>2026-07-26T08:29:09Z</time>
   </trkpt>
   <trkpt lat="25.0225460" lon="121.5851090">
    <ele>348.8</ele>
    <time>2026-07-26T08:29:10Z</time>
   </trkpt>
   <trkpt lat="25.0225340" lon="121.5851220">
    <ele>348.5</ele>
    <time>2026-07-26T08:29:11Z</time>
   </trkpt>
   <trkpt lat="25.0225240" lon="121.5851300">
    <ele>348.2</ele>
    <time>2026-07-26T08:29:12Z</time>
   </trkpt>
   <trkpt lat="25.0225180" lon="121.5851420">
    <ele>347.9</ele>
    <time>2026-07-26T08:29:13Z</time>
   </trkpt>
   <trkpt lat="25.0225050" lon="121.5851610">
    <ele>347.4</ele>
    <time>2026-07-26T08:29:14Z</time>
   </trkpt>
   <trkpt lat="25.0224910" lon="121.5851760">
    <ele>346.9</ele>
    <time>2026-07-26T08:29:15Z</time>
   </trkpt>
   <trkpt lat="25.0224740" lon="121.5851910">
    <ele>346.4</ele>
    <time>2026-07-26T08:29:16Z</time>
   </trkpt>
   <trkpt lat="25.0224590" lon="121.5851990">
    <ele>346.0</ele>
    <time>2026-07-26T08:29:17Z</time>
   </trkpt>
   <trkpt lat="25.0224460" lon="121.5852050">
    <ele>345.6</ele>
    <time>2026-07-26T08:29:18Z</time>
   </trkpt>
   <trkpt lat="25.0224330" lon="121.5852170">
    <ele>345.2</ele>
    <time>2026-07-26T08:29:19Z</time>
   </trkpt>
   <trkpt lat="25.0224310" lon="121.5852330">
    <ele>344.8</ele>
    <time>2026-07-26T08:29:20Z</time>
   </trkpt>
   <trkpt lat="25.0224220" lon="121.5852560">
    <ele>344.2</ele>
    <time>2026-07-26T08:29:21Z</time>
   </trkpt>
   <trkpt lat="25.0224180" lon="121.5852780">
    <ele>343.6</ele>
    <time>2026-07-26T08:29:23Z</time>
   </trkpt>
   <trkpt lat="25.0224030" lon="121.5852910">
    <ele>343.1</ele>
    <time>2026-07-26T08:29:24Z</time>
   </trkpt>
   <trkpt lat="25.0223840" lon="121.5852950">
    <ele>342.6</ele>
    <time>2026-07-26T08:29:25Z</time>
   </trkpt>
   <trkpt lat="25.0223570" lon="121.5853050">
    <ele>341.8</ele>
    <time>2026-07-26T08:29:26Z</time>
   </trkpt>
   <trkpt lat="25.0223400" lon="121.5853220">
    <ele>341.2</ele>
    <time>2026-07-26T08:29:27Z</time>
   </trkpt>
   <trkpt lat="25.0223260" lon="121.5853450">
    <ele>340.6</ele>
    <time>2026-07-26T08:29:28Z</time>
   </trkpt>
   <trkpt lat="25.0223120" lon="121.5853680">
    <ele>340.0</ele>
    <time>2026-07-26T08:29:29Z</time>
   </trkpt>
   <trkpt lat="25.0222970" lon="121.5853880">
    <ele>339.5</ele>
    <time>2026-07-26T08:29:30Z</time>
   </trkpt>
   <trkpt lat="25.0222650" lon="121.5854090">
    <ele>338.8</ele>
    <time>2026-07-26T08:29:31Z</time>
   </trkpt>
   <trkpt lat="25.0222370" lon="121.5854370">
    <ele>338.3</ele>
    <time>2026-07-26T08:29:32Z</time>
   </trkpt>
   <trkpt lat="25.0222070" lon="121.5854680">
    <ele>337.8</ele>
    <time>2026-07-26T08:29:33Z</time>
   </trkpt>
   <trkpt lat="25.0221740" lon="121.5854860">
    <ele>337.4</ele>
    <time>2026-07-26T08:29:34Z</time>
   </trkpt>
   <trkpt lat="25.0221560" lon="121.5854950">
    <ele>337.1</ele>
    <time>2026-07-26T08:29:35Z</time>
   </trkpt>
   <trkpt lat="25.0221490" lon="121.5855090">
    <ele>336.9</ele>
    <time>2026-07-26T08:29:36Z</time>
   </trkpt>
   <trkpt lat="25.0221230" lon="121.5855280">
    <ele>336.4</ele>
    <time>2026-07-26T08:29:37Z</time>
   </trkpt>
   <trkpt lat="25.0221150" lon="121.5855300">
    <ele>336.2</ele>
    <time>2026-07-26T08:29:38Z</time>
   </trkpt>
   <trkpt lat="25.0221070" lon="121.5855370">
    <ele>336.0</ele>
    <time>2026-07-26T08:29:39Z</time>
   </trkpt>
   <trkpt lat="25.0221010" lon="121.5855460">
    <ele>335.7</ele>
    <time>2026-07-26T08:29:40Z</time>
   </trkpt>
   <trkpt lat="25.0220980" lon="121.5855580">
    <ele>335.5</ele>
    <time>2026-07-26T08:29:41Z</time>
   </trkpt>
   <trkpt lat="25.0220930" lon="121.5855700">
    <ele>335.1</ele>
    <time>2026-07-26T08:29:42Z</time>
   </trkpt>
   <trkpt lat="25.0220870" lon="121.5855780">
    <ele>334.9</ele>
    <time>2026-07-26T08:29:43Z</time>
   </trkpt>
   <trkpt lat="25.0220820" lon="121.5855880">
    <ele>334.5</ele>
    <time>2026-07-26T08:29:44Z</time>
   </trkpt>
   <trkpt lat="25.0220820" lon="121.5855910">
    <ele>334.5</ele>
    <time>2026-07-26T08:29:45Z</time>
   </trkpt>
   <trkpt lat="25.0220800" lon="121.5856010">
    <ele>334.2</ele>
    <time>2026-07-26T08:29:46Z</time>
   </trkpt>
   <trkpt lat="25.0220710" lon="121.5856080">
    <ele>333.8</ele>
    <time>2026-07-26T08:29:47Z</time>
   </trkpt>
   <trkpt lat="25.0220590" lon="121.5856100">
    <ele>333.4</ele>
    <time>2026-07-26T08:29:48Z</time>
   </trkpt>
   <trkpt lat="25.0220490" lon="121.5856180">
    <ele>333.0</ele>
    <time>2026-07-26T08:29:49Z</time>
   </trkpt>
   <trkpt lat="25.0220360" lon="121.5856260">
    <ele>332.5</ele>
    <time>2026-07-26T08:29:50Z</time>
   </trkpt>
   <trkpt lat="25.0220300" lon="121.5856350">
    <ele>332.2</ele>
    <time>2026-07-26T08:29:51Z</time>
   </trkpt>
   <trkpt lat="25.0220230" lon="121.5856410">
    <ele>331.9</ele>
    <time>2026-07-26T08:29:52Z</time>
   </trkpt>
   <trkpt lat="25.0220020" lon="121.5856570">
    <ele>331.0</ele>
    <time>2026-07-26T08:29:53Z</time>
   </trkpt>
   <trkpt lat="25.0219910" lon="121.5856680">
    <ele>330.5</ele>
    <time>2026-07-26T08:29:54Z</time>
   </trkpt>
   <trkpt lat="25.0219770" lon="121.5856700">
    <ele>330.1</ele>
    <time>2026-07-26T08:29:55Z</time>
   </trkpt>
   <trkpt lat="25.0219460" lon="121.5856680">
    <ele>329.2</ele>
    <time>2026-07-26T08:29:56Z</time>
   </trkpt>
   <trkpt lat="25.0219170" lon="121.5856630">
    <ele>328.3</ele>
    <time>2026-07-26T08:29:57Z</time>
   </trkpt>
   <trkpt lat="25.0218880" lon="121.5856670">
    <ele>327.6</ele>
    <time>2026-07-26T08:29:58Z</time>
   </trkpt>
   <trkpt lat="25.0218600" lon="121.5856820">
    <ele>326.8</ele>
    <time>2026-07-26T08:29:59Z</time>
   </trkpt>
   <trkpt lat="25.0218400" lon="121.5856880">
    <ele>326.3</ele>
    <time>2026-07-26T08:30:00Z</time>
   </trkpt>
   <trkpt lat="25.0218260" lon="121.5856790">
    <ele>325.9</ele>
    <time>2026-07-26T08:30:01Z</time>
   </trkpt>
   <trkpt lat="25.0218090" lon="121.5856770">
    <ele>325.4</ele>
    <time>2026-07-26T08:30:02Z</time>
   </trkpt>
   <trkpt lat="25.0217860" lon="121.5856710">
    <ele>324.8</ele>
    <time>2026-07-26T08:30:03Z</time>
   </trkpt>
   <trkpt lat="25.0217680" lon="121.5856630">
    <ele>324.2</ele>
    <time>2026-07-26T08:30:04Z</time>
   </trkpt>
   <trkpt lat="25.0217450" lon="121.5856730">
    <ele>323.4</ele>
    <time>2026-07-26T08:30:05Z</time>
   </trkpt>
   <trkpt lat="25.0217330" lon="121.5856870">
    <ele>322.8</ele>
    <time>2026-07-26T08:30:06Z</time>
   </trkpt>
   <trkpt lat="25.0217160" lon="121.5856890">
    <ele>322.2</ele>
    <time>2026-07-26T08:30:07Z</time>
   </trkpt>
   <trkpt lat="25.0217020" lon="121.5856790">
    <ele>321.6</ele>
    <time>2026-07-26T08:30:08Z</time>
   </trkpt>
   <trkpt lat="25.0216890" lon="121.5856790">
    <ele>321.1</ele>
    <time>2026-07-26T08:30:09Z</time>
   </trkpt>
   <trkpt lat="25.0216740" lon="121.5856790">
    <ele>320.6</ele>
    <time>2026-07-26T08:30:10Z</time>
   </trkpt>
   <trkpt lat="25.0216610" lon="121.5856860">
    <ele>320.0</ele>
    <time>2026-07-26T08:30:11Z</time>
   </trkpt>
   <trkpt lat="25.0216530" lon="121.5856870">
    <ele>319.7</ele>
    <time>2026-07-26T08:30:12Z</time>
   </trkpt>
   <trkpt lat="25.0216450" lon="121.5856930">
    <ele>319.4</ele>
    <time>2026-07-26T08:30:13Z</time>
   </trkpt>
   <trkpt lat="25.0216330" lon="121.5856940">
    <ele>318.9</ele>
    <time>2026-07-26T08:30:14Z</time>
   </trkpt>
   <trkpt lat="25.0216210" lon="121.5856930">
    <ele>318.4</ele>
    <time>2026-07-26T08:30:15Z</time>
   </trkpt>
   <trkpt lat="25.0216040" lon="121.5856980">
    <ele>317.8</ele>
    <time>2026-07-26T08:30:16Z</time>
   </trkpt>
   <trkpt lat="25.0215930" lon="121.5856980">
    <ele>317.4</ele>
    <time>2026-07-26T08:30:17Z</time>
   </trkpt>
   <trkpt lat="25.0215830" lon="121.5856920">
    <ele>316.9</ele>
    <time>2026-07-26T08:30:18Z</time>
   </trkpt>
   <trkpt lat="25.0215780" lon="121.5856830">
    <ele>316.6</ele>
    <time>2026-07-26T08:30:19Z</time>
   </trkpt>
   <trkpt lat="25.0215780" lon="121.5856750">
    <ele>316.3</ele>
    <time>2026-07-26T08:30:20Z</time>
   </trkpt>
   <trkpt lat="25.0215730" lon="121.5856760">
    <ele>316.1</ele>
    <time>2026-07-26T08:30:21Z</time>
   </trkpt>
   <trkpt lat="25.0215700" lon="121.5856840">
    <ele>315.8</ele>
    <time>2026-07-26T08:30:22Z</time>
   </trkpt>
   <trkpt lat="25.0215670" lon="121.5856910">
    <ele>315.6</ele>
    <time>2026-07-26T08:30:23Z</time>
   </trkpt>
   <trkpt lat="25.0215670" lon="121.5856970">
    <ele>315.3</ele>
    <time>2026-07-26T08:30:24Z</time>
   </trkpt>
   <trkpt lat="25.0215630" lon="121.5856970">
    <ele>315.1</ele>
    <time>2026-07-26T08:30:25Z</time>
   </trkpt>
   <trkpt lat="25.0215620" lon="121.5856910">
    <ele>314.9</ele>
    <time>2026-07-26T08:30:26Z</time>
   </trkpt>
   <trkpt lat="25.0215670" lon="121.5856840">
    <ele>314.6</ele>
    <time>2026-07-26T08:30:27Z</time>
   </trkpt>
   <trkpt lat="25.0215720" lon="121.5856740">
    <ele>314.2</ele>
    <time>2026-07-26T08:30:28Z</time>
   </trkpt>
   <trkpt lat="25.0215790" lon="121.5856660">
    <ele>313.9</ele>
    <time>2026-07-26T08:30:29Z</time>
   </trkpt>
   <trkpt lat="25.0215840" lon="121.5856580">
    <ele>313.5</ele>
    <time>2026-07-26T08:30:30Z</time>
   </trkpt>
   <trkpt lat="25.0215920" lon="121.5856480">
    <ele>313.1</ele>
    <time>2026-07-26T08:30:31Z</time>
   </trkpt>
   <trkpt lat="25.0215920" lon="121.5856370">
    <ele>312.7</ele>
    <time>2026-07-26T08:30:32Z</time>
   </trkpt>
   <trkpt lat="25.0215970" lon="121.5856250">
    <ele>312.2</ele>
    <time>2026-07-26T08:30:33Z</time>
   </trkpt>
   <trkpt lat="25.0216070" lon="121.5856180">
    <ele>311.8</ele>
    <time>2026-07-26T08:30:34Z</time>
   </trkpt>
   <trkpt lat="25.0216100" lon="121.5856160">
    <ele>311.6</ele>
    <time>2026-07-26T08:30:35Z</time>
   </trkpt>
   <trkpt lat="25.0216020" lon="121.5856090">
    <ele>311.2</ele>
    <time>2026-07-26T08:30:36Z</time>
   </trkpt>
   <trkpt lat="25.0216060" lon="121.5856030">
    <ele>310.9</ele>
    <time>2026-07-26T08:30:37Z</time>
   </trkpt>
   <trkpt lat="25.0216110" lon="121.5855990">
    <ele>310.7</ele>
    <time>2026-07-26T08:30:38Z</time>
   </trkpt>
   <trkpt lat="25.0216230" lon="121.5856000">
    <ele>310.2</ele>
    <time>2026-07-26T08:30:39Z</time>
   </trkpt>
   <trkpt lat="25.0216300" lon="121.5855930">
    <ele>309.8</ele>
    <time>2026-07-26T08:30:40Z</time>
   </trkpt>
   <trkpt lat="25.0216400" lon="121.5855840">
    <ele>309.2</ele>
    <time>2026-07-26T08:30:41Z</time>
   </trkpt>
   <trkpt lat="25.0216510" lon="121.5855720">
    <ele>308.6</ele>
    <time>2026-07-26T08:30:42Z</time>
   </trkpt>
   <trkpt lat="25.0216560" lon="121.5855670">
    <ele>308.3</ele>
    <time>2026-07-26T08:30:43Z</time>
   </trkpt>
   <trkpt lat="25.0216540" lon="121.5855650">
    <ele>308.2</ele>
    <time>2026-07-26T08:30:44Z</time>
   </trkpt>
   <trkpt lat="25.0216600" lon="121.5855560">
    <ele>307.8</ele>
    <time>2026-07-26T08:30:45Z</time>
   </trkpt>
   <trkpt lat="25.0216680" lon="121.5855460">
    <ele>307.2</ele>
    <time>2026-07-26T08:30:46Z</time>
   </trkpt>
   <trkpt lat="25.0216820" lon="121.5855230">
    <ele>306.2</ele>
    <time>2026-07-26T08:30:47Z</time>
   </trkpt>
   <trkpt lat="25.0216900" lon="121.5855190">
    <ele>305.8</ele>
    <time>2026-07-26T08:30:48Z</time>
   </trkpt>
   <trkpt lat="25.0216900" lon="121.5855060">
    <ele>305.4</ele>
    <time>2026-07-26T08:30:49Z</time>
   </trkpt>
   <trkpt lat="25.0216940" lon="121.5855000">
    <ele>305.1</ele>
    <time>2026-07-26T08:30:50Z</time>
   </trkpt>
   <trkpt lat="25.0217000" lon="121.5854920">
    <ele>304.8</ele>
    <time>2026-07-26T08:30:51Z</time>
   </trkpt>
   <trkpt lat="25.0217070" lon="121.5854710">
    <ele>304.0</ele>
    <time>2026-07-26T08:30:52Z</time>
   </trkpt>
   <trkpt lat="25.0217080" lon="121.5854640">
    <ele>303.8</ele>
    <time>2026-07-26T08:30:53Z</time>
   </trkpt>
   <trkpt lat="25.0217100" lon="121.5854530">
    <ele>303.5</ele>
    <time>2026-07-26T08:30:54Z</time>
   </trkpt>
   <trkpt lat="25.0217090" lon="121.5854470">
    <ele>303.3</ele>
    <time>2026-07-26T08:30:55Z</time>
   </trkpt>
   <trkpt lat="25.0217010" lon="121.5854450">
    <ele>303.0</ele>
    <time>2026-07-26T08:30:56Z</time>
   </trkpt>
   <trkpt lat="25.0216910" lon="121.5854350">
    <ele>302.6</ele>
    <time>2026-07-26T08:30:57Z</time>
   </trkpt>
   <trkpt lat="25.0216970" lon="121.5854460">
    <ele>302.2</ele>
    <time>2026-07-26T08:30:58Z</time>
   </trkpt>
   <trkpt lat="25.0216930" lon="121.5854480">
    <ele>302.0</ele>
    <time>2026-07-26T08:30:59Z</time>
   </trkpt>
   <trkpt lat="25.0216850" lon="121.5854450">
    <ele>301.8</ele>
    <time>2026-07-26T08:31:00Z</time>
   </trkpt>
   <trkpt lat="25.0216840" lon="121.5854450">
    <ele>301.7</ele>
    <time>2026-07-26T08:31:01Z</time>
   </trkpt>
   <trkpt lat="25.0216840" lon="121.5854450">
    <ele>301.7</ele>
    <time>2026-07-26T08:31:02Z</time>
   </trkpt>
   <trkpt lat="25.0216840" lon="121.5854440">
    <ele>301.7</ele>
    <time>2026-07-26T08:31:03Z</time>
   </trkpt>
   <trkpt lat="25.0216870" lon="121.5854390">
    <ele>301.5</ele>
    <time>2026-07-26T08:31:04Z</time>
   </trkpt>
   <trkpt lat="25.0216870" lon="121.5854300">
    <ele>301.3</ele>
    <time>2026-07-26T08:31:05Z</time>
   </trkpt>
   <trkpt lat="25.0216790" lon="121.5854120">
    <ele>301.0</ele>
    <time>2026-07-26T08:31:06Z</time>
   </trkpt>
   <trkpt lat="25.0216780" lon="121.5854020">
    <ele>300.9</ele>
    <time>2026-07-26T08:31:07Z</time>
   </trkpt>
   <trkpt lat="25.0216900" lon="121.5853960">
    <ele>300.7</ele>
    <time>2026-07-26T08:31:08Z</time>
   </trkpt>
   <trkpt lat="25.0216920" lon="121.5853780">
    <ele>300.5</ele>
    <time>2026-07-26T08:31:09Z</time>
   </trkpt>
   <trkpt lat="25.0216930" lon="121.5853580">
    <ele>300.3</ele>
    <time>2026-07-26T08:31:10Z</time>
   </trkpt>
   <trkpt lat="25.0216910" lon="121.5853200">
    <ele>299.9</ele>
    <time>2026-07-26T08:31:11Z</time>
   </trkpt>
   <trkpt lat="25.0217070" lon="121.5853020">
    <ele>299.7</ele>
    <time>2026-07-26T08:31:12Z</time>
   </trkpt>
   <trkpt lat="25.0217110" lon="121.5852870">
    <ele>299.6</ele>
    <time>2026-07-26T08:31:13Z</time>
   </trkpt>
   <trkpt lat="25.0217100" lon="121.5852500">
    <ele>299.4</ele>
    <time>2026-07-26T08:31:14Z</time>
   </trkpt>
   <trkpt lat="25.0217170" lon="121.5852100">
    <ele>299.1</ele>
    <time>2026-07-26T08:31:15Z</time>
   </trkpt>
   <trkpt lat="25.0217130" lon="121.5851810">
    <ele>299.0</ele>
    <time>2026-07-26T08:31:16Z</time>
   </trkpt>
   <trkpt lat="25.0217240" lon="121.5851590">
    <ele>298.9</ele>
    <time>2026-07-26T08:31:17Z</time>
   </trkpt>
   <trkpt lat="25.0217280" lon="121.5851460">
    <ele>298.8</ele>
    <time>2026-07-26T08:31:18Z</time>
   </trkpt>
   <trkpt lat="25.0217170" lon="121.5851390">
    <ele>298.8</ele>
    <time>2026-07-26T08:31:19Z</time>
   </trkpt>
   <trkpt lat="25.0217190" lon="121.5851260">
    <ele>298.7</ele>
    <time>2026-07-26T08:31:20Z</time>
   </trkpt>
   <trkpt lat="25.0217170" lon="121.5851080">
    <ele>298.6</ele>
    <time>2026-07-26T08:31:21Z</time>
   </trkpt>
   <trkpt lat="25.0217190" lon="121.5851030">
    <ele>298.6</ele>
    <time>2026-07-26T08:31:22Z</time>
   </trkpt>
   <trkpt lat="25.0217210" lon="121.5850820">
    <ele>298.5</ele>
    <time>2026-07-26T08:31:23Z</time>
   </trkpt>
   <trkpt lat="25.0217270" lon="121.5850560">
    <ele>298.4</ele>
    <time>2026-07-26T08:31:24Z</time>
   </trkpt>
   <trkpt lat="25.0217220" lon="121.5850470">
    <ele>298.4</ele>
    <time>2026-07-26T08:31:25Z</time>
   </trkpt>
   <trkpt lat="25.0217160" lon="121.5850390">
    <ele>298.3</ele>
    <time>2026-07-26T08:31:26Z</time>
   </trkpt>
   <trkpt lat="25.0216990" lon="121.5850220">
    <ele>298.2</ele>
    <time>2026-07-26T08:31:27Z</time>
   </trkpt>
   <trkpt lat="25.0216830" lon="121.5850080">
    <ele>298.1</ele>
    <time>2026-07-26T08:31:28Z</time>
   </trkpt>
   <trkpt lat="25.0216730" lon="121.5849890">
    <ele>298.0</ele>
    <time>2026-07-26T08:31:29Z</time>
   </trkpt>
   <trkpt lat="25.0216590" lon="121.5849790">
    <ele>298.0</ele>
    <time>2026-07-26T08:31:30Z</time>
   </trkpt>
   <trkpt lat="25.0216490" lon="121.5849690">
    <ele>297.9</ele>
    <time>2026-07-26T08:31:31Z</time>
   </trkpt>
   <trkpt lat="25.0216420" lon="121.5849510">
    <ele>297.9</ele>
    <time>2026-07-26T08:31:32Z</time>
   </trkpt>
   <trkpt lat="25.0216410" lon="121.5849350">
    <ele>297.8</ele>
    <time>2026-07-26T08:31:33Z</time>
   </trkpt>
   <trkpt lat="25.0216430" lon="121.5849260">
    <ele>297.8</ele>
    <time>2026-07-26T08:31:34Z</time>
   </trkpt>
   <trkpt lat="25.0216350" lon="121.5849180">
    <ele>297.8</ele>
    <time>2026-07-26T08:31:35Z</time>
   </trkpt>
   <trkpt lat="25.0216370" lon="121.5849070">
    <ele>297.7</ele>
    <time>2026-07-26T08:31:36Z</time>
   </trkpt>
   <trkpt lat="25.0216320" lon="121.5848950">
    <ele>297.7</ele>
    <time>2026-07-26T08:31:37Z</time>
   </trkpt>
   <trkpt lat="25.0216360" lon="121.5848880">
    <ele>297.7</ele>
    <time>2026-07-26T08:31:38Z</time>
   </trkpt>
   <trkpt lat="25.0216290" lon="121.5848770">
    <ele>297.7</ele>
    <time>2026-07-26T08:31:39Z</time>
   </trkpt>
   <trkpt lat="25.0216170" lon="121.5848680">
    <ele>297.6</ele>
    <time>2026-07-26T08:31:40Z</time>
   </trkpt>
   <trkpt lat="25.0216090" lon="121.5848630">
    <ele>297.6</ele>
    <time>2026-07-26T08:31:41Z</time>
   </trkpt>
   <trkpt lat="25.0215930" lon="121.5848580">
    <ele>297.5</ele>
    <time>2026-07-26T08:31:42Z</time>
   </trkpt>
   <trkpt lat="25.0215810" lon="121.5848470">
    <ele>297.5</ele>
    <time>2026-07-26T08:31:43Z</time>
   </trkpt>
   <trkpt lat="25.0215730" lon="121.5848430">
    <ele>297.5</ele>
    <time>2026-07-26T08:31:44Z</time>
   </trkpt>
   <trkpt lat="25.0215630" lon="121.5848450">
    <ele>297.4</ele>
    <time>2026-07-26T08:31:45Z</time>
   </trkpt>
   <trkpt lat="25.0215510" lon="121.5848360">
    <ele>297.4</ele>
    <time>2026-07-26T08:31:46Z</time>
   </trkpt>
   <trkpt lat="25.0215440" lon="121.5848310">
    <ele>297.3</ele>
    <time>2026-07-26T08:31:47Z</time>
   </trkpt>
   <trkpt lat="25.0215330" lon="121.5848280">
    <ele>297.3</ele>
    <time>2026-07-26T08:31:48Z</time>
   </trkpt>
   <trkpt lat="25.0215220" lon="121.5848280">
    <ele>297.3</ele>
    <time>2026-07-26T08:31:49Z</time>
   </trkpt>
   <trkpt lat="25.0215040" lon="121.5848150">
    <ele>297.2</ele>
    <time>2026-07-26T08:31:50Z</time>
   </trkpt>
   <trkpt lat="25.0214880" lon="121.5848110">
    <ele>297.2</ele>
    <time>2026-07-26T08:31:51Z</time>
   </trkpt>
   <trkpt lat="25.0214710" lon="121.5848070">
    <ele>297.1</ele>
    <time>2026-07-26T08:31:52Z</time>
   </trkpt>
   <trkpt lat="25.0214680" lon="121.5848080">
    <ele>297.1</ele>
    <time>2026-07-26T08:31:53Z</time>
   </trkpt>
   <trkpt lat="25.0214600" lon="121.5848040">
    <ele>297.1</ele>
    <time>2026-07-26T08:31:54Z</time>
   </trkpt>
   <trkpt lat="25.0214490" lon="121.5847960">
    <ele>297.0</ele>
    <time>2026-07-26T08:31:55Z</time>
   </trkpt>
   <trkpt lat="25.0214370" lon="121.5847810">
    <ele>297.0</ele>
    <time>2026-07-26T08:31:56Z</time>
   </trkpt>
   <trkpt lat="25.0214190" lon="121.5847690">
    <ele>296.9</ele>
    <time>2026-07-26T08:31:57Z</time>
   </trkpt>
   <trkpt lat="25.0214080" lon="121.5847620">
    <ele>296.8</ele>
    <time>2026-07-26T08:31:58Z</time>
   </trkpt>
   <trkpt lat="25.0213930" lon="121.5847550">
    <ele>296.8</ele>
    <time>2026-07-26T08:31:59Z</time>
   </trkpt>
   <trkpt lat="25.0213740" lon="121.5847480">
    <ele>296.7</ele>
    <time>2026-07-26T08:32:00Z</time>
   </trkpt>
   <trkpt lat="25.0213580" lon="121.5847390">
    <ele>296.6</ele>
    <time>2026-07-26T08:32:01Z</time>
   </trkpt>
   <trkpt lat="25.0213410" lon="121.5847290">
    <ele>296.4</ele>
    <time>2026-07-26T08:32:02Z</time>
   </trkpt>
   <trkpt lat="25.0213300" lon="121.5847200">
    <ele>296.3</ele>
    <time>2026-07-26T08:32:03Z</time>
   </trkpt>
   <trkpt lat="25.0213180" lon="121.5847190">
    <ele>296.2</ele>
    <time>2026-07-26T08:32:04Z</time>
   </trkpt>
   <trkpt lat="25.0213100" lon="121.5847070">
    <ele>296.1</ele>
    <time>2026-07-26T08:32:05Z</time>
   </trkpt>
   <trkpt lat="25.0213000" lon="121.5846980">
    <ele>296.0</ele>
    <time>2026-07-26T08:32:06Z</time>
   </trkpt>
   <trkpt lat="25.0212910" lon="121.5846890">
    <ele>295.9</ele>
    <time>2026-07-26T08:32:07Z</time>
   </trkpt>
   <trkpt lat="25.0212870" lon="121.5846780">
    <ele>295.8</ele>
    <time>2026-07-26T08:32:08Z</time>
   </trkpt>
   <trkpt lat="25.0212800" lon="121.5846720">
    <ele>295.7</ele>
    <time>2026-07-26T08:32:09Z</time>
   </trkpt>
   <trkpt lat="25.0212730" lon="121.5846600">
    <ele>295.6</ele>
    <time>2026-07-26T08:32:10Z</time>
   </trkpt>
   <trkpt lat="25.0212680" lon="121.5846450">
    <ele>295.5</ele>
    <time>2026-07-26T08:32:11Z</time>
   </trkpt>
   <trkpt lat="25.0212570" lon="121.5846360">
    <ele>295.3</ele>
    <time>2026-07-26T08:32:12Z</time>
   </trkpt>
   <trkpt lat="25.0212440" lon="121.5846300">
    <ele>295.2</ele>
    <time>2026-07-26T08:32:13Z</time>
   </trkpt>
   <trkpt lat="25.0212340" lon="121.5846240">
    <ele>295.1</ele>
    <time>2026-07-26T08:32:14Z</time>
   </trkpt>
   <trkpt lat="25.0212230" lon="121.5846190">
    <ele>295.0</ele>
    <time>2026-07-26T08:32:15Z</time>
   </trkpt>
   <trkpt lat="25.0212050" lon="121.5846090">
    <ele>294.8</ele>
    <time>2026-07-26T08:32:16Z</time>
   </trkpt>
   <trkpt lat="25.0211900" lon="121.5846010">
    <ele>294.6</ele>
    <time>2026-07-26T08:32:17Z</time>
   </trkpt>
   <trkpt lat="25.0211680" lon="121.5845870">
    <ele>294.4</ele>
    <time>2026-07-26T08:32:18Z</time>
   </trkpt>
   <trkpt lat="25.0211380" lon="121.5845710">
    <ele>294.2</ele>
    <time>2026-07-26T08:32:19Z</time>
   </trkpt>
   <trkpt lat="25.0211090" lon="121.5845600">
    <ele>294.0</ele>
    <time>2026-07-26T08:32:20Z</time>
   </trkpt>
   <trkpt lat="25.0210820" lon="121.5845520">
    <ele>293.9</ele>
    <time>2026-07-26T08:32:21Z</time>
   </trkpt>
   <trkpt lat="25.0210530" lon="121.5845350">
    <ele>293.8</ele>
    <time>2026-07-26T08:32:22Z</time>
   </trkpt>
   <trkpt lat="25.0210370" lon="121.5845110">
    <ele>293.8</ele>
    <time>2026-07-26T08:32:23Z</time>
   </trkpt>
   <trkpt lat="25.0210120" lon="121.5844990">
    <ele>293.8</ele>
    <time>2026-07-26T08:32:24Z</time>
   </trkpt>
   <trkpt lat="25.0209920" lon="121.5844970">
    <ele>293.7</ele>
    <time>2026-07-26T08:32:25Z</time>
   </trkpt>
   <trkpt lat="25.0209820" lon="121.5844940">
    <ele>293.7</ele>
    <time>2026-07-26T08:32:26Z</time>
   </trkpt>
   <trkpt lat="25.0209710" lon="121.5844970">
    <ele>293.7</ele>
    <time>2026-07-26T08:32:27Z</time>
   </trkpt>
   <trkpt lat="25.0209560" lon="121.5844890">
    <ele>293.7</ele>
    <time>2026-07-26T08:32:28Z</time>
   </trkpt>
   <trkpt lat="25.0209400" lon="121.5844800">
    <ele>293.7</ele>
    <time>2026-07-26T08:32:29Z</time>
   </trkpt>
   <trkpt lat="25.0209290" lon="121.5844650">
    <ele>293.7</ele>
    <time>2026-07-26T08:32:30Z</time>
   </trkpt>
   <trkpt lat="25.0209210" lon="121.5844500">
    <ele>293.7</ele>
    <time>2026-07-26T08:32:31Z</time>
   </trkpt>
   <trkpt lat="25.0209120" lon="121.5844430">
    <ele>293.7</ele>
    <time>2026-07-26T08:32:32Z</time>
   </trkpt>
   <trkpt lat="25.0209040" lon="121.5844360">
    <ele>293.6</ele>
    <time>2026-07-26T08:32:33Z</time>
   </trkpt>
   <trkpt lat="25.0208930" lon="121.5844300">
    <ele>293.6</ele>
    <time>2026-07-26T08:32:34Z</time>
   </trkpt>
   <trkpt lat="25.0208830" lon="121.5844250">
    <ele>293.6</ele>
    <time>2026-07-26T08:32:35Z</time>
   </trkpt>
   <trkpt lat="25.0208730" lon="121.5844180">
    <ele>293.6</ele>
    <time>2026-07-26T08:32:36Z</time>
   </trkpt>
   <trkpt lat="25.0208630" lon="121.5844090">
    <ele>293.5</ele>
    <time>2026-07-26T08:32:37Z</time>
   </trkpt>
   <trkpt lat="25.0208550" lon="121.5844040">
    <ele>293.5</ele>
    <time>2026-07-26T08:32:38Z</time>
   </trkpt>
   <trkpt lat="25.0208440" lon="121.5843960">
    <ele>293.5</ele>
    <time>2026-07-26T08:32:39Z</time>
   </trkpt>
   <trkpt lat="25.0208320" lon="121.5843910">
    <ele>293.4</ele>
    <time>2026-07-26T08:32:40Z</time>
   </trkpt>
   <trkpt lat="25.0208220" lon="121.5843830">
    <ele>293.4</ele>
    <time>2026-07-26T08:32:41Z</time>
   </trkpt>
   <trkpt lat="25.0208140" lon="121.5843790">
    <ele>293.4</ele>
    <time>2026-07-26T08:32:42Z</time>
   </trkpt>
   <trkpt lat="25.0208050" lon="121.5843720">
    <ele>293.3</ele>
    <time>2026-07-26T08:32:43Z</time>
   </trkpt>
   <trkpt lat="25.0207970" lon="121.5843680">
    <ele>293.3</ele>
    <time>2026-07-26T08:32:44Z</time>
   </trkpt>
   <trkpt lat="25.0207840" lon="121.5843640">
    <ele>293.2</ele>
    <time>2026-07-26T08:32:45Z</time>
   </trkpt>
   <trkpt lat="25.0207660" lon="121.5843620">
    <ele>293.2</ele>
    <time>2026-07-26T08:32:46Z</time>
   </trkpt>
   <trkpt lat="25.0207520" lon="121.5843590">
    <ele>293.2</ele>
    <time>2026-07-26T08:32:47Z</time>
   </trkpt>
   <trkpt lat="25.0207430" lon="121.5843530">
    <ele>293.1</ele>
    <time>2026-07-26T08:32:48Z</time>
   </trkpt>
   <trkpt lat="25.0207280" lon="121.5843490">
    <ele>293.1</ele>
    <time>2026-07-26T08:32:49Z</time>
   </trkpt>
   <trkpt lat="25.0207190" lon="121.5843460">
    <ele>293.1</ele>
    <time>2026-07-26T08:32:50Z</time>
   </trkpt>
   <trkpt lat="25.0207110" lon="121.5843390">
    <ele>293.0</ele>
    <time>2026-07-26T08:32:51Z</time>
   </trkpt>
   <trkpt lat="25.0207040" lon="121.5843330">
    <ele>293.0</ele>
    <time>2026-07-26T08:32:52Z</time>
   </trkpt>
   <trkpt lat="25.0206950" lon="121.5843270">
    <ele>293.0</ele>
    <time>2026-07-26T08:32:53Z</time>
   </trkpt>
   <trkpt lat="25.0206860" lon="121.5843150">
    <ele>292.9</ele>
    <time>2026-07-26T08:32:54Z</time>
   </trkpt>
   <trkpt lat="25.0206770" lon="121.5843100">
    <ele>292.9</ele>
    <time>2026-07-26T08:32:55Z</time>
   </trkpt>
   <trkpt lat="25.0206620" lon="121.5842990">
    <ele>292.9</ele>
    <time>2026-07-26T08:32:56Z</time>
   </trkpt>
   <trkpt lat="25.0206580" lon="121.5842930">
    <ele>292.9</ele>
    <time>2026-07-26T08:32:57Z</time>
   </trkpt>
   <trkpt lat="25.0206510" lon="121.5842890">
    <ele>292.9</ele>
    <time>2026-07-26T08:32:58Z</time>
   </trkpt>
   <trkpt lat="25.0206470" lon="121.5842840">
    <ele>292.9</ele>
    <time>2026-07-26T08:32:59Z</time>
   </trkpt>
   <trkpt lat="25.0206400" lon="121.5842790">
    <ele>292.9</ele>
    <time>2026-07-26T08:33:00Z</time>
   </trkpt>
   <trkpt lat="25.0206390" lon="121.5842800">
    <ele>292.9</ele>
    <time>2026-07-26T08:33:01Z</time>
   </trkpt>
   <trkpt lat="25.0206380" lon="121.5842840">
    <ele>292.9</ele>
    <time>2026-07-26T08:33:02Z</time>
   </trkpt>
   <trkpt lat="25.0206390" lon="121.5842750">
    <ele>292.9</ele>
    <time>2026-07-26T08:33:03Z</time>
   </trkpt>
   <trkpt lat="25.0206370" lon="121.5842750">
    <ele>292.9</ele>
    <time>2026-07-26T08:33:04Z</time>
   </trkpt>
   <trkpt lat="25.0206360" lon="121.5842830">
    <ele>292.9</ele>
    <time>2026-07-26T08:33:05Z</time>
   </trkpt>
   <trkpt lat="25.0206320" lon="121.5842880">
    <ele>292.9</ele>
    <time>2026-07-26T08:33:06Z</time>
   </trkpt>
   <trkpt lat="25.0206260" lon="121.5842890">
    <ele>292.9</ele>
    <time>2026-07-26T08:33:07Z</time>
   </trkpt>
   <trkpt lat="25.0206230" lon="121.5842940">
    <ele>292.9</ele>
    <time>2026-07-26T08:33:08Z</time>
   </trkpt>
   <trkpt lat="25.0206270" lon="121.5842910">
    <ele>292.9</ele>
    <time>2026-07-26T08:33:09Z</time>
   </trkpt>
   <trkpt lat="25.0206310" lon="121.5842990">
    <ele>292.9</ele>
    <time>2026-07-26T08:33:10Z</time>
   </trkpt>
   <trkpt lat="25.0206320" lon="121.5843060">
    <ele>292.9</ele>
    <time>2026-07-26T08:33:11Z</time>
   </trkpt>
   <trkpt lat="25.0206330" lon="121.5843080">
    <ele>292.9</ele>
    <time>2026-07-26T08:33:12Z</time>
   </trkpt>
   <trkpt lat="25.0206300" lon="121.5843130">
    <ele>292.9</ele>
    <time>2026-07-26T08:33:13Z</time>
   </trkpt>
   <trkpt lat="25.0206300" lon="121.5843090">
    <ele>292.9</ele>
    <time>2026-07-26T08:33:14Z</time>
   </trkpt>
   <trkpt lat="25.0206320" lon="121.5843050">
    <ele>292.9</ele>
    <time>2026-07-26T08:33:15Z</time>
   </trkpt>
   <trkpt lat="25.0206350" lon="121.5842920">
    <ele>292.9</ele>
    <time>2026-07-26T08:33:16Z</time>
   </trkpt>
   <trkpt lat="25.0206400" lon="121.5842700">
    <ele>292.8</ele>
    <time>2026-07-26T08:33:17Z</time>
   </trkpt>
   <trkpt lat="25.0206390" lon="121.5842780">
    <ele>292.8</ele>
    <time>2026-07-26T08:33:18Z</time>
   </trkpt>
   <trkpt lat="25.0206390" lon="121.5842780">
    <ele>292.8</ele>
    <time>2026-07-26T08:33:19Z</time>
   </trkpt>
   <trkpt lat="25.0206390" lon="121.5842780">
    <ele>292.8</ele>
    <time>2026-07-26T08:33:20Z</time>
   </trkpt>
   <trkpt lat="25.0206390" lon="121.5842780">
    <ele>292.8</ele>
    <time>2026-07-26T08:33:21Z</time>
   </trkpt>
   <trkpt lat="25.0206380" lon="121.5842840">
    <ele>292.8</ele>
    <time>2026-07-26T08:33:22Z</time>
   </trkpt>
   <trkpt lat="25.0206410" lon="121.5842790">
    <ele>292.8</ele>
    <time>2026-07-26T08:33:23Z</time>
   </trkpt>
   <trkpt lat="25.0206410" lon="121.5842830">
    <ele>292.8</ele>
    <time>2026-07-26T08:33:24Z</time>
   </trkpt>
   <trkpt lat="25.0206400" lon="121.5842820">
    <ele>292.8</ele>
    <time>2026-07-26T08:33:25Z</time>
   </trkpt>
   <trkpt lat="25.0206440" lon="121.5842820">
    <ele>292.8</ele>
    <time>2026-07-26T08:33:26Z</time>
   </trkpt>
   <trkpt lat="25.0206450" lon="121.5842820">
    <ele>292.8</ele>
    <time>2026-07-26T08:33:27Z</time>
   </trkpt>
   <trkpt lat="25.0206480" lon="121.5842890">
    <ele>292.8</ele>
    <time>2026-07-26T08:33:28Z</time>
   </trkpt>
   <trkpt lat="25.0206430" lon="121.5842920">
    <ele>292.8</ele>
    <time>2026-07-26T08:33:29Z</time>
   </trkpt>
   <trkpt lat="25.0206340" lon="121.5842920">
    <ele>292.8</ele>
    <time>2026-07-26T08:33:30Z</time>
   </trkpt>
   <trkpt lat="25.0206350" lon="121.5842930">
    <ele>292.8</ele>
    <time>2026-07-26T08:33:31Z</time>
   </trkpt>
   <trkpt lat="25.0206220" lon="121.5842790">
    <ele>292.8</ele>
    <time>2026-07-26T08:33:32Z</time>
   </trkpt>
   <trkpt lat="25.0206040" lon="121.5842600">
    <ele>292.8</ele>
    <time>2026-07-26T08:33:33Z</time>
   </trkpt>
   <trkpt lat="25.0205920" lon="121.5842450">
    <ele>292.8</ele>
    <time>2026-07-26T08:33:34Z</time>
   </trkpt>
   <trkpt lat="25.0205800" lon="121.5842320">
    <ele>292.7</ele>
    <time>2026-07-26T08:33:35Z</time>
   </trkpt>
   <trkpt lat="25.0205750" lon="121.5842270">
    <ele>292.7</ele>
    <time>2026-07-26T08:33:36Z</time>
   </trkpt>
   <trkpt lat="25.0205690" lon="121.5842200">
    <ele>292.6</ele>
    <time>2026-07-26T08:33:37Z</time>
   </trkpt>
   <trkpt lat="25.0205630" lon="121.5842160">
    <ele>292.3</ele>
    <time>2026-07-26T08:33:38Z</time>
   </trkpt>
   <trkpt lat="25.0205610" lon="121.5842160">
    <ele>292.3</ele>
    <time>2026-07-26T08:33:39Z</time>
   </trkpt>
   <trkpt lat="25.0205530" lon="121.5842110">
    <ele>291.9</ele>
    <time>2026-07-26T08:33:40Z</time>
   </trkpt>
   <trkpt lat="25.0205400" lon="121.5842080">
    <ele>291.5</ele>
    <time>2026-07-26T08:33:41Z</time>
   </trkpt>
   <trkpt lat="25.0205290" lon="121.5841930">
    <ele>290.9</ele>
    <time>2026-07-26T08:33:42Z</time>
   </trkpt>
   <trkpt lat="25.0205150" lon="121.5841840">
    <ele>290.3</ele>
    <time>2026-07-26T08:33:43Z</time>
   </trkpt>
   <trkpt lat="25.0205020" lon="121.5841750">
    <ele>289.8</ele>
    <time>2026-07-26T08:33:44Z</time>
   </trkpt>
   <trkpt lat="25.0204790" lon="121.5841650">
    <ele>288.9</ele>
    <time>2026-07-26T08:33:45Z</time>
   </trkpt>
   <trkpt lat="25.0204590" lon="121.5841420">
    <ele>288.2</ele>
    <time>2026-07-26T08:33:46Z</time>
   </trkpt>
   <trkpt lat="25.0204290" lon="121.5841150">
    <ele>287.8</ele>
    <time>2026-07-26T08:33:47Z</time>
   </trkpt>
   <trkpt lat="25.0204100" lon="121.5840920">
    <ele>287.6</ele>
    <time>2026-07-26T08:33:48Z</time>
   </trkpt>
   <trkpt lat="25.0203910" lon="121.5840750">
    <ele>287.4</ele>
    <time>2026-07-26T08:33:49Z</time>
   </trkpt>
   <trkpt lat="25.0203690" lon="121.5840530">
    <ele>287.1</ele>
    <time>2026-07-26T08:33:50Z</time>
   </trkpt>
   <trkpt lat="25.0203480" lon="121.5840260">
    <ele>286.8</ele>
    <time>2026-07-26T08:33:51Z</time>
   </trkpt>
   <trkpt lat="25.0203270" lon="121.5840080">
    <ele>286.5</ele>
    <time>2026-07-26T08:33:52Z</time>
   </trkpt>
   <trkpt lat="25.0203030" lon="121.5839890">
    <ele>286.2</ele>
    <time>2026-07-26T08:33:53Z</time>
   </trkpt>
   <trkpt lat="25.0202680" lon="121.5839770">
    <ele>285.8</ele>
    <time>2026-07-26T08:33:54Z</time>
   </trkpt>
   <trkpt lat="25.0202230" lon="121.5839850">
    <ele>285.1</ele>
    <time>2026-07-26T08:33:55Z</time>
   </trkpt>
   <trkpt lat="25.0201970" lon="121.5839580">
    <ele>284.3</ele>
    <time>2026-07-26T08:33:56Z</time>
   </trkpt>
   <trkpt lat="25.0201810" lon="121.5839420">
    <ele>283.8</ele>
    <time>2026-07-26T08:33:57Z</time>
   </trkpt>
   <trkpt lat="25.0201800" lon="121.5839300">
    <ele>283.5</ele>
    <time>2026-07-26T08:33:58Z</time>
   </trkpt>
   <trkpt lat="25.0201840" lon="121.5839050">
    <ele>283.0</ele>
    <time>2026-07-26T08:33:59Z</time>
   </trkpt>
   <trkpt lat="25.0201830" lon="121.5838840">
    <ele>282.5</ele>
    <time>2026-07-26T08:34:00Z</time>
   </trkpt>
   <trkpt lat="25.0201800" lon="121.5838790">
    <ele>282.4</ele>
    <time>2026-07-26T08:34:01Z</time>
   </trkpt>
   <trkpt lat="25.0201930" lon="121.5838670">
    <ele>282.0</ele>
    <time>2026-07-26T08:34:02Z</time>
   </trkpt>
   <trkpt lat="25.0201920" lon="121.5838470">
    <ele>281.5</ele>
    <time>2026-07-26T08:34:03Z</time>
   </trkpt>
   <trkpt lat="25.0201950" lon="121.5838240">
    <ele>280.9</ele>
    <time>2026-07-26T08:34:04Z</time>
   </trkpt>
   <trkpt lat="25.0202090" lon="121.5838140">
    <ele>280.4</ele>
    <time>2026-07-26T08:34:05Z</time>
   </trkpt>
   <trkpt lat="25.0202160" lon="121.5837960">
    <ele>279.9</ele>
    <time>2026-07-26T08:34:06Z</time>
   </trkpt>
   <trkpt lat="25.0202280" lon="121.5837900">
    <ele>279.5</ele>
    <time>2026-07-26T08:34:07Z</time>
   </trkpt>
   <trkpt lat="25.0202360" lon="121.5837900">
    <ele>279.3</ele>
    <time>2026-07-26T08:34:08Z</time>
   </trkpt>
   <trkpt lat="25.0202390" lon="121.5837950">
    <ele>279.2</ele>
    <time>2026-07-26T08:34:09Z</time>
   </trkpt>
   <trkpt lat="25.0202400" lon="121.5837890">
    <ele>279.0</ele>
    <time>2026-07-26T08:34:10Z</time>
   </trkpt>
   <trkpt lat="25.0202430" lon="121.5837780">
    <ele>278.7</ele>
    <time>2026-07-26T08:34:11Z</time>
   </trkpt>
   <trkpt lat="25.0202530" lon="121.5837640">
    <ele>278.2</ele>
    <time>2026-07-26T08:34:12Z</time>
   </trkpt>
   <trkpt lat="25.0202560" lon="121.5837560">
    <ele>278.0</ele>
    <time>2026-07-26T08:34:13Z</time>
   </trkpt>
   <trkpt lat="25.0202590" lon="121.5837490">
    <ele>277.8</ele>
    <time>2026-07-26T08:34:14Z</time>
   </trkpt>
   <trkpt lat="25.0202600" lon="121.5837480">
    <ele>277.8</ele>
    <time>2026-07-26T08:34:15Z</time>
   </trkpt>
   <trkpt lat="25.0202600" lon="121.5837490">
    <ele>277.8</ele>
    <time>2026-07-26T08:34:16Z</time>
   </trkpt>
   <trkpt lat="25.0202650" lon="121.5837520">
    <ele>277.6</ele>
    <time>2026-07-26T08:34:17Z</time>
   </trkpt>
   <trkpt lat="25.0202650" lon="121.5837450">
    <ele>277.4</ele>
    <time>2026-07-26T08:34:18Z</time>
   </trkpt>
   <trkpt lat="25.0202640" lon="121.5837450">
    <ele>277.4</ele>
    <time>2026-07-26T08:34:19Z</time>
   </trkpt>
   <trkpt lat="25.0202690" lon="121.5837490">
    <ele>277.2</ele>
    <time>2026-07-26T08:34:20Z</time>
   </trkpt>
   <trkpt lat="25.0202740" lon="121.5837500">
    <ele>277.1</ele>
    <time>2026-07-26T08:34:21Z</time>
   </trkpt>
   <trkpt lat="25.0202770" lon="121.5837420">
    <ele>276.8</ele>
    <time>2026-07-26T08:34:22Z</time>
   </trkpt>
   <trkpt lat="25.0202760" lon="121.5837350">
    <ele>276.7</ele>
    <time>2026-07-26T08:34:23Z</time>
   </trkpt>
   <trkpt lat="25.0202770" lon="121.5837280">
    <ele>276.5</ele>
    <time>2026-07-26T08:34:24Z</time>
   </trkpt>
   <trkpt lat="25.0202770" lon="121.5837250">
    <ele>276.4</ele>
    <time>2026-07-26T08:34:25Z</time>
   </trkpt>
   <trkpt lat="25.0202790" lon="121.5837250">
    <ele>276.4</ele>
    <time>2026-07-26T08:34:26Z</time>
   </trkpt>
   <trkpt lat="25.0202780" lon="121.5837260">
    <ele>276.3</ele>
    <time>2026-07-26T08:34:27Z</time>
   </trkpt>
   <trkpt lat="25.0202770" lon="121.5837320">
    <ele>276.1</ele>
    <time>2026-07-26T08:34:28Z</time>
   </trkpt>
   <trkpt lat="25.0202740" lon="121.5837360">
    <ele>276.0</ele>
    <time>2026-07-26T08:34:29Z</time>
   </trkpt>
   <trkpt lat="25.0202740" lon="121.5837460">
    <ele>275.6</ele>
    <time>2026-07-26T08:34:30Z</time>
   </trkpt>
   <trkpt lat="25.0202730" lon="121.5837500">
    <ele>275.5</ele>
    <time>2026-07-26T08:34:31Z</time>
   </trkpt>
   <trkpt lat="25.0202750" lon="121.5837550">
    <ele>275.3</ele>
    <time>2026-07-26T08:34:32Z</time>
   </trkpt>
   <trkpt lat="25.0202770" lon="121.5837710">
    <ele>274.8</ele>
    <time>2026-07-26T08:34:33Z</time>
   </trkpt>
   <trkpt lat="25.0202780" lon="121.5837720">
    <ele>274.8</ele>
    <time>2026-07-26T08:34:34Z</time>
   </trkpt>
   <trkpt lat="25.0202780" lon="121.5837730">
    <ele>274.7</ele>
    <time>2026-07-26T08:34:35Z</time>
   </trkpt>
   <trkpt lat="25.0202700" lon="121.5837680">
    <ele>274.4</ele>
    <time>2026-07-26T08:34:36Z</time>
   </trkpt>
   <trkpt lat="25.0202680" lon="121.5837750">
    <ele>274.2</ele>
    <time>2026-07-26T08:34:37Z</time>
   </trkpt>
   <trkpt lat="25.0202710" lon="121.5837750">
    <ele>274.1</ele>
    <time>2026-07-26T08:34:38Z</time>
   </trkpt>
   <trkpt lat="25.0202730" lon="121.5837690">
    <ele>273.9</ele>
    <time>2026-07-26T08:34:39Z</time>
   </trkpt>
   <trkpt lat="25.0202750" lon="121.5837650">
    <ele>273.7</ele>
    <time>2026-07-26T08:34:40Z</time>
   </trkpt>
   <trkpt lat="25.0202720" lon="121.5837650">
    <ele>273.6</ele>
    <time>2026-07-26T08:34:41Z</time>
   </trkpt>
   <trkpt lat="25.0202710" lon="121.5837660">
    <ele>273.6</ele>
    <time>2026-07-26T08:34:42Z</time>
   </trkpt>
   <trkpt lat="25.0202710" lon="121.5837630">
    <ele>273.5</ele>
    <time>2026-07-26T08:34:43Z</time>
   </trkpt>
   <trkpt lat="25.0202690" lon="121.5837540">
    <ele>273.2</ele>
    <time>2026-07-26T08:34:44Z</time>
   </trkpt>
   <trkpt lat="25.0202670" lon="121.5837540">
    <ele>273.1</ele>
    <time>2026-07-26T08:34:45Z</time>
   </trkpt>
   <trkpt lat="25.0202680" lon="121.5837550">
    <ele>273.1</ele>
    <time>2026-07-26T08:34:46Z</time>
   </trkpt>
   <trkpt lat="25.0202660" lon="121.5837520">
    <ele>273.0</ele>
    <time>2026-07-26T08:34:47Z</time>
   </trkpt>
   <trkpt lat="25.0202660" lon="121.5837530">
    <ele>272.9</ele>
    <time>2026-07-26T08:34:48Z</time>
   </trkpt>
   <trkpt lat="25.0202650" lon="121.5837490">
    <ele>272.8</ele>
    <time>2026-07-26T08:34:49Z</time>
   </trkpt>
   <trkpt lat="25.0202630" lon="121.5837460">
    <ele>272.7</ele>
    <time>2026-07-26T08:34:50Z</time>
   </trkpt>
   <trkpt lat="25.0202640" lon="121.5837430">
    <ele>272.6</ele>
    <time>2026-07-26T08:34:51Z</time>
   </trkpt>
   <trkpt lat="25.0202640" lon="121.5837390">
    <ele>272.4</ele>
    <time>2026-07-26T08:34:52Z</time>
   </trkpt>
   <trkpt lat="25.0202680" lon="121.5837420">
    <ele>272.3</ele>
    <time>2026-07-26T08:34:53Z</time>
   </trkpt>
   <trkpt lat="25.0202570" lon="121.5837380">
    <ele>271.8</ele>
    <time>2026-07-26T08:34:54Z</time>
   </trkpt>
   <trkpt lat="25.0202550" lon="121.5837550">
    <ele>271.2</ele>
    <time>2026-07-26T08:34:55Z</time>
   </trkpt>
   <trkpt lat="25.0202650" lon="121.5837640">
    <ele>270.7</ele>
    <time>2026-07-26T08:34:56Z</time>
   </trkpt>
   <trkpt lat="25.0202700" lon="121.5837690">
    <ele>270.4</ele>
    <time>2026-07-26T08:34:57Z</time>
   </trkpt>
   <trkpt lat="25.0202670" lon="121.5837720">
    <ele>270.3</ele>
    <time>2026-07-26T08:34:58Z</time>
   </trkpt>
   <trkpt lat="25.0202820" lon="121.5837860">
    <ele>269.5</ele>
    <time>2026-07-26T08:34:59Z</time>
   </trkpt>
   <trkpt lat="25.0202830" lon="121.5838020">
    <ele>268.9</ele>
    <time>2026-07-26T08:35:00Z</time>
   </trkpt>
   <trkpt lat="25.0202870" lon="121.5838030">
    <ele>268.7</ele>
    <time>2026-07-26T08:35:01Z</time>
   </trkpt>
   <trkpt lat="25.0202900" lon="121.5838100">
    <ele>268.4</ele>
    <time>2026-07-26T08:35:02Z</time>
   </trkpt>
   <trkpt lat="25.0202960" lon="121.5838190">
    <ele>268.0</ele>
    <time>2026-07-26T08:35:03Z</time>
   </trkpt>
   <trkpt lat="25.0202960" lon="121.5838280">
    <ele>267.6</ele>
    <time>2026-07-26T08:35:04Z</time>
   </trkpt>
   <trkpt lat="25.0203020" lon="121.5838360">
    <ele>267.2</ele>
    <time>2026-07-26T08:35:05Z</time>
   </trkpt>
   <trkpt lat="25.0203040" lon="121.5838410">
    <ele>267.0</ele>
    <time>2026-07-26T08:35:06Z</time>
   </trkpt>
   <trkpt lat="25.0203130" lon="121.5838470">
    <ele>266.5</ele>
    <time>2026-07-26T08:35:07Z</time>
   </trkpt>
   <trkpt lat="25.0203220" lon="121.5838570">
    <ele>266.0</ele>
    <time>2026-07-26T08:35:08Z</time>
   </trkpt>
   <trkpt lat="25.0203370" lon="121.5838450">
    <ele>265.2</ele>
    <time>2026-07-26T08:35:09Z</time>
   </trkpt>
   <trkpt lat="25.0203490" lon="121.5838560">
    <ele>264.5</ele>
    <time>2026-07-26T08:35:10Z</time>
   </trkpt>
   <trkpt lat="25.0203510" lon="121.5838400">
    <ele>263.8</ele>
    <time>2026-07-26T08:35:11Z</time>
   </trkpt>
   <trkpt lat="25.0203510" lon="121.5838400">
    <ele>263.8</ele>
    <time>2026-07-26T08:35:12Z</time>
   </trkpt>
   <trkpt lat="25.0203520" lon="121.5838270">
    <ele>263.3</ele>
    <time>2026-07-26T08:35:13Z</time>
   </trkpt>
   <trkpt lat="25.0203520" lon="121.5838200">
    <ele>263.0</ele>
    <time>2026-07-26T08:35:14Z</time>
   </trkpt>
   <trkpt lat="25.0203600" lon="121.5838140">
    <ele>262.6</ele>
    <time>2026-07-26T08:35:15Z</time>
   </trkpt>
   <trkpt lat="25.0203710" lon="121.5838070">
    <ele>262.0</ele>
    <time>2026-07-26T08:35:16Z</time>
   </trkpt>
   <trkpt lat="25.0203740" lon="121.5838210">
    <ele>261.5</ele>
    <time>2026-07-26T08:35:17Z</time>
   </trkpt>
   <trkpt lat="25.0203860" lon="121.5838170">
    <ele>260.9</ele>
    <time>2026-07-26T08:35:18Z</time>
   </trkpt>
   <trkpt lat="25.0203900" lon="121.5838090">
    <ele>260.6</ele>
    <time>2026-07-26T08:35:19Z</time>
   </trkpt>
   <trkpt lat="25.0203940" lon="121.5838080">
    <ele>260.4</ele>
    <time>2026-07-26T08:35:20Z</time>
   </trkpt>
   <trkpt lat="25.0204090" lon="121.5837990">
    <ele>259.6</ele>
    <time>2026-07-26T08:35:21Z</time>
   </trkpt>
   <trkpt lat="25.0204190" lon="121.5837890">
    <ele>259.0</ele>
    <time>2026-07-26T08:35:22Z</time>
   </trkpt>
   <trkpt lat="25.0204280" lon="121.5837890">
    <ele>258.6</ele>
    <time>2026-07-26T08:35:23Z</time>
   </trkpt>
   <trkpt lat="25.0204390" lon="121.5837950">
    <ele>258.1</ele>
    <time>2026-07-26T08:35:24Z</time>
   </trkpt>
   <trkpt lat="25.0204480" lon="121.5837900">
    <ele>257.6</ele>
    <time>2026-07-26T08:35:25Z</time>
   </trkpt>
   <trkpt lat="25.0204610" lon="121.5837940">
    <ele>257.0</ele>
    <time>2026-07-26T08:35:26Z</time>
   </trkpt>
   <trkpt lat="25.0204780" lon="121.5837910">
    <ele>256.3</ele>
    <time>2026-07-26T08:35:27Z</time>
   </trkpt>
   <trkpt lat="25.0204930" lon="121.5837880">
    <ele>255.7</ele>
    <time>2026-07-26T08:35:28Z</time>
   </trkpt>
   <trkpt lat="25.0204990" lon="121.5837740">
    <ele>255.0</ele>
    <time>2026-07-26T08:35:29Z</time>
   </trkpt>
   <trkpt lat="25.0205070" lon="121.5837690">
    <ele>254.7</ele>
    <time>2026-07-26T08:35:30Z</time>
   </trkpt>
   <trkpt lat="25.0205090" lon="121.5837460">
    <ele>253.8</ele>
    <time>2026-07-26T08:35:31Z</time>
   </trkpt>
   <trkpt lat="25.0205170" lon="121.5837320">
    <ele>253.1</ele>
    <time>2026-07-26T08:35:32Z</time>
   </trkpt>
   <trkpt lat="25.0205200" lon="121.5837280">
    <ele>252.9</ele>
    <time>2026-07-26T08:35:33Z</time>
   </trkpt>
   <trkpt lat="25.0205200" lon="121.5837170">
    <ele>252.5</ele>
    <time>2026-07-26T08:35:34Z</time>
   </trkpt>
   <trkpt lat="25.0205250" lon="121.5837060">
    <ele>252.0</ele>
    <time>2026-07-26T08:35:35Z</time>
   </trkpt>
   <trkpt lat="25.0205240" lon="121.5837150">
    <ele>251.6</ele>
    <time>2026-07-26T08:35:36Z</time>
   </trkpt>
   <trkpt lat="25.0205260" lon="121.5837010">
    <ele>251.1</ele>
    <time>2026-07-26T08:35:37Z</time>
   </trkpt>
   <trkpt lat="25.0205390" lon="121.5836840">
    <ele>250.2</ele>
    <time>2026-07-26T08:35:38Z</time>
   </trkpt>
   <trkpt lat="25.0205510" lon="121.5836780">
    <ele>249.5</ele>
    <time>2026-07-26T08:35:39Z</time>
   </trkpt>
   <trkpt lat="25.0205570" lon="121.5836750">
    <ele>249.3</ele>
    <time>2026-07-26T08:35:40Z</time>
   </trkpt>
   <trkpt lat="25.0205620" lon="121.5836680">
    <ele>248.9</ele>
    <time>2026-07-26T08:35:41Z</time>
   </trkpt>
   <trkpt lat="25.0205680" lon="121.5836580">
    <ele>248.4</ele>
    <time>2026-07-26T08:35:42Z</time>
   </trkpt>
   <trkpt lat="25.0205690" lon="121.5836500">
    <ele>248.1</ele>
    <time>2026-07-26T08:35:43Z</time>
   </trkpt>
   <trkpt lat="25.0205670" lon="121.5836350">
    <ele>247.6</ele>
    <time>2026-07-26T08:35:44Z</time>
   </trkpt>
   <trkpt lat="25.0205670" lon="121.5836200">
    <ele>247.0</ele>
    <time>2026-07-26T08:35:45Z</time>
   </trkpt>
   <trkpt lat="25.0205670" lon="121.5836050">
    <ele>246.5</ele>
    <time>2026-07-26T08:35:46Z</time>
   </trkpt>
   <trkpt lat="25.0205630" lon="121.5835840">
    <ele>245.7</ele>
    <time>2026-07-26T08:35:47Z</time>
   </trkpt>
   <trkpt lat="25.0205620" lon="121.5835460">
    <ele>244.5</ele>
    <time>2026-07-26T08:35:48Z</time>
   </trkpt>
   <trkpt lat="25.0205820" lon="121.5835190">
    <ele>243.4</ele>
    <time>2026-07-26T08:35:49Z</time>
   </trkpt>
   <trkpt lat="25.0205950" lon="121.5834900">
    <ele>242.5</ele>
    <time>2026-07-26T08:35:50Z</time>
   </trkpt>
   <trkpt lat="25.0205970" lon="121.5834730">
    <ele>242.0</ele>
    <time>2026-07-26T08:35:51Z</time>
   </trkpt>
   <trkpt lat="25.0205950" lon="121.5834610">
    <ele>241.6</ele>
    <time>2026-07-26T08:35:52Z</time>
   </trkpt>
   <trkpt lat="25.0206080" lon="121.5834460">
    <ele>241.0</ele>
    <time>2026-07-26T08:35:53Z</time>
   </trkpt>
   <trkpt lat="25.0206160" lon="121.5834180">
    <ele>240.1</ele>
    <time>2026-07-26T08:35:54Z</time>
   </trkpt>
   <trkpt lat="25.0206160" lon="121.5833840">
    <ele>238.9</ele>
    <time>2026-07-26T08:35:55Z</time>
   </trkpt>
   <trkpt lat="25.0206110" lon="121.5833600">
    <ele>238.0</ele>
    <time>2026-07-26T08:35:56Z</time>
   </trkpt>
   <trkpt lat="25.0206230" lon="121.5833460">
    <ele>237.2</ele>
    <time>2026-07-26T08:35:57Z</time>
   </trkpt>
   <trkpt lat="25.0206380" lon="121.5833420">
    <ele>236.5</ele>
    <time>2026-07-26T08:35:58Z</time>
   </trkpt>
   <trkpt lat="25.0206440" lon="121.5833220">
    <ele>235.5</ele>
    <time>2026-07-26T08:35:59Z</time>
   </trkpt>
   <trkpt lat="25.0206510" lon="121.5833080">
    <ele>234.8</ele>
    <time>2026-07-26T08:36:00Z</time>
   </trkpt>
   <trkpt lat="25.0206420" lon="121.5833010">
    <ele>234.2</ele>
    <time>2026-07-26T08:36:01Z</time>
   </trkpt>
   <trkpt lat="25.0206400" lon="121.5832890">
    <ele>233.6</ele>
    <time>2026-07-26T08:36:02Z</time>
   </trkpt>
   <trkpt lat="25.0206380" lon="121.5832850">
    <ele>233.3</ele>
    <time>2026-07-26T08:36:03Z</time>
   </trkpt>
   <trkpt lat="25.0206370" lon="121.5832860">
    <ele>233.2</ele>
    <time>2026-07-26T08:36:04Z</time>
   </trkpt>
   <trkpt lat="25.0206400" lon="121.5832760">
    <ele>232.7</ele>
    <time>2026-07-26T08:36:05Z</time>
   </trkpt>
   <trkpt lat="25.0206460" lon="121.5832640">
    <ele>232.0</ele>
    <time>2026-07-26T08:36:06Z</time>
   </trkpt>
   <trkpt lat="25.0206510" lon="121.5832560">
    <ele>231.5</ele>
    <time>2026-07-26T08:36:07Z</time>
   </trkpt>
   <trkpt lat="25.0206540" lon="121.5832540">
    <ele>231.3</ele>
    <time>2026-07-26T08:36:08Z</time>
   </trkpt>
   <trkpt lat="25.0206540" lon="121.5832460">
    <ele>230.9</ele>
    <time>2026-07-26T08:36:09Z</time>
   </trkpt>
   <trkpt lat="25.0206570" lon="121.5832350">
    <ele>230.3</ele>
    <time>2026-07-26T08:36:10Z</time>
   </trkpt>
   <trkpt lat="25.0206650" lon="121.5832300">
    <ele>229.8</ele>
    <time>2026-07-26T08:36:11Z</time>
   </trkpt>
   <trkpt lat="25.0206810" lon="121.5832180">
    <ele>228.7</ele>
    <time>2026-07-26T08:36:12Z</time>
   </trkpt>
   <trkpt lat="25.0206910" lon="121.5832130">
    <ele>228.1</ele>
    <time>2026-07-26T08:36:13Z</time>
   </trkpt>
   <trkpt lat="25.0206940" lon="121.5832030">
    <ele>227.5</ele>
    <time>2026-07-26T08:36:14Z</time>
   </trkpt>
   <trkpt lat="25.0207030" lon="121.5831830">
    <ele>226.4</ele>
    <time>2026-07-26T08:36:15Z</time>
   </trkpt>
   <trkpt lat="25.0207050" lon="121.5831670">
    <ele>225.6</ele>
    <time>2026-07-26T08:36:16Z</time>
   </trkpt>
   <trkpt lat="25.0206970" lon="121.5831480">
    <ele>224.6</ele>
    <time>2026-07-26T08:36:17Z</time>
   </trkpt>
   <trkpt lat="25.0206890" lon="121.5831250">
    <ele>223.6</ele>
    <time>2026-07-26T08:36:18Z</time>
   </trkpt>
   <trkpt lat="25.0206720" lon="121.5831180">
    <ele>222.8</ele>
    <time>2026-07-26T08:36:19Z</time>
   </trkpt>
   <trkpt lat="25.0206560" lon="121.5831080">
    <ele>221.9</ele>
    <time>2026-07-26T08:36:20Z</time>
   </trkpt>
   <trkpt lat="25.0206500" lon="121.5831020">
    <ele>221.6</ele>
    <time>2026-07-26T08:36:21Z</time>
   </trkpt>
   <trkpt lat="25.0206380" lon="121.5831050">
    <ele>221.1</ele>
    <time>2026-07-26T08:36:22Z</time>
   </trkpt>
   <trkpt lat="25.0206340" lon="121.5831070">
    <ele>220.9</ele>
    <time>2026-07-26T08:36:23Z</time>
   </trkpt>
   <trkpt lat="25.0206270" lon="121.5831060">
    <ele>220.6</ele>
    <time>2026-07-26T08:36:24Z</time>
   </trkpt>
   <trkpt lat="25.0206220" lon="121.5831020">
    <ele>220.3</ele>
    <time>2026-07-26T08:36:25Z</time>
   </trkpt>
   <trkpt lat="25.0206080" lon="121.5831050">
    <ele>219.7</ele>
    <time>2026-07-26T08:36:26Z</time>
   </trkpt>
   <trkpt lat="25.0206000" lon="121.5831040">
    <ele>219.4</ele>
    <time>2026-07-26T08:36:27Z</time>
   </trkpt>
   <trkpt lat="25.0205920" lon="121.5830880">
    <ele>218.7</ele>
    <time>2026-07-26T08:36:28Z</time>
   </trkpt>
   <trkpt lat="25.0205840" lon="121.5830820">
    <ele>218.3</ele>
    <time>2026-07-26T08:36:29Z</time>
   </trkpt>
   <trkpt lat="25.0205730" lon="121.5830770">
    <ele>217.8</ele>
    <time>2026-07-26T08:36:30Z</time>
   </trkpt>
   <trkpt lat="25.0205640" lon="121.5830640">
    <ele>217.2</ele>
    <time>2026-07-26T08:36:31Z</time>
   </trkpt>
   <trkpt lat="25.0205620" lon="121.5830480">
    <ele>216.6</ele>
    <time>2026-07-26T08:36:32Z</time>
   </trkpt>
   <trkpt lat="25.0205650" lon="121.5830370">
    <ele>216.1</ele>
    <time>2026-07-26T08:36:33Z</time>
   </trkpt>
   <trkpt lat="25.0205700" lon="121.5830360">
    <ele>215.9</ele>
    <time>2026-07-26T08:36:34Z</time>
   </trkpt>
   <trkpt lat="25.0205760" lon="121.5830290">
    <ele>215.5</ele>
    <time>2026-07-26T08:36:35Z</time>
   </trkpt>
   <trkpt lat="25.0205820" lon="121.5830210">
    <ele>215.0</ele>
    <time>2026-07-26T08:36:36Z</time>
   </trkpt>
   <trkpt lat="25.0205830" lon="121.5830150">
    <ele>214.8</ele>
    <time>2026-07-26T08:36:37Z</time>
   </trkpt>
   <trkpt lat="25.0205830" lon="121.5830020">
    <ele>214.2</ele>
    <time>2026-07-26T08:36:38Z</time>
   </trkpt>
   <trkpt lat="25.0205870" lon="121.5829980">
    <ele>214.0</ele>
    <time>2026-07-26T08:36:39Z</time>
   </trkpt>
   <trkpt lat="25.0205880" lon="121.5829900">
    <ele>213.7</ele>
    <time>2026-07-26T08:36:40Z</time>
   </trkpt>
   <trkpt lat="25.0205920" lon="121.5829840">
    <ele>213.4</ele>
    <time>2026-07-26T08:36:41Z</time>
   </trkpt>
   <trkpt lat="25.0205970" lon="121.5829840">
    <ele>213.1</ele>
    <time>2026-07-26T08:36:42Z</time>
   </trkpt>
   <trkpt lat="25.0206000" lon="121.5829820">
    <ele>213.0</ele>
    <time>2026-07-26T08:36:43Z</time>
   </trkpt>
   <trkpt lat="25.0205990" lon="121.5829930">
    <ele>212.7</ele>
    <time>2026-07-26T08:36:44Z</time>
   </trkpt>
   <trkpt lat="25.0206020" lon="121.5829880">
    <ele>212.7</ele>
    <time>2026-07-26T08:36:45Z</time>
   </trkpt>
   <trkpt lat="25.0206110" lon="121.5829920">
    <ele>212.6</ele>
    <time>2026-07-26T08:36:46Z</time>
   </trkpt>
   <trkpt lat="25.0206210" lon="121.5829960">
    <ele>212.6</ele>
    <time>2026-07-26T08:36:47Z</time>
   </trkpt>
   <trkpt lat="25.0206240" lon="121.5829960">
    <ele>212.6</ele>
    <time>2026-07-26T08:36:48Z</time>
   </trkpt>
   <trkpt lat="25.0206310" lon="121.5829930">
    <ele>212.6</ele>
    <time>2026-07-26T08:36:49Z</time>
   </trkpt>
   <trkpt lat="25.0206380" lon="121.5829900">
    <ele>212.5</ele>
    <time>2026-07-26T08:36:50Z</time>
   </trkpt>
   <trkpt lat="25.0206440" lon="121.5829850">
    <ele>212.5</ele>
    <time>2026-07-26T08:36:51Z</time>
   </trkpt>
   <trkpt lat="25.0206550" lon="121.5829820">
    <ele>212.5</ele>
    <time>2026-07-26T08:36:52Z</time>
   </trkpt>
   <trkpt lat="25.0206570" lon="121.5829690">
    <ele>212.4</ele>
    <time>2026-07-26T08:36:53Z</time>
   </trkpt>
   <trkpt lat="25.0206620" lon="121.5829640">
    <ele>212.4</ele>
    <time>2026-07-26T08:36:54Z</time>
   </trkpt>
   <trkpt lat="25.0206710" lon="121.5829580">
    <ele>212.4</ele>
    <time>2026-07-26T08:36:55Z</time>
   </trkpt>
   <trkpt lat="25.0206720" lon="121.5829590">
    <ele>212.3</ele>
    <time>2026-07-26T08:36:56Z</time>
   </trkpt>
   <trkpt lat="25.0206800" lon="121.5829570">
    <ele>212.3</ele>
    <time>2026-07-26T08:36:57Z</time>
   </trkpt>
   <trkpt lat="25.0206850" lon="121.5829530">
    <ele>212.3</ele>
    <time>2026-07-26T08:36:58Z</time>
   </trkpt>
   <trkpt lat="25.0206910" lon="121.5829400">
    <ele>212.3</ele>
    <time>2026-07-26T08:36:59Z</time>
   </trkpt>
   <trkpt lat="25.0206880" lon="121.5829360">
    <ele>212.2</ele>
    <time>2026-07-26T08:37:00Z</time>
   </trkpt>
   <trkpt lat="25.0206970" lon="121.5829320">
    <ele>212.2</ele>
    <time>2026-07-26T08:37:01Z</time>
   </trkpt>
   <trkpt lat="25.0206950" lon="121.5829250">
    <ele>212.2</ele>
    <time>2026-07-26T08:37:02Z</time>
   </trkpt>
   <trkpt lat="25.0206950" lon="121.5829150">
    <ele>212.2</ele>
    <time>2026-07-26T08:37:03Z</time>
   </trkpt>
   <trkpt lat="25.0207050" lon="121.5829180">
    <ele>212.1</ele>
    <time>2026-07-26T08:37:04Z</time>
   </trkpt>
   <trkpt lat="25.0207120" lon="121.5829240">
    <ele>212.1</ele>
    <time>2026-07-26T08:37:05Z</time>
   </trkpt>
   <trkpt lat="25.0207100" lon="121.5829250">
    <ele>212.1</ele>
    <time>2026-07-26T08:37:06Z</time>
   </trkpt>
   <trkpt lat="25.0207180" lon="121.5829160">
    <ele>212.1</ele>
    <time>2026-07-26T08:37:07Z</time>
   </trkpt>
   <trkpt lat="25.0207200" lon="121.5829110">
    <ele>212.1</ele>
    <time>2026-07-26T08:37:08Z</time>
   </trkpt>
   <trkpt lat="25.0207180" lon="121.5829100">
    <ele>212.0</ele>
    <time>2026-07-26T08:37:09Z</time>
   </trkpt>
   <trkpt lat="25.0207160" lon="121.5829120">
    <ele>212.0</ele>
    <time>2026-07-26T08:37:10Z</time>
   </trkpt>
   <trkpt lat="25.0207100" lon="121.5829140">
    <ele>212.0</ele>
    <time>2026-07-26T08:37:11Z</time>
   </trkpt>
   <trkpt lat="25.0207020" lon="121.5829140">
    <ele>212.0</ele>
    <time>2026-07-26T08:37:12Z</time>
   </trkpt>
   <trkpt lat="25.0206950" lon="121.5829140">
    <ele>212.0</ele>
    <time>2026-07-26T08:37:13Z</time>
   </trkpt>
   <trkpt lat="25.0207060" lon="121.5829330">
    <ele>211.9</ele>
    <time>2026-07-26T08:37:14Z</time>
   </trkpt>
   <trkpt lat="25.0206960" lon="121.5829350">
    <ele>211.9</ele>
    <time>2026-07-26T08:37:15Z</time>
   </trkpt>
   <trkpt lat="25.0206960" lon="121.5829440">
    <ele>211.9</ele>
    <time>2026-07-26T08:37:16Z</time>
   </trkpt>
   <trkpt lat="25.0206880" lon="121.5829530">
    <ele>211.9</ele>
    <time>2026-07-26T08:37:17Z</time>
   </trkpt>
   <trkpt lat="25.0206830" lon="121.5829600">
    <ele>211.8</ele>
    <time>2026-07-26T08:37:18Z</time>
   </trkpt>
   <trkpt lat="25.0206810" lon="121.5829650">
    <ele>211.8</ele>
    <time>2026-07-26T08:37:19Z</time>
   </trkpt>
   <trkpt lat="25.0206870" lon="121.5829570">
    <ele>211.8</ele>
    <time>2026-07-26T08:37:20Z</time>
   </trkpt>
   <trkpt lat="25.0206880" lon="121.5829780">
    <ele>211.8</ele>
    <time>2026-07-26T08:37:21Z</time>
   </trkpt>
   <trkpt lat="25.0206710" lon="121.5829870">
    <ele>211.7</ele>
    <time>2026-07-26T08:37:22Z</time>
   </trkpt>
   <trkpt lat="25.0206650" lon="121.5829730">
    <ele>211.7</ele>
    <time>2026-07-26T08:37:23Z</time>
   </trkpt>
   <trkpt lat="25.0206570" lon="121.5829760">
    <ele>211.7</ele>
    <time>2026-07-26T08:37:24Z</time>
   </trkpt>
   <trkpt lat="25.0206500" lon="121.5829760">
    <ele>211.7</ele>
    <time>2026-07-26T08:37:25Z</time>
   </trkpt>
   <trkpt lat="25.0206400" lon="121.5829780">
    <ele>211.7</ele>
    <time>2026-07-26T08:37:26Z</time>
   </trkpt>
   <trkpt lat="25.0206370" lon="121.5829860">
    <ele>211.7</ele>
    <time>2026-07-26T08:37:27Z</time>
   </trkpt>
   <trkpt lat="25.0206290" lon="121.5829900">
    <ele>211.6</ele>
    <time>2026-07-26T08:37:28Z</time>
   </trkpt>
   <trkpt lat="25.0206360" lon="121.5829940">
    <ele>211.6</ele>
    <time>2026-07-26T08:37:29Z</time>
   </trkpt>
   <trkpt lat="25.0206420" lon="121.5829960">
    <ele>211.6</ele>
    <time>2026-07-26T08:37:30Z</time>
   </trkpt>
   <trkpt lat="25.0206330" lon="121.5829880">
    <ele>211.6</ele>
    <time>2026-07-26T08:37:31Z</time>
   </trkpt>
   <trkpt lat="25.0206380" lon="121.5829940">
    <ele>211.6</ele>
    <time>2026-07-26T08:37:32Z</time>
   </trkpt>
   <trkpt lat="25.0206400" lon="121.5829920">
    <ele>211.6</ele>
    <time>2026-07-26T08:37:33Z</time>
   </trkpt>
   <trkpt lat="25.0206420" lon="121.5829840">
    <ele>211.6</ele>
    <time>2026-07-26T08:37:34Z</time>
   </trkpt>
   <trkpt lat="25.0206540" lon="121.5829830">
    <ele>211.6</ele>
    <time>2026-07-26T08:37:35Z</time>
   </trkpt>
   <trkpt lat="25.0206630" lon="121.5829850">
    <ele>211.6</ele>
    <time>2026-07-26T08:37:36Z</time>
   </trkpt>
   <trkpt lat="25.0206630" lon="121.5829710">
    <ele>211.5</ele>
    <time>2026-07-26T08:37:37Z</time>
   </trkpt>
   <trkpt lat="25.0206770" lon="121.5829690">
    <ele>211.5</ele>
    <time>2026-07-26T08:37:38Z</time>
   </trkpt>
   <trkpt lat="25.0206950" lon="121.5829700">
    <ele>211.5</ele>
    <time>2026-07-26T08:37:39Z</time>
   </trkpt>
   <trkpt lat="25.0207060" lon="121.5829540">
    <ele>211.5</ele>
    <time>2026-07-26T08:37:40Z</time>
   </trkpt>
   <trkpt lat="25.0207190" lon="121.5829390">
    <ele>211.5</ele>
    <time>2026-07-26T08:37:41Z</time>
   </trkpt>
   <trkpt lat="25.0207150" lon="121.5829360">
    <ele>211.5</ele>
    <time>2026-07-26T08:37:42Z</time>
   </trkpt>
   <trkpt lat="25.0207140" lon="121.5829270">
    <ele>211.5</ele>
    <time>2026-07-26T08:37:43Z</time>
   </trkpt>
   <trkpt lat="25.0207140" lon="121.5829280">
    <ele>211.5</ele>
    <time>2026-07-26T08:37:44Z</time>
   </trkpt>
   <trkpt lat="25.0207270" lon="121.5829170">
    <ele>211.5</ele>
    <time>2026-07-26T08:37:45Z</time>
   </trkpt>
   <trkpt lat="25.0207310" lon="121.5829170">
    <ele>211.5</ele>
    <time>2026-07-26T08:37:46Z</time>
   </trkpt>
   <trkpt lat="25.0207470" lon="121.5829150">
    <ele>211.4</ele>
    <time>2026-07-26T08:37:47Z</time>
   </trkpt>
   <trkpt lat="25.0207500" lon="121.5829250">
    <ele>211.4</ele>
    <time>2026-07-26T08:37:48Z</time>
   </trkpt>
   <trkpt lat="25.0207520" lon="121.5829240">
    <ele>211.4</ele>
    <time>2026-07-26T08:37:49Z</time>
   </trkpt>
   <trkpt lat="25.0207560" lon="121.5829220">
    <ele>211.4</ele>
    <time>2026-07-26T08:37:50Z</time>
   </trkpt>
   <trkpt lat="25.0207560" lon="121.5829200">
    <ele>211.4</ele>
    <time>2026-07-26T08:37:51Z</time>
   </trkpt>
   <trkpt lat="25.0207610" lon="121.5829210">
    <ele>211.4</ele>
    <time>2026-07-26T08:37:52Z</time>
   </trkpt>
   <trkpt lat="25.0207690" lon="121.5829290">
    <ele>211.4</ele>
    <time>2026-07-26T08:37:53Z</time>
   </trkpt>
   <trkpt lat="25.0207750" lon="121.5829360">
    <ele>211.4</ele>
    <time>2026-07-26T08:37:54Z</time>
   </trkpt>
   <trkpt lat="25.0207790" lon="121.5829370">
    <ele>211.4</ele>
    <time>2026-07-26T08:37:55Z</time>
   </trkpt>
   <trkpt lat="25.0207820" lon="121.5829410">
    <ele>211.4</ele>
    <time>2026-07-26T08:37:56Z</time>
   </trkpt>
   <trkpt lat="25.0207900" lon="121.5829480">
    <ele>211.4</ele>
    <time>2026-07-26T08:37:57Z</time>
   </trkpt>
   <trkpt lat="25.0207960" lon="121.5829590">
    <ele>211.4</ele>
    <time>2026-07-26T08:37:58Z</time>
   </trkpt>
   <trkpt lat="25.0208050" lon="121.5829810">
    <ele>211.4</ele>
    <time>2026-07-26T08:37:59Z</time>
   </trkpt>
   <trkpt lat="25.0208230" lon="121.5830030">
    <ele>211.3</ele>
    <time>2026-07-26T08:38:00Z</time>
   </trkpt>
   <trkpt lat="25.0208230" lon="121.5830060">
    <ele>211.3</ele>
    <time>2026-07-26T08:38:01Z</time>
   </trkpt>
   <trkpt lat="25.0208250" lon="121.5830090">
    <ele>211.2</ele>
    <time>2026-07-26T08:38:02Z</time>
   </trkpt>
   <trkpt lat="25.0208280" lon="121.5830160">
    <ele>211.1</ele>
    <time>2026-07-26T08:38:03Z</time>
   </trkpt>
   <trkpt lat="25.0208290" lon="121.5830180">
    <ele>211.1</ele>
    <time>2026-07-26T08:38:04Z</time>
   </trkpt>
   <trkpt lat="25.0208270" lon="121.5830250">
    <ele>211.0</ele>
    <time>2026-07-26T08:38:05Z</time>
   </trkpt>
   <trkpt lat="25.0208310" lon="121.5830430">
    <ele>210.7</ele>
    <time>2026-07-26T08:38:06Z</time>
   </trkpt>
   <trkpt lat="25.0208280" lon="121.5830630">
    <ele>210.5</ele>
    <time>2026-07-26T08:38:07Z</time>
   </trkpt>
   <trkpt lat="25.0208280" lon="121.5830690">
    <ele>210.4</ele>
    <time>2026-07-26T08:38:08Z</time>
   </trkpt>
   <trkpt lat="25.0208350" lon="121.5830770">
    <ele>210.2</ele>
    <time>2026-07-26T08:38:09Z</time>
   </trkpt>
   <trkpt lat="25.0208370" lon="121.5830870">
    <ele>210.1</ele>
    <time>2026-07-26T08:38:10Z</time>
   </trkpt>
   <trkpt lat="25.0208510" lon="121.5830960">
    <ele>209.8</ele>
    <time>2026-07-26T08:38:11Z</time>
   </trkpt>
   <trkpt lat="25.0208640" lon="121.5831060">
    <ele>209.6</ele>
    <time>2026-07-26T08:38:12Z</time>
   </trkpt>
   <trkpt lat="25.0208670" lon="121.5831070">
    <ele>209.5</ele>
    <time>2026-07-26T08:38:13Z</time>
   </trkpt>
   <trkpt lat="25.0208680" lon="121.5831080">
    <ele>209.5</ele>
    <time>2026-07-26T08:38:14Z</time>
   </trkpt>
   <trkpt lat="25.0208820" lon="121.5831260">
    <ele>209.1</ele>
    <time>2026-07-26T08:38:15Z</time>
   </trkpt>
   <trkpt lat="25.0208860" lon="121.5831300">
    <ele>209.1</ele>
    <time>2026-07-26T08:38:16Z</time>
   </trkpt>
   <trkpt lat="25.0208850" lon="121.5831320">
    <ele>209.0</ele>
    <time>2026-07-26T08:38:17Z</time>
   </trkpt>
   <trkpt lat="25.0208940" lon="121.5831400">
    <ele>208.8</ele>
    <time>2026-07-26T08:38:18Z</time>
   </trkpt>
   <trkpt lat="25.0209010" lon="121.5831370">
    <ele>208.7</ele>
    <time>2026-07-26T08:38:19Z</time>
   </trkpt>
   <trkpt lat="25.0209100" lon="121.5831410">
    <ele>208.6</ele>
    <time>2026-07-26T08:38:20Z</time>
   </trkpt>
   <trkpt lat="25.0209180" lon="121.5831480">
    <ele>208.4</ele>
    <time>2026-07-26T08:38:21Z</time>
   </trkpt>
   <trkpt lat="25.0209320" lon="121.5831550">
    <ele>208.1</ele>
    <time>2026-07-26T08:38:22Z</time>
   </trkpt>
   <trkpt lat="25.0209330" lon="121.5831580">
    <ele>208.1</ele>
    <time>2026-07-26T08:38:23Z</time>
   </trkpt>
   <trkpt lat="25.0209470" lon="121.5831610">
    <ele>207.9</ele>
    <time>2026-07-26T08:38:24Z</time>
   </trkpt>
   <trkpt lat="25.0209540" lon="121.5831650">
    <ele>207.7</ele>
    <time>2026-07-26T08:38:25Z</time>
   </trkpt>
   <trkpt lat="25.0209710" lon="121.5831750">
    <ele>207.5</ele>
    <time>2026-07-26T08:38:26Z</time>
   </trkpt>
   <trkpt lat="25.0209760" lon="121.5831750">
    <ele>207.4</ele>
    <time>2026-07-26T08:38:27Z</time>
   </trkpt>
   <trkpt lat="25.0209760" lon="121.5831720">
    <ele>207.3</ele>
    <time>2026-07-26T08:38:28Z</time>
   </trkpt>
   <trkpt lat="25.0209810" lon="121.5831730">
    <ele>207.3</ele>
    <time>2026-07-26T08:38:29Z</time>
   </trkpt>
   <trkpt lat="25.0209840" lon="121.5831600">
    <ele>207.1</ele>
    <time>2026-07-26T08:38:30Z</time>
   </trkpt>
   <trkpt lat="25.0210020" lon="121.5831660">
    <ele>206.9</ele>
    <time>2026-07-26T08:38:31Z</time>
   </trkpt>
   <trkpt lat="25.0210240" lon="121.5831740">
    <ele>206.6</ele>
    <time>2026-07-26T08:38:32Z</time>
   </trkpt>
   <trkpt lat="25.0210440" lon="121.5831860">
    <ele>206.3</ele>
    <time>2026-07-26T08:38:33Z</time>
   </trkpt>
   <trkpt lat="25.0210730" lon="121.5831910">
    <ele>205.9</ele>
    <time>2026-07-26T08:38:34Z</time>
   </trkpt>
   <trkpt lat="25.0210980" lon="121.5831880">
    <ele>205.5</ele>
    <time>2026-07-26T08:38:35Z</time>
   </trkpt>
   <trkpt lat="25.0211100" lon="121.5831930">
    <ele>205.3</ele>
    <time>2026-07-26T08:38:36Z</time>
   </trkpt>
   <trkpt lat="25.0211230" lon="121.5831860">
    <ele>205.1</ele>
    <time>2026-07-26T08:38:37Z</time>
   </trkpt>
   <trkpt lat="25.0211230" lon="121.5831920">
    <ele>205.0</ele>
    <time>2026-07-26T08:38:38Z</time>
   </trkpt>
   <trkpt lat="25.0211280" lon="121.5831970">
    <ele>204.9</ele>
    <time>2026-07-26T08:38:39Z</time>
   </trkpt>
   <trkpt lat="25.0211520" lon="121.5832110">
    <ele>204.4</ele>
    <time>2026-07-26T08:38:40Z</time>
   </trkpt>
   <trkpt lat="25.0211690" lon="121.5832140">
    <ele>204.1</ele>
    <time>2026-07-26T08:38:41Z</time>
   </trkpt>
   <trkpt lat="25.0211760" lon="121.5832110">
    <ele>204.0</ele>
    <time>2026-07-26T08:38:42Z</time>
   </trkpt>
   <trkpt lat="25.0211830" lon="121.5832110">
    <ele>203.8</ele>
    <time>2026-07-26T08:38:43Z</time>
   </trkpt>
   <trkpt lat="25.0211870" lon="121.5832090">
    <ele>203.7</ele>
    <time>2026-07-26T08:38:44Z</time>
   </trkpt>
   <trkpt lat="25.0211930" lon="121.5832040">
    <ele>203.6</ele>
    <time>2026-07-26T08:38:45Z</time>
   </trkpt>
   <trkpt lat="25.0211990" lon="121.5831990">
    <ele>203.4</ele>
    <time>2026-07-26T08:38:46Z</time>
   </trkpt>
   <trkpt lat="25.0211950" lon="121.5831900">
    <ele>203.2</ele>
    <time>2026-07-26T08:38:47Z</time>
   </trkpt>
   <trkpt lat="25.0212030" lon="121.5831800">
    <ele>202.9</ele>
    <time>2026-07-26T08:38:48Z</time>
   </trkpt>
   <trkpt lat="25.0212140" lon="121.5831710">
    <ele>202.6</ele>
    <time>2026-07-26T08:38:49Z</time>
   </trkpt>
   <trkpt lat="25.0212270" lon="121.5831670">
    <ele>202.3</ele>
    <time>2026-07-26T08:38:50Z</time>
   </trkpt>
   <trkpt lat="25.0212440" lon="121.5831590">
    <ele>201.9</ele>
    <time>2026-07-26T08:38:51Z</time>
   </trkpt>
   <trkpt lat="25.0212500" lon="121.5831590">
    <ele>201.8</ele>
    <time>2026-07-26T08:38:52Z</time>
   </trkpt>
   <trkpt lat="25.0212670" lon="121.5831490">
    <ele>201.4</ele>
    <time>2026-07-26T08:38:53Z</time>
   </trkpt>
   <trkpt lat="25.0212760" lon="121.5831570">
    <ele>201.2</ele>
    <time>2026-07-26T08:38:54Z</time>
   </trkpt>
   <trkpt lat="25.0212870" lon="121.5831620">
    <ele>201.1</ele>
    <time>2026-07-26T08:38:55Z</time>
   </trkpt>
   <trkpt lat="25.0213040" lon="121.5831700">
    <ele>200.9</ele>
    <time>2026-07-26T08:38:56Z</time>
   </trkpt>
   <trkpt lat="25.0213200" lon="121.5831670">
    <ele>200.7</ele>
    <time>2026-07-26T08:38:57Z</time>
   </trkpt>
   <trkpt lat="25.0213300" lon="121.5831530">
    <ele>200.5</ele>
    <time>2026-07-26T08:38:58Z</time>
   </trkpt>
   <trkpt lat="25.0213460" lon="121.5831440">
    <ele>200.3</ele>
    <time>2026-07-26T08:38:59Z</time>
   </trkpt>
   <trkpt lat="25.0213670" lon="121.5831420">
    <ele>200.1</ele>
    <time>2026-07-26T08:39:00Z</time>
   </trkpt>
   <trkpt lat="25.0213870" lon="121.5831310">
    <ele>199.8</ele>
    <time>2026-07-26T08:39:01Z</time>
   </trkpt>
   <trkpt lat="25.0214080" lon="121.5831210">
    <ele>199.5</ele>
    <time>2026-07-26T08:39:02Z</time>
   </trkpt>
   <trkpt lat="25.0214400" lon="121.5830960">
    <ele>198.8</ele>
    <time>2026-07-26T08:39:03Z</time>
   </trkpt>
   <trkpt lat="25.0214650" lon="121.5830860">
    <ele>198.3</ele>
    <time>2026-07-26T08:39:04Z</time>
   </trkpt>
   <trkpt lat="25.0214680" lon="121.5830690">
    <ele>197.9</ele>
    <time>2026-07-26T08:39:05Z</time>
   </trkpt>
   <trkpt lat="25.0214850" lon="121.5830480">
    <ele>197.3</ele>
    <time>2026-07-26T08:39:06Z</time>
   </trkpt>
   <trkpt lat="25.0214900" lon="121.5830190">
    <ele>196.7</ele>
    <time>2026-07-26T08:39:07Z</time>
   </trkpt>
   <trkpt lat="25.0214970" lon="121.5829970">
    <ele>196.2</ele>
    <time>2026-07-26T08:39:08Z</time>
   </trkpt>
   <trkpt lat="25.0215140" lon="121.5829810">
    <ele>195.7</ele>
    <time>2026-07-26T08:39:09Z</time>
   </trkpt>
   <trkpt lat="25.0215230" lon="121.5829740">
    <ele>195.5</ele>
    <time>2026-07-26T08:39:10Z</time>
   </trkpt>
   <trkpt lat="25.0215340" lon="121.5829690">
    <ele>195.2</ele>
    <time>2026-07-26T08:39:11Z</time>
   </trkpt>
   <trkpt lat="25.0215520" lon="121.5829620">
    <ele>194.8</ele>
    <time>2026-07-26T08:39:12Z</time>
   </trkpt>
   <trkpt lat="25.0215740" lon="121.5829600">
    <ele>194.4</ele>
    <time>2026-07-26T08:39:13Z</time>
   </trkpt>
   <trkpt lat="25.0215930" lon="121.5829690">
    <ele>194.0</ele>
    <time>2026-07-26T08:39:14Z</time>
   </trkpt>
   <trkpt lat="25.0216170" lon="121.5829540">
    <ele>193.4</ele>
    <time>2026-07-26T08:39:15Z</time>
   </trkpt>
   <trkpt lat="25.0216510" lon="121.5829380">
    <ele>192.7</ele>
    <time>2026-07-26T08:39:16Z</time>
   </trkpt>
   <trkpt lat="25.0216720" lon="121.5829180">
    <ele>192.2</ele>
    <time>2026-07-26T08:39:17Z</time>
   </trkpt>
   <trkpt lat="25.0217030" lon="121.5829300">
    <ele>191.6</ele>
    <time>2026-07-26T08:39:18Z</time>
   </trkpt>
   <trkpt lat="25.0217100" lon="121.5829320">
    <ele>191.5</ele>
    <time>2026-07-26T08:39:19Z</time>
   </trkpt>
   <trkpt lat="25.0217310" lon="121.5829230">
    <ele>191.1</ele>
    <time>2026-07-26T08:39:20Z</time>
   </trkpt>
   <trkpt lat="25.0217450" lon="121.5829220">
    <ele>190.9</ele>
    <time>2026-07-26T08:39:21Z</time>
   </trkpt>
   <trkpt lat="25.0217600" lon="121.5829250">
    <ele>190.6</ele>
    <time>2026-07-26T08:39:22Z</time>
   </trkpt>
   <trkpt lat="25.0217920" lon="121.5829230">
    <ele>190.1</ele>
    <time>2026-07-26T08:39:23Z</time>
   </trkpt>
   <trkpt lat="25.0218130" lon="121.5829240">
    <ele>189.7</ele>
    <time>2026-07-26T08:39:24Z</time>
   </trkpt>
   <trkpt lat="25.0218370" lon="121.5829440">
    <ele>189.1</ele>
    <time>2026-07-26T08:39:25Z</time>
   </trkpt>
   <trkpt lat="25.0218440" lon="121.5829700">
    <ele>188.6</ele>
    <time>2026-07-26T08:39:26Z</time>
   </trkpt>
   <trkpt lat="25.0218440" lon="121.5829730">
    <ele>188.5</ele>
    <time>2026-07-26T08:39:27Z</time>
   </trkpt>
   <trkpt lat="25.0218480" lon="121.5829760">
    <ele>188.4</ele>
    <time>2026-07-26T08:39:28Z</time>
   </trkpt>
   <trkpt lat="25.0218850" lon="121.5829660">
    <ele>187.7</ele>
    <time>2026-07-26T08:39:29Z</time>
   </trkpt>
   <trkpt lat="25.0219340" lon="121.5829480">
    <ele>186.6</ele>
    <time>2026-07-26T08:39:30Z</time>
   </trkpt>
   <trkpt lat="25.0219690" lon="121.5829460">
    <ele>185.9</ele>
    <time>2026-07-26T08:39:31Z</time>
   </trkpt>
   <trkpt lat="25.0219980" lon="121.5829500">
    <ele>185.4</ele>
    <time>2026-07-26T08:39:32Z</time>
   </trkpt>
   <trkpt lat="25.0220140" lon="121.5829600">
    <ele>185.1</ele>
    <time>2026-07-26T08:39:33Z</time>
   </trkpt>
   <trkpt lat="25.0220300" lon="121.5829680">
    <ele>184.8</ele>
    <time>2026-07-26T08:39:34Z</time>
   </trkpt>
   <trkpt lat="25.0220520" lon="121.5829740">
    <ele>184.5</ele>
    <time>2026-07-26T08:39:35Z</time>
   </trkpt>
   <trkpt lat="25.0220790" lon="121.5829790">
    <ele>184.1</ele>
    <time>2026-07-26T08:39:36Z</time>
   </trkpt>
   <trkpt lat="25.0221000" lon="121.5829770">
    <ele>183.8</ele>
    <time>2026-07-26T08:39:37Z</time>
   </trkpt>
   <trkpt lat="25.0221200" lon="121.5829720">
    <ele>183.5</ele>
    <time>2026-07-26T08:39:38Z</time>
   </trkpt>
   <trkpt lat="25.0221330" lon="121.5829680">
    <ele>183.3</ele>
    <time>2026-07-26T08:39:39Z</time>
   </trkpt>
   <trkpt lat="25.0221430" lon="121.5829660">
    <ele>183.2</ele>
    <time>2026-07-26T08:39:40Z</time>
   </trkpt>
   <trkpt lat="25.0221620" lon="121.5829510">
    <ele>182.8</ele>
    <time>2026-07-26T08:39:41Z</time>
   </trkpt>
   <trkpt lat="25.0221790" lon="121.5829410">
    <ele>182.5</ele>
    <time>2026-07-26T08:39:42Z</time>
   </trkpt>
   <trkpt lat="25.0221970" lon="121.5829410">
    <ele>182.2</ele>
    <time>2026-07-26T08:39:43Z</time>
   </trkpt>
   <trkpt lat="25.0222080" lon="121.5829400">
    <ele>182.0</ele>
    <time>2026-07-26T08:39:44Z</time>
   </trkpt>
   <trkpt lat="25.0222120" lon="121.5829340">
    <ele>181.9</ele>
    <time>2026-07-26T08:39:45Z</time>
   </trkpt>
   <trkpt lat="25.0222190" lon="121.5829250">
    <ele>181.7</ele>
    <time>2026-07-26T08:39:46Z</time>
   </trkpt>
   <trkpt lat="25.0222250" lon="121.5829180">
    <ele>181.5</ele>
    <time>2026-07-26T08:39:47Z</time>
   </trkpt>
   <trkpt lat="25.0222340" lon="121.5829110">
    <ele>181.3</ele>
    <time>2026-07-26T08:39:48Z</time>
   </trkpt>
   <trkpt lat="25.0222420" lon="121.5829090">
    <ele>181.1</ele>
    <time>2026-07-26T08:39:49Z</time>
   </trkpt>
   <trkpt lat="25.0222470" lon="121.5829040">
    <ele>181.0</ele>
    <time>2026-07-26T08:39:50Z</time>
   </trkpt>
   <trkpt lat="25.0222610" lon="121.5828930">
    <ele>180.6</ele>
    <time>2026-07-26T08:39:51Z</time>
   </trkpt>
   <trkpt lat="25.0222630" lon="121.5828920">
    <ele>180.5</ele>
    <time>2026-07-26T08:39:52Z</time>
   </trkpt>
   <trkpt lat="25.0222640" lon="121.5828870">
    <ele>180.4</ele>
    <time>2026-07-26T08:39:53Z</time>
   </trkpt>
   <trkpt lat="25.0222720" lon="121.5828780">
    <ele>180.2</ele>
    <time>2026-07-26T08:39:54Z</time>
   </trkpt>
   <trkpt lat="25.0222800" lon="121.5828720">
    <ele>180.0</ele>
    <time>2026-07-26T08:39:55Z</time>
   </trkpt>
   <trkpt lat="25.0222880" lon="121.5828650">
    <ele>179.8</ele>
    <time>2026-07-26T08:39:56Z</time>
   </trkpt>
   <trkpt lat="25.0222980" lon="121.5828620">
    <ele>179.5</ele>
    <time>2026-07-26T08:39:57Z</time>
   </trkpt>
   <trkpt lat="25.0223160" lon="121.5828600">
    <ele>179.1</ele>
    <time>2026-07-26T08:39:58Z</time>
   </trkpt>
   <trkpt lat="25.0223270" lon="121.5828520">
    <ele>178.8</ele>
    <time>2026-07-26T08:39:59Z</time>
   </trkpt>
   <trkpt lat="25.0223330" lon="121.5828490">
    <ele>178.7</ele>
    <time>2026-07-26T08:40:00Z</time>
   </trkpt>
   <trkpt lat="25.0223370" lon="121.5828390">
    <ele>178.5</ele>
    <time>2026-07-26T08:40:01Z</time>
   </trkpt>
   <trkpt lat="25.0223390" lon="121.5828270">
    <ele>178.2</ele>
    <time>2026-07-26T08:40:02Z</time>
   </trkpt>
   <trkpt lat="25.0223420" lon="121.5828190">
    <ele>178.1</ele>
    <time>2026-07-26T08:40:03Z</time>
   </trkpt>
   <trkpt lat="25.0223500" lon="121.5828190">
    <ele>177.9</ele>
    <time>2026-07-26T08:40:04Z</time>
   </trkpt>
   <trkpt lat="25.0223550" lon="121.5828090">
    <ele>177.7</ele>
    <time>2026-07-26T08:40:05Z</time>
   </trkpt>
   <trkpt lat="25.0223530" lon="121.5827940">
    <ele>177.4</ele>
    <time>2026-07-26T08:40:06Z</time>
   </trkpt>
   <trkpt lat="25.0223590" lon="121.5827910">
    <ele>177.3</ele>
    <time>2026-07-26T08:40:07Z</time>
   </trkpt>
   <trkpt lat="25.0223640" lon="121.5827830">
    <ele>177.1</ele>
    <time>2026-07-26T08:40:08Z</time>
   </trkpt>
   <trkpt lat="25.0223710" lon="121.5827820">
    <ele>176.9</ele>
    <time>2026-07-26T08:40:09Z</time>
   </trkpt>
   <trkpt lat="25.0223770" lon="121.5827700">
    <ele>176.7</ele>
    <time>2026-07-26T08:40:10Z</time>
   </trkpt>
   <trkpt lat="25.0223840" lon="121.5827630">
    <ele>176.5</ele>
    <time>2026-07-26T08:40:11Z</time>
   </trkpt>
   <trkpt lat="25.0223970" lon="121.5827610">
    <ele>176.2</ele>
    <time>2026-07-26T08:40:12Z</time>
   </trkpt>
   <trkpt lat="25.0224090" lon="121.5827610">
    <ele>176.1</ele>
    <time>2026-07-26T08:40:13Z</time>
   </trkpt>
   <trkpt lat="25.0224190" lon="121.5827580">
    <ele>176.0</ele>
    <time>2026-07-26T08:40:14Z</time>
   </trkpt>
   <trkpt lat="25.0224310" lon="121.5827560">
    <ele>175.8</ele>
    <time>2026-07-26T08:40:15Z</time>
   </trkpt>
   <trkpt lat="25.0224400" lon="121.5827560">
    <ele>175.7</ele>
    <time>2026-07-26T08:40:16Z</time>
   </trkpt>
   <trkpt lat="25.0224520" lon="121.5827500">
    <ele>175.6</ele>
    <time>2026-07-26T08:40:17Z</time>
   </trkpt>
   <trkpt lat="25.0224720" lon="121.5827380">
    <ele>175.4</ele>
    <time>2026-07-26T08:40:18Z</time>
   </trkpt>
   <trkpt lat="25.0224860" lon="121.5827320">
    <ele>175.2</ele>
    <time>2026-07-26T08:40:19Z</time>
   </trkpt>
   <trkpt lat="25.0224960" lon="121.5827240">
    <ele>175.1</ele>
    <time>2026-07-26T08:40:20Z</time>
   </trkpt>
   <trkpt lat="25.0225030" lon="121.5827200">
    <ele>175.0</ele>
    <time>2026-07-26T08:40:21Z</time>
   </trkpt>
   <trkpt lat="25.0225100" lon="121.5827160">
    <ele>174.9</ele>
    <time>2026-07-26T08:40:22Z</time>
   </trkpt>
   <trkpt lat="25.0225230" lon="121.5827240">
    <ele>174.7</ele>
    <time>2026-07-26T08:40:23Z</time>
   </trkpt>
   <trkpt lat="25.0225130" lon="121.5827080">
    <ele>174.5</ele>
    <time>2026-07-26T08:40:24Z</time>
   </trkpt>
   <trkpt lat="25.0225180" lon="121.5827010">
    <ele>174.4</ele>
    <time>2026-07-26T08:40:25Z</time>
   </trkpt>
   <trkpt lat="25.0225270" lon="121.5826920">
    <ele>174.2</ele>
    <time>2026-07-26T08:40:26Z</time>
   </trkpt>
   <trkpt lat="25.0225280" lon="121.5826870">
    <ele>174.1</ele>
    <time>2026-07-26T08:40:27Z</time>
   </trkpt>
   <trkpt lat="25.0225330" lon="121.5826770">
    <ele>174.0</ele>
    <time>2026-07-26T08:40:28Z</time>
   </trkpt>
   <trkpt lat="25.0225400" lon="121.5826710">
    <ele>173.8</ele>
    <time>2026-07-26T08:40:29Z</time>
   </trkpt>
   <trkpt lat="25.0225490" lon="121.5826620">
    <ele>173.6</ele>
    <time>2026-07-26T08:40:30Z</time>
   </trkpt>
   <trkpt lat="25.0225500" lon="121.5826540">
    <ele>173.4</ele>
    <time>2026-07-26T08:40:31Z</time>
   </trkpt>
   <trkpt lat="25.0225570" lon="121.5826440">
    <ele>173.2</ele>
    <time>2026-07-26T08:40:32Z</time>
   </trkpt>
   <trkpt lat="25.0225650" lon="121.5826380">
    <ele>173.0</ele>
    <time>2026-07-26T08:40:33Z</time>
   </trkpt>
   <trkpt lat="25.0225740" lon="121.5826290">
    <ele>172.7</ele>
    <time>2026-07-26T08:40:34Z</time>
   </trkpt>
   <trkpt lat="25.0225770" lon="121.5826240">
    <ele>172.6</ele>
    <time>2026-07-26T08:40:35Z</time>
   </trkpt>
   <trkpt lat="25.0225810" lon="121.5826220">
    <ele>172.5</ele>
    <time>2026-07-26T08:40:36Z</time>
   </trkpt>
   <trkpt lat="25.0225850" lon="121.5826160">
    <ele>172.3</ele>
    <time>2026-07-26T08:40:37Z</time>
   </trkpt>
   <trkpt lat="25.0225890" lon="121.5826090">
    <ele>172.2</ele>
    <time>2026-07-26T08:40:38Z</time>
   </trkpt>
   <trkpt lat="25.0225940" lon="121.5826070">
    <ele>172.1</ele>
    <time>2026-07-26T08:40:39Z</time>
   </trkpt>
   <trkpt lat="25.0225960" lon="121.5826020">
    <ele>171.9</ele>
    <time>2026-07-26T08:40:40Z</time>
   </trkpt>
   <trkpt lat="25.0226080" lon="121.5826010">
    <ele>171.6</ele>
    <time>2026-07-26T08:40:41Z</time>
   </trkpt>
   <trkpt lat="25.0226150" lon="121.5825950">
    <ele>171.4</ele>
    <time>2026-07-26T08:40:42Z</time>
   </trkpt>
   <trkpt lat="25.0226160" lon="121.5825870">
    <ele>171.2</ele>
    <time>2026-07-26T08:40:43Z</time>
   </trkpt>
   <trkpt lat="25.0226170" lon="121.5825840">
    <ele>171.2</ele>
    <time>2026-07-26T08:40:44Z</time>
   </trkpt>
   <trkpt lat="25.0226210" lon="121.5825780">
    <ele>171.0</ele>
    <time>2026-07-26T08:40:45Z</time>
   </trkpt>
   <trkpt lat="25.0226240" lon="121.5825720">
    <ele>170.9</ele>
    <time>2026-07-26T08:40:46Z</time>
   </trkpt>
   <trkpt lat="25.0226260" lon="121.5825630">
    <ele>170.7</ele>
    <time>2026-07-26T08:40:47Z</time>
   </trkpt>
   <trkpt lat="25.0226260" lon="121.5825520">
    <ele>170.5</ele>
    <time>2026-07-26T08:40:48Z</time>
   </trkpt>
   <trkpt lat="25.0226300" lon="121.5825500">
    <ele>170.4</ele>
    <time>2026-07-26T08:40:49Z</time>
   </trkpt>
   <trkpt lat="25.0226340" lon="121.5825510">
    <ele>170.3</ele>
    <time>2026-07-26T08:40:50Z</time>
   </trkpt>
   <trkpt lat="25.0226420" lon="121.5825500">
    <ele>170.1</ele>
    <time>2026-07-26T08:40:51Z</time>
   </trkpt>
   <trkpt lat="25.0226520" lon="121.5825490">
    <ele>169.9</ele>
    <time>2026-07-26T08:40:52Z</time>
   </trkpt>
   <trkpt lat="25.0226640" lon="121.5825420">
    <ele>169.7</ele>
    <time>2026-07-26T08:40:53Z</time>
   </trkpt>
   <trkpt lat="25.0226830" lon="121.5825370">
    <ele>169.5</ele>
    <time>2026-07-26T08:40:54Z</time>
   </trkpt>
   <trkpt lat="25.0226990" lon="121.5825290">
    <ele>169.2</ele>
    <time>2026-07-26T08:40:55Z</time>
   </trkpt>
   <trkpt lat="25.0227180" lon="121.5825300">
    <ele>169.1</ele>
    <time>2026-07-26T08:40:56Z</time>
   </trkpt>
   <trkpt lat="25.0227270" lon="121.5825310">
    <ele>169.0</ele>
    <time>2026-07-26T08:40:57Z</time>
   </trkpt>
   <trkpt lat="25.0227400" lon="121.5825310">
    <ele>168.9</ele>
    <time>2026-07-26T08:40:58Z</time>
   </trkpt>
   <trkpt lat="25.0227550" lon="121.5825310">
    <ele>168.9</ele>
    <time>2026-07-26T08:40:59Z</time>
   </trkpt>
   <trkpt lat="25.0227660" lon="121.5825330">
    <ele>168.9</ele>
    <time>2026-07-26T08:41:00Z</time>
   </trkpt>
   <trkpt lat="25.0227730" lon="121.5825350">
    <ele>168.8</ele>
    <time>2026-07-26T08:41:01Z</time>
   </trkpt>
   <trkpt lat="25.0227790" lon="121.5825280">
    <ele>168.8</ele>
    <time>2026-07-26T08:41:02Z</time>
   </trkpt>
   <trkpt lat="25.0227960" lon="121.5825210">
    <ele>168.8</ele>
    <time>2026-07-26T08:41:03Z</time>
   </trkpt>
   <trkpt lat="25.0228030" lon="121.5825040">
    <ele>168.7</ele>
    <time>2026-07-26T08:41:04Z</time>
   </trkpt>
   <trkpt lat="25.0228070" lon="121.5824940">
    <ele>168.7</ele>
    <time>2026-07-26T08:41:05Z</time>
   </trkpt>
   <trkpt lat="25.0228130" lon="121.5824870">
    <ele>168.6</ele>
    <time>2026-07-26T08:41:06Z</time>
   </trkpt>
   <trkpt lat="25.0228170" lon="121.5824840">
    <ele>168.6</ele>
    <time>2026-07-26T08:41:07Z</time>
   </trkpt>
   <trkpt lat="25.0228240" lon="121.5824780">
    <ele>168.6</ele>
    <time>2026-07-26T08:41:08Z</time>
   </trkpt>
   <trkpt lat="25.0228310" lon="121.5824750">
    <ele>168.5</ele>
    <time>2026-07-26T08:41:09Z</time>
   </trkpt>
   <trkpt lat="25.0228430" lon="121.5824720">
    <ele>168.5</ele>
    <time>2026-07-26T08:41:10Z</time>
   </trkpt>
   <trkpt lat="25.0228480" lon="121.5824680">
    <ele>168.5</ele>
    <time>2026-07-26T08:41:11Z</time>
   </trkpt>
   <trkpt lat="25.0228620" lon="121.5824580">
    <ele>168.4</ele>
    <time>2026-07-26T08:41:12Z</time>
   </trkpt>
   <trkpt lat="25.0228720" lon="121.5824440">
    <ele>168.3</ele>
    <time>2026-07-26T08:41:13Z</time>
   </trkpt>
   <trkpt lat="25.0228830" lon="121.5824310">
    <ele>168.2</ele>
    <time>2026-07-26T08:41:14Z</time>
   </trkpt>
   <trkpt lat="25.0229010" lon="121.5824090">
    <ele>168.1</ele>
    <time>2026-07-26T08:41:15Z</time>
   </trkpt>
   <trkpt lat="25.0229140" lon="121.5824070">
    <ele>168.0</ele>
    <time>2026-07-26T08:41:16Z</time>
   </trkpt>
   <trkpt lat="25.0229250" lon="121.5823970">
    <ele>167.9</ele>
    <time>2026-07-26T08:41:17Z</time>
   </trkpt>
   <trkpt lat="25.0229340" lon="121.5823910">
    <ele>167.9</ele>
    <time>2026-07-26T08:41:18Z</time>
   </trkpt>
   <trkpt lat="25.0229460" lon="121.5823860">
    <ele>167.9</ele>
    <time>2026-07-26T08:41:19Z</time>
   </trkpt>
   <trkpt lat="25.0229560" lon="121.5823790">
    <ele>167.8</ele>
    <time>2026-07-26T08:41:20Z</time>
   </trkpt>
   <trkpt lat="25.0229670" lon="121.5823730">
    <ele>167.8</ele>
    <time>2026-07-26T08:41:21Z</time>
   </trkpt>
   <trkpt lat="25.0229770" lon="121.5823620">
    <ele>167.8</ele>
    <time>2026-07-26T08:41:22Z</time>
   </trkpt>
   <trkpt lat="25.0229900" lon="121.5823570">
    <ele>167.8</ele>
    <time>2026-07-26T08:41:23Z</time>
   </trkpt>
   <trkpt lat="25.0230060" lon="121.5823540">
    <ele>167.8</ele>
    <time>2026-07-26T08:41:24Z</time>
   </trkpt>
   <trkpt lat="25.0230180" lon="121.5823500">
    <ele>167.8</ele>
    <time>2026-07-26T08:41:25Z</time>
   </trkpt>
   <trkpt lat="25.0230300" lon="121.5823400">
    <ele>167.7</ele>
    <time>2026-07-26T08:41:26Z</time>
   </trkpt>
   <trkpt lat="25.0230460" lon="121.5823390">
    <ele>167.7</ele>
    <time>2026-07-26T08:41:27Z</time>
   </trkpt>
   <trkpt lat="25.0230550" lon="121.5823370">
    <ele>167.7</ele>
    <time>2026-07-26T08:41:28Z</time>
   </trkpt>
   <trkpt lat="25.0230680" lon="121.5823370">
    <ele>167.6</ele>
    <time>2026-07-26T08:41:29Z</time>
   </trkpt>
   <trkpt lat="25.0230800" lon="121.5823330">
    <ele>167.6</ele>
    <time>2026-07-26T08:41:30Z</time>
   </trkpt>
   <trkpt lat="25.0230900" lon="121.5823330">
    <ele>167.5</ele>
    <time>2026-07-26T08:41:31Z</time>
   </trkpt>
   <trkpt lat="25.0230980" lon="121.5823280">
    <ele>167.5</ele>
    <time>2026-07-26T08:41:32Z</time>
   </trkpt>
   <trkpt lat="25.0231120" lon="121.5823270">
    <ele>167.4</ele>
    <time>2026-07-26T08:41:33Z</time>
   </trkpt>
   <trkpt lat="25.0231240" lon="121.5823220">
    <ele>167.3</ele>
    <time>2026-07-26T08:41:34Z</time>
   </trkpt>
   <trkpt lat="25.0231400" lon="121.5823160">
    <ele>167.2</ele>
    <time>2026-07-26T08:41:35Z</time>
   </trkpt>
   <trkpt lat="25.0231580" lon="121.5823140">
    <ele>167.1</ele>
    <time>2026-07-26T08:41:36Z</time>
   </trkpt>
   <trkpt lat="25.0231760" lon="121.5823020">
    <ele>166.9</ele>
    <time>2026-07-26T08:41:37Z</time>
   </trkpt>
   <trkpt lat="25.0231990" lon="121.5822790">
    <ele>166.6</ele>
    <time>2026-07-26T08:41:38Z</time>
   </trkpt>
   <trkpt lat="25.0232190" lon="121.5822710">
    <ele>166.5</ele>
    <time>2026-07-26T08:41:39Z</time>
   </trkpt>
   <trkpt lat="25.0232360" lon="121.5822640">
    <ele>166.3</ele>
    <time>2026-07-26T08:41:40Z</time>
   </trkpt>
   <trkpt lat="25.0232470" lon="121.5822610">
    <ele>166.3</ele>
    <time>2026-07-26T08:41:41Z</time>
   </trkpt>
   <trkpt lat="25.0232590" lon="121.5822590">
    <ele>166.2</ele>
    <time>2026-07-26T08:41:42Z</time>
   </trkpt>
   <trkpt lat="25.0232780" lon="121.5822540">
    <ele>166.0</ele>
    <time>2026-07-26T08:41:43Z</time>
   </trkpt>
   <trkpt lat="25.0232930" lon="121.5822480">
    <ele>165.9</ele>
    <time>2026-07-26T08:41:44Z</time>
   </trkpt>
   <trkpt lat="25.0233010" lon="121.5822440">
    <ele>165.9</ele>
    <time>2026-07-26T08:41:45Z</time>
   </trkpt>
   <trkpt lat="25.0233170" lon="121.5822460">
    <ele>165.9</ele>
    <time>2026-07-26T08:41:46Z</time>
   </trkpt>
   <trkpt lat="25.0233240" lon="121.5822440">
    <ele>165.9</ele>
    <time>2026-07-26T08:41:47Z</time>
   </trkpt>
   <trkpt lat="25.0233320" lon="121.5822430">
    <ele>165.8</ele>
    <time>2026-07-26T08:41:48Z</time>
   </trkpt>
   <trkpt lat="25.0233460" lon="121.5822410">
    <ele>165.8</ele>
    <time>2026-07-26T08:41:49Z</time>
   </trkpt>
   <trkpt lat="25.0233580" lon="121.5822300">
    <ele>165.8</ele>
    <time>2026-07-26T08:41:50Z</time>
   </trkpt>
   <trkpt lat="25.0233720" lon="121.5822220">
    <ele>165.7</ele>
    <time>2026-07-26T08:41:51Z</time>
   </trkpt>
   <trkpt lat="25.0233810" lon="121.5822160">
    <ele>165.7</ele>
    <time>2026-07-26T08:41:52Z</time>
   </trkpt>
   <trkpt lat="25.0233870" lon="121.5822080">
    <ele>165.7</ele>
    <time>2026-07-26T08:41:53Z</time>
   </trkpt>
   <trkpt lat="25.0233960" lon="121.5822020">
    <ele>165.7</ele>
    <time>2026-07-26T08:41:54Z</time>
   </trkpt>
   <trkpt lat="25.0233980" lon="121.5822020">
    <ele>165.7</ele>
    <time>2026-07-26T08:41:55Z</time>
   </trkpt>
   <trkpt lat="25.0234070" lon="121.5821980">
    <ele>165.6</ele>
    <time>2026-07-26T08:41:56Z</time>
   </trkpt>
   <trkpt lat="25.0234100" lon="121.5821900">
    <ele>165.6</ele>
    <time>2026-07-26T08:41:58Z</time>
   </trkpt>
   <trkpt lat="25.0234060" lon="121.5821890">
    <ele>165.6</ele>
    <time>2026-07-26T08:41:59Z</time>
   </trkpt>
   <trkpt lat="25.0233940" lon="121.5821850">
    <ele>165.6</ele>
    <time>2026-07-26T08:42:00Z</time>
   </trkpt>
   <trkpt lat="25.0233940" lon="121.5821980">
    <ele>165.5</ele>
    <time>2026-07-26T08:42:01Z</time>
   </trkpt>
   <trkpt lat="25.0233960" lon="121.5821980">
    <ele>165.5</ele>
    <time>2026-07-26T08:42:02Z</time>
   </trkpt>
   <trkpt lat="25.0233920" lon="121.5821950">
    <ele>165.5</ele>
    <time>2026-07-26T08:42:03Z</time>
   </trkpt>
   <trkpt lat="25.0233930" lon="121.5821970">
    <ele>165.5</ele>
    <time>2026-07-26T08:42:04Z</time>
   </trkpt>
   <trkpt lat="25.0233950" lon="121.5821990">
    <ele>165.5</ele>
    <time>2026-07-26T08:42:05Z</time>
   </trkpt>
   <trkpt lat="25.0233940" lon="121.5821980">
    <ele>165.5</ele>
    <time>2026-07-26T08:42:06Z</time>
   </trkpt>
   <trkpt lat="25.0233970" lon="121.5821970">
    <ele>165.5</ele>
    <time>2026-07-26T08:42:07Z</time>
   </trkpt>
   <trkpt lat="25.0233970" lon="121.5821980">
    <ele>165.5</ele>
    <time>2026-07-26T08:42:08Z</time>
   </trkpt>
   <trkpt lat="25.0234010" lon="121.5821970">
    <ele>165.5</ele>
    <time>2026-07-26T08:42:09Z</time>
   </trkpt>
   <trkpt lat="25.0234060" lon="121.5821880">
    <ele>165.5</ele>
    <time>2026-07-26T08:42:10Z</time>
   </trkpt>
   <trkpt lat="25.0234200" lon="121.5821820">
    <ele>165.4</ele>
    <time>2026-07-26T08:42:11Z</time>
   </trkpt>
   <trkpt lat="25.0234320" lon="121.5821750">
    <ele>165.4</ele>
    <time>2026-07-26T08:42:12Z</time>
   </trkpt>
   <trkpt lat="25.0234390" lon="121.5821720">
    <ele>165.4</ele>
    <time>2026-07-26T08:42:13Z</time>
   </trkpt>
   <trkpt lat="25.0234480" lon="121.5821630">
    <ele>165.3</ele>
    <time>2026-07-26T08:42:14Z</time>
   </trkpt>
   <trkpt lat="25.0234540" lon="121.5821520">
    <ele>165.3</ele>
    <time>2026-07-26T08:42:15Z</time>
   </trkpt>
   <trkpt lat="25.0234640" lon="121.5821430">
    <ele>165.3</ele>
    <time>2026-07-26T08:42:16Z</time>
   </trkpt>
   <trkpt lat="25.0234700" lon="121.5821400">
    <ele>165.3</ele>
    <time>2026-07-26T08:42:17Z</time>
   </trkpt>
   <trkpt lat="25.0234860" lon="121.5821190">
    <ele>165.2</ele>
    <time>2026-07-26T08:42:18Z</time>
   </trkpt>
   <trkpt lat="25.0234930" lon="121.5821090">
    <ele>165.2</ele>
    <time>2026-07-26T08:42:19Z</time>
   </trkpt>
   <trkpt lat="25.0235040" lon="121.5821020">
    <ele>165.2</ele>
    <time>2026-07-26T08:42:20Z</time>
   </trkpt>
   <trkpt lat="25.0235200" lon="121.5820900">
    <ele>165.2</ele>
    <time>2026-07-26T08:42:21Z</time>
   </trkpt>
   <trkpt lat="25.0235420" lon="121.5820770">
    <ele>165.2</ele>
    <time>2026-07-26T08:42:22Z</time>
   </trkpt>
   <trkpt lat="25.0235500" lon="121.5820710">
    <ele>165.2</ele>
    <time>2026-07-26T08:42:23Z</time>
   </trkpt>
   <trkpt lat="25.0235610" lon="121.5820640">
    <ele>165.1</ele>
    <time>2026-07-26T08:42:24Z</time>
   </trkpt>
   <trkpt lat="25.0235660" lon="121.5820450">
    <ele>165.1</ele>
    <time>2026-07-26T08:42:25Z</time>
   </trkpt>
   <trkpt lat="25.0235810" lon="121.5820330">
    <ele>165.1</ele>
    <time>2026-07-26T08:42:26Z</time>
   </trkpt>
   <trkpt lat="25.0235980" lon="121.5820210">
    <ele>165.2</ele>
    <time>2026-07-26T08:42:27Z</time>
   </trkpt>
   <trkpt lat="25.0236070" lon="121.5820180">
    <ele>165.2</ele>
    <time>2026-07-26T08:42:28Z</time>
   </trkpt>
   <trkpt lat="25.0236140" lon="121.5820060">
    <ele>165.2</ele>
    <time>2026-07-26T08:42:29Z</time>
   </trkpt>
   <trkpt lat="25.0236220" lon="121.5820000">
    <ele>165.2</ele>
    <time>2026-07-26T08:42:30Z</time>
   </trkpt>
   <trkpt lat="25.0236340" lon="121.5819880">
    <ele>165.2</ele>
    <time>2026-07-26T08:42:31Z</time>
   </trkpt>
   <trkpt lat="25.0236460" lon="121.5819790">
    <ele>165.2</ele>
    <time>2026-07-26T08:42:32Z</time>
   </trkpt>
   <trkpt lat="25.0236560" lon="121.5819710">
    <ele>165.2</ele>
    <time>2026-07-26T08:42:33Z</time>
   </trkpt>
   <trkpt lat="25.0236720" lon="121.5819550">
    <ele>165.3</ele>
    <time>2026-07-26T08:42:34Z</time>
   </trkpt>
   <trkpt lat="25.0236830" lon="121.5819460">
    <ele>165.3</ele>
    <time>2026-07-26T08:42:35Z</time>
   </trkpt>
   <trkpt lat="25.0236910" lon="121.5819320">
    <ele>165.3</ele>
    <time>2026-07-26T08:42:36Z</time>
   </trkpt>
   <trkpt lat="25.0237010" lon="121.5819250">
    <ele>165.3</ele>
    <time>2026-07-26T08:42:37Z</time>
   </trkpt>
   <trkpt lat="25.0237100" lon="121.5819140">
    <ele>165.4</ele>
    <time>2026-07-26T08:42:38Z</time>
   </trkpt>
   <trkpt lat="25.0237190" lon="121.5818980">
    <ele>165.4</ele>
    <time>2026-07-26T08:42:39Z</time>
   </trkpt>
   <trkpt lat="25.0237240" lon="121.5818810">
    <ele>165.5</ele>
    <time>2026-07-26T08:42:40Z</time>
   </trkpt>
   <trkpt lat="25.0237350" lon="121.5818610">
    <ele>165.5</ele>
    <time>2026-07-26T08:42:41Z</time>
   </trkpt>
   <trkpt lat="25.0237450" lon="121.5818530">
    <ele>165.6</ele>
    <time>2026-07-26T08:42:42Z</time>
   </trkpt>
   <trkpt lat="25.0237550" lon="121.5818400">
    <ele>165.6</ele>
    <time>2026-07-26T08:42:43Z</time>
   </trkpt>
   <trkpt lat="25.0237630" lon="121.5818370">
    <ele>165.7</ele>
    <time>2026-07-26T08:42:44Z</time>
   </trkpt>
   <trkpt lat="25.0237750" lon="121.5818300">
    <ele>165.7</ele>
    <time>2026-07-26T08:42:45Z</time>
   </trkpt>
   <trkpt lat="25.0237810" lon="121.5818210">
    <ele>165.8</ele>
    <time>2026-07-26T08:42:46Z</time>
   </trkpt>
   <trkpt lat="25.0237950" lon="121.5818090">
    <ele>165.9</ele>
    <time>2026-07-26T08:42:47Z</time>
   </trkpt>
   <trkpt lat="25.0238090" lon="121.5818040">
    <ele>166.0</ele>
    <time>2026-07-26T08:42:48Z</time>
   </trkpt>
   <trkpt lat="25.0238260" lon="121.5818080">
    <ele>166.1</ele>
    <time>2026-07-26T08:42:49Z</time>
   </trkpt>
   <trkpt lat="25.0238430" lon="121.5818100">
    <ele>166.2</ele>
    <time>2026-07-26T08:42:50Z</time>
   </trkpt>
   <trkpt lat="25.0238570" lon="121.5818080">
    <ele>166.3</ele>
    <time>2026-07-26T08:42:51Z</time>
   </trkpt>
   <trkpt lat="25.0238750" lon="121.5818050">
    <ele>166.5</ele>
    <time>2026-07-26T08:42:52Z</time>
   </trkpt>
   <trkpt lat="25.0238870" lon="121.5818060">
    <ele>166.6</ele>
    <time>2026-07-26T08:42:53Z</time>
   </trkpt>
   <trkpt lat="25.0238970" lon="121.5818040">
    <ele>166.7</ele>
    <time>2026-07-26T08:42:54Z</time>
   </trkpt>
   <trkpt lat="25.0239060" lon="121.5818030">
    <ele>166.8</ele>
    <time>2026-07-26T08:42:55Z</time>
   </trkpt>
   <trkpt lat="25.0239140" lon="121.5818010">
    <ele>166.9</ele>
    <time>2026-07-26T08:42:56Z</time>
   </trkpt>
   <trkpt lat="25.0239310" lon="121.5818050">
    <ele>167.0</ele>
    <time>2026-07-26T08:42:57Z</time>
   </trkpt>
   <trkpt lat="25.0239480" lon="121.5818140">
    <ele>167.2</ele>
    <time>2026-07-26T08:42:58Z</time>
   </trkpt>
   <trkpt lat="25.0239540" lon="121.5818080">
    <ele>167.3</ele>
    <time>2026-07-26T08:42:59Z</time>
   </trkpt>
   <trkpt lat="25.0239630" lon="121.5818140">
    <ele>167.4</ele>
    <time>2026-07-26T08:43:00Z</time>
   </trkpt>
   <trkpt lat="25.0239770" lon="121.5818260">
    <ele>167.6</ele>
    <time>2026-07-26T08:43:01Z</time>
   </trkpt>
   <trkpt lat="25.0239840" lon="121.5818350">
    <ele>167.7</ele>
    <time>2026-07-26T08:43:02Z</time>
   </trkpt>
   <trkpt lat="25.0239950" lon="121.5818430">
    <ele>167.9</ele>
    <time>2026-07-26T08:43:03Z</time>
   </trkpt>
   <trkpt lat="25.0240020" lon="121.5818480">
    <ele>168.0</ele>
    <time>2026-07-26T08:43:04Z</time>
   </trkpt>
   <trkpt lat="25.0240180" lon="121.5818520">
    <ele>168.2</ele>
    <time>2026-07-26T08:43:05Z</time>
   </trkpt>
   <trkpt lat="25.0240390" lon="121.5818600">
    <ele>168.4</ele>
    <time>2026-07-26T08:43:06Z</time>
   </trkpt>
   <trkpt lat="25.0240560" lon="121.5818680">
    <ele>168.6</ele>
    <time>2026-07-26T08:43:07Z</time>
   </trkpt>
   <trkpt lat="25.0240700" lon="121.5818730">
    <ele>168.8</ele>
    <time>2026-07-26T08:43:08Z</time>
   </trkpt>
   <trkpt lat="25.0240820" lon="121.5818780">
    <ele>169.0</ele>
    <time>2026-07-26T08:43:09Z</time>
   </trkpt>
   <trkpt lat="25.0240930" lon="121.5818860">
    <ele>169.1</ele>
    <time>2026-07-26T08:43:10Z</time>
   </trkpt>
   <trkpt lat="25.0241070" lon="121.5818950">
    <ele>169.3</ele>
    <time>2026-07-26T08:43:11Z</time>
   </trkpt>
   <trkpt lat="25.0241150" lon="121.5818990">
    <ele>169.4</ele>
    <time>2026-07-26T08:43:12Z</time>
   </trkpt>
   <trkpt lat="25.0241250" lon="121.5819050">
    <ele>169.6</ele>
    <time>2026-07-26T08:43:13Z</time>
   </trkpt>
   <trkpt lat="25.0241400" lon="121.5819070">
    <ele>169.7</ele>
    <time>2026-07-26T08:43:14Z</time>
   </trkpt>
   <trkpt lat="25.0241510" lon="121.5819070">
    <ele>169.8</ele>
    <time>2026-07-26T08:43:15Z</time>
   </trkpt>
   <trkpt lat="25.0241480" lon="121.5819060">
    <ele>169.8</ele>
    <time>2026-07-26T08:43:16Z</time>
   </trkpt>
   <trkpt lat="25.0241400" lon="121.5819040">
    <ele>169.8</ele>
    <time>2026-07-26T08:43:17Z</time>
   </trkpt>
   <trkpt lat="25.0241390" lon="121.5819050">
    <ele>169.8</ele>
    <time>2026-07-26T08:43:18Z</time>
   </trkpt>
   <trkpt lat="25.0241390" lon="121.5819050">
    <ele>169.8</ele>
    <time>2026-07-26T08:43:19Z</time>
   </trkpt>
   <trkpt lat="25.0241430" lon="121.5819060">
    <ele>169.8</ele>
    <time>2026-07-26T08:43:20Z</time>
   </trkpt>
   <trkpt lat="25.0241410" lon="121.5819090">
    <ele>169.8</ele>
    <time>2026-07-26T08:43:21Z</time>
   </trkpt>
   <trkpt lat="25.0241470" lon="121.5819110">
    <ele>169.9</ele>
    <time>2026-07-26T08:43:22Z</time>
   </trkpt>
   <trkpt lat="25.0241600" lon="121.5819040">
    <ele>169.9</ele>
    <time>2026-07-26T08:43:23Z</time>
   </trkpt>
   <trkpt lat="25.0241680" lon="121.5818990">
    <ele>169.9</ele>
    <time>2026-07-26T08:43:24Z</time>
   </trkpt>
   <trkpt lat="25.0241720" lon="121.5818980">
    <ele>169.9</ele>
    <time>2026-07-26T08:43:25Z</time>
   </trkpt>
   <trkpt lat="25.0241830" lon="121.5818950">
    <ele>170.0</ele>
    <time>2026-07-26T08:43:26Z</time>
   </trkpt>
   <trkpt lat="25.0241870" lon="121.5818930">
    <ele>170.0</ele>
    <time>2026-07-26T08:43:27Z</time>
   </trkpt>
   <trkpt lat="25.0241990" lon="121.5818900">
    <ele>170.0</ele>
    <time>2026-07-26T08:43:28Z</time>
   </trkpt>
   <trkpt lat="25.0242100" lon="121.5818840">
    <ele>170.1</ele>
    <time>2026-07-26T08:43:29Z</time>
   </trkpt>
   <trkpt lat="25.0242160" lon="121.5818780">
    <ele>170.1</ele>
    <time>2026-07-26T08:43:30Z</time>
   </trkpt>
   <trkpt lat="25.0242230" lon="121.5818680">
    <ele>170.1</ele>
    <time>2026-07-26T08:43:31Z</time>
   </trkpt>
   <trkpt lat="25.0242210" lon="121.5818490">
    <ele>170.2</ele>
    <time>2026-07-26T08:43:32Z</time>
   </trkpt>
   <trkpt lat="25.0242210" lon="121.5818340">
    <ele>170.2</ele>
    <time>2026-07-26T08:43:33Z</time>
   </trkpt>
   <trkpt lat="25.0242270" lon="121.5818320">
    <ele>170.3</ele>
    <time>2026-07-26T08:43:34Z</time>
   </trkpt>
   <trkpt lat="25.0242310" lon="121.5818260">
    <ele>170.3</ele>
    <time>2026-07-26T08:43:35Z</time>
   </trkpt>
   <trkpt lat="25.0242380" lon="121.5818200">
    <ele>170.3</ele>
    <time>2026-07-26T08:43:36Z</time>
   </trkpt>
   <trkpt lat="25.0242450" lon="121.5818120">
    <ele>170.4</ele>
    <time>2026-07-26T08:43:37Z</time>
   </trkpt>
   <trkpt lat="25.0242540" lon="121.5818010">
    <ele>170.4</ele>
    <time>2026-07-26T08:43:38Z</time>
   </trkpt>
   <trkpt lat="25.0242590" lon="121.5817930">
    <ele>170.4</ele>
    <time>2026-07-26T08:43:39Z</time>
   </trkpt>
   <trkpt lat="25.0242680" lon="121.5817840">
    <ele>170.5</ele>
    <time>2026-07-26T08:43:40Z</time>
   </trkpt>
   <trkpt lat="25.0242730" lon="121.5817810">
    <ele>170.5</ele>
    <time>2026-07-26T08:43:41Z</time>
   </trkpt>
   <trkpt lat="25.0242800" lon="121.5817730">
    <ele>170.5</ele>
    <time>2026-07-26T08:43:42Z</time>
   </trkpt>
   <trkpt lat="25.0242850" lon="121.5817650">
    <ele>170.6</ele>
    <time>2026-07-26T08:43:43Z</time>
   </trkpt>
   <trkpt lat="25.0242900" lon="121.5817580">
    <ele>170.6</ele>
    <time>2026-07-26T08:43:44Z</time>
   </trkpt>
   <trkpt lat="25.0242950" lon="121.5817510">
    <ele>170.6</ele>
    <time>2026-07-26T08:43:45Z</time>
   </trkpt>
   <trkpt lat="25.0243000" lon="121.5817450">
    <ele>170.6</ele>
    <time>2026-07-26T08:43:46Z</time>
   </trkpt>
   <trkpt lat="25.0243050" lon="121.5817400">
    <ele>170.7</ele>
    <time>2026-07-26T08:43:47Z</time>
   </trkpt>
   <trkpt lat="25.0243100" lon="121.5817340">
    <ele>170.7</ele>
    <time>2026-07-26T08:43:48Z</time>
   </trkpt>
   <trkpt lat="25.0243150" lon="121.5817290">
    <ele>170.7</ele>
    <time>2026-07-26T08:43:49Z</time>
   </trkpt>
   <trkpt lat="25.0243200" lon="121.5817210">
    <ele>170.7</ele>
    <time>2026-07-26T08:43:50Z</time>
   </trkpt>
   <trkpt lat="25.0243240" lon="121.5817090">
    <ele>170.7</ele>
    <time>2026-07-26T08:43:51Z</time>
   </trkpt>
   <trkpt lat="25.0243290" lon="121.5816960">
    <ele>170.7</ele>
    <time>2026-07-26T08:43:52Z</time>
   </trkpt>
   <trkpt lat="25.0243380" lon="121.5816920">
    <ele>170.8</ele>
    <time>2026-07-26T08:43:53Z</time>
   </trkpt>
   <trkpt lat="25.0243360" lon="121.5816840">
    <ele>170.8</ele>
    <time>2026-07-26T08:43:54Z</time>
   </trkpt>
   <trkpt lat="25.0243380" lon="121.5816730">
    <ele>170.8</ele>
    <time>2026-07-26T08:43:55Z</time>
   </trkpt>
   <trkpt lat="25.0243380" lon="121.5816680">
    <ele>170.8</ele>
    <time>2026-07-26T08:43:56Z</time>
   </trkpt>
   <trkpt lat="25.0243450" lon="121.5816550">
    <ele>170.8</ele>
    <time>2026-07-26T08:43:57Z</time>
   </trkpt>
   <trkpt lat="25.0243510" lon="121.5816440">
    <ele>170.8</ele>
    <time>2026-07-26T08:43:58Z</time>
   </trkpt>
   <trkpt lat="25.0243580" lon="121.5816380">
    <ele>170.7</ele>
    <time>2026-07-26T08:43:59Z</time>
   </trkpt>
   <trkpt lat="25.0243670" lon="121.5816310">
    <ele>170.6</ele>
    <time>2026-07-26T08:44:00Z</time>
   </trkpt>
   <trkpt lat="25.0243720" lon="121.5816270">
    <ele>170.6</ele>
    <time>2026-07-26T08:44:01Z</time>
   </trkpt>
   <trkpt lat="25.0243770" lon="121.5816170">
    <ele>170.5</ele>
    <time>2026-07-26T08:44:02Z</time>
   </trkpt>
   <trkpt lat="25.0243830" lon="121.5816080">
    <ele>170.4</ele>
    <time>2026-07-26T08:44:04Z</time>
   </trkpt>
   <trkpt lat="25.0243870" lon="121.5816020">
    <ele>170.4</ele>
    <time>2026-07-26T08:44:05Z</time>
   </trkpt>
   <trkpt lat="25.0243900" lon="121.5815970">
    <ele>170.3</ele>
    <time>2026-07-26T08:44:06Z</time>
   </trkpt>
   <trkpt lat="25.0243900" lon="121.5815880">
    <ele>170.2</ele>
    <time>2026-07-26T08:44:07Z</time>
   </trkpt>
   <trkpt lat="25.0243940" lon="121.5815780">
    <ele>170.1</ele>
    <time>2026-07-26T08:44:08Z</time>
   </trkpt>
   <trkpt lat="25.0244040" lon="121.5815630">
    <ele>170.0</ele>
    <time>2026-07-26T08:44:09Z</time>
   </trkpt>
   <trkpt lat="25.0244160" lon="121.5815610">
    <ele>169.8</ele>
    <time>2026-07-26T08:44:10Z</time>
   </trkpt>
   <trkpt lat="25.0244290" lon="121.5815480">
    <ele>169.6</ele>
    <time>2026-07-26T08:44:11Z</time>
   </trkpt>
   <trkpt lat="25.0244380" lon="121.5815300">
    <ele>169.4</ele>
    <time>2026-07-26T08:44:12Z</time>
   </trkpt>
   <trkpt lat="25.0244480" lon="121.5815150">
    <ele>169.2</ele>
    <time>2026-07-26T08:44:13Z</time>
   </trkpt>
   <trkpt lat="25.0244590" lon="121.5815010">
    <ele>169.1</ele>
    <time>2026-07-26T08:44:14Z</time>
   </trkpt>
   <trkpt lat="25.0244710" lon="121.5814920">
    <ele>168.9</ele>
    <time>2026-07-26T08:44:15Z</time>
   </trkpt>
   <trkpt lat="25.0244730" lon="121.5814820">
    <ele>168.8</ele>
    <time>2026-07-26T08:44:16Z</time>
   </trkpt>
   <trkpt lat="25.0244850" lon="121.5814720">
    <ele>168.7</ele>
    <time>2026-07-26T08:44:17Z</time>
   </trkpt>
   <trkpt lat="25.0244940" lon="121.5814680">
    <ele>168.6</ele>
    <time>2026-07-26T08:44:18Z</time>
   </trkpt>
   <trkpt lat="25.0245020" lon="121.5814610">
    <ele>168.5</ele>
    <time>2026-07-26T08:44:19Z</time>
   </trkpt>
   <trkpt lat="25.0245120" lon="121.5814430">
    <ele>168.3</ele>
    <time>2026-07-26T08:44:20Z</time>
   </trkpt>
   <trkpt lat="25.0245290" lon="121.5814140">
    <ele>168.1</ele>
    <time>2026-07-26T08:44:21Z</time>
   </trkpt>
   <trkpt lat="25.0245440" lon="121.5813880">
    <ele>167.9</ele>
    <time>2026-07-26T08:44:22Z</time>
   </trkpt>
   <trkpt lat="25.0245670" lon="121.5813420">
    <ele>167.8</ele>
    <time>2026-07-26T08:44:23Z</time>
   </trkpt>
   <trkpt lat="25.0245730" lon="121.5813310">
    <ele>167.8</ele>
    <time>2026-07-26T08:44:24Z</time>
   </trkpt>
   <trkpt lat="25.0245820" lon="121.5813190">
    <ele>167.8</ele>
    <time>2026-07-26T08:44:25Z</time>
   </trkpt>
   <trkpt lat="25.0245860" lon="121.5813100">
    <ele>167.8</ele>
    <time>2026-07-26T08:44:26Z</time>
   </trkpt>
   <trkpt lat="25.0245890" lon="121.5813020">
    <ele>167.8</ele>
    <time>2026-07-26T08:44:27Z</time>
   </trkpt>
   <trkpt lat="25.0245970" lon="121.5812970">
    <ele>167.8</ele>
    <time>2026-07-26T08:44:28Z</time>
   </trkpt>
   <trkpt lat="25.0246050" lon="121.5812880">
    <ele>167.9</ele>
    <time>2026-07-26T08:44:29Z</time>
   </trkpt>
   <trkpt lat="25.0246080" lon="121.5812780">
    <ele>167.9</ele>
    <time>2026-07-26T08:44:30Z</time>
   </trkpt>
   <trkpt lat="25.0246200" lon="121.5812700">
    <ele>168.0</ele>
    <time>2026-07-26T08:44:31Z</time>
   </trkpt>
   <trkpt lat="25.0246320" lon="121.5812660">
    <ele>168.1</ele>
    <time>2026-07-26T08:44:32Z</time>
   </trkpt>
   <trkpt lat="25.0246420" lon="121.5812680">
    <ele>168.1</ele>
    <time>2026-07-26T08:44:33Z</time>
   </trkpt>
   <trkpt lat="25.0246520" lon="121.5812650">
    <ele>168.2</ele>
    <time>2026-07-26T08:44:34Z</time>
   </trkpt>
   <trkpt lat="25.0246650" lon="121.5812670">
    <ele>168.3</ele>
    <time>2026-07-26T08:44:35Z</time>
   </trkpt>
   <trkpt lat="25.0246760" lon="121.5812700">
    <ele>168.4</ele>
    <time>2026-07-26T08:44:36Z</time>
   </trkpt>
   <trkpt lat="25.0246870" lon="121.5812710">
    <ele>168.5</ele>
    <time>2026-07-26T08:44:37Z</time>
   </trkpt>
   <trkpt lat="25.0247010" lon="121.5812720">
    <ele>168.6</ele>
    <time>2026-07-26T08:44:38Z</time>
   </trkpt>
   <trkpt lat="25.0247190" lon="121.5812740">
    <ele>168.7</ele>
    <time>2026-07-26T08:44:39Z</time>
   </trkpt>
   <trkpt lat="25.0247380" lon="121.5812790">
    <ele>168.8</ele>
    <time>2026-07-26T08:44:40Z</time>
   </trkpt>
   <trkpt lat="25.0247490" lon="121.5812820">
    <ele>168.9</ele>
    <time>2026-07-26T08:44:41Z</time>
   </trkpt>
   <trkpt lat="25.0247660" lon="121.5812870">
    <ele>169.0</ele>
    <time>2026-07-26T08:44:42Z</time>
   </trkpt>
   <trkpt lat="25.0247860" lon="121.5812900">
    <ele>169.1</ele>
    <time>2026-07-26T08:44:43Z</time>
   </trkpt>
   <trkpt lat="25.0248010" lon="121.5812950">
    <ele>169.2</ele>
    <time>2026-07-26T08:44:44Z</time>
   </trkpt>
   <trkpt lat="25.0248150" lon="121.5812950">
    <ele>169.3</ele>
    <time>2026-07-26T08:44:45Z</time>
   </trkpt>
   <trkpt lat="25.0248310" lon="121.5812930">
    <ele>169.4</ele>
    <time>2026-07-26T08:44:46Z</time>
   </trkpt>
   <trkpt lat="25.0248420" lon="121.5812940">
    <ele>169.5</ele>
    <time>2026-07-26T08:44:47Z</time>
   </trkpt>
   <trkpt lat="25.0248510" lon="121.5812850">
    <ele>169.5</ele>
    <time>2026-07-26T08:44:48Z</time>
   </trkpt>
   <trkpt lat="25.0248650" lon="121.5812800">
    <ele>169.6</ele>
    <time>2026-07-26T08:44:49Z</time>
   </trkpt>
   <trkpt lat="25.0248760" lon="121.5812850">
    <ele>169.7</ele>
    <time>2026-07-26T08:44:50Z</time>
   </trkpt>
   <trkpt lat="25.0248870" lon="121.5812830">
    <ele>169.7</ele>
    <time>2026-07-26T08:44:51Z</time>
   </trkpt>
   <trkpt lat="25.0248870" lon="121.5812780">
    <ele>169.8</ele>
    <time>2026-07-26T08:44:52Z</time>
   </trkpt>
   <trkpt lat="25.0248940" lon="121.5812690">
    <ele>169.8</ele>
    <time>2026-07-26T08:44:53Z</time>
   </trkpt>
   <trkpt lat="25.0249000" lon="121.5812560">
    <ele>169.9</ele>
    <time>2026-07-26T08:44:54Z</time>
   </trkpt>
   <trkpt lat="25.0249090" lon="121.5812460">
    <ele>169.9</ele>
    <time>2026-07-26T08:44:55Z</time>
   </trkpt>
   <trkpt lat="25.0249140" lon="121.5812440">
    <ele>170.0</ele>
    <time>2026-07-26T08:44:56Z</time>
   </trkpt>
   <trkpt lat="25.0249150" lon="121.5812450">
    <ele>170.0</ele>
    <time>2026-07-26T08:44:57Z</time>
   </trkpt>
   <trkpt lat="25.0249120" lon="121.5812450">
    <ele>170.0</ele>
    <time>2026-07-26T08:44:58Z</time>
   </trkpt>
   <trkpt lat="25.0249180" lon="121.5812380">
    <ele>170.0</ele>
    <time>2026-07-26T08:44:59Z</time>
   </trkpt>
   <trkpt lat="25.0249250" lon="121.5812320">
    <ele>170.0</ele>
    <time>2026-07-26T08:45:00Z</time>
   </trkpt>
   <trkpt lat="25.0249330" lon="121.5812300">
    <ele>170.0</ele>
    <time>2026-07-26T08:45:01Z</time>
   </trkpt>
   <trkpt lat="25.0249510" lon="121.5812290">
    <ele>169.9</ele>
    <time>2026-07-26T08:45:02Z</time>
   </trkpt>
   <trkpt lat="25.0249570" lon="121.5812250">
    <ele>169.9</ele>
    <time>2026-07-26T08:45:03Z</time>
   </trkpt>
   <trkpt lat="25.0249580" lon="121.5812250">
    <ele>169.9</ele>
    <time>2026-07-26T08:45:04Z</time>
   </trkpt>
   <trkpt lat="25.0249670" lon="121.5812140">
    <ele>169.9</ele>
    <time>2026-07-26T08:45:05Z</time>
   </trkpt>
   <trkpt lat="25.0249730" lon="121.5812050">
    <ele>169.9</ele>
    <time>2026-07-26T08:45:06Z</time>
   </trkpt>
   <trkpt lat="25.0249800" lon="121.5812010">
    <ele>169.9</ele>
    <time>2026-07-26T08:45:07Z</time>
   </trkpt>
   <trkpt lat="25.0249840" lon="121.5811940">
    <ele>169.8</ele>
    <time>2026-07-26T08:45:08Z</time>
   </trkpt>
   <trkpt lat="25.0249930" lon="121.5811870">
    <ele>169.8</ele>
    <time>2026-07-26T08:45:09Z</time>
   </trkpt>
   <trkpt lat="25.0250100" lon="121.5811820">
    <ele>169.8</ele>
    <time>2026-07-26T08:45:10Z</time>
   </trkpt>
   <trkpt lat="25.0250160" lon="121.5811710">
    <ele>169.8</ele>
    <time>2026-07-26T08:45:11Z</time>
   </trkpt>
   <trkpt lat="25.0250240" lon="121.5811610">
    <ele>169.7</ele>
    <time>2026-07-26T08:45:12Z</time>
   </trkpt>
   <trkpt lat="25.0250280" lon="121.5811530">
    <ele>169.7</ele>
    <time>2026-07-26T08:45:13Z</time>
   </trkpt>
   <trkpt lat="25.0250270" lon="121.5811450">
    <ele>169.7</ele>
    <time>2026-07-26T08:45:14Z</time>
   </trkpt>
   <trkpt lat="25.0250290" lon="121.5811320">
    <ele>169.7</ele>
    <time>2026-07-26T08:45:15Z</time>
   </trkpt>
   <trkpt lat="25.0250390" lon="121.5811230">
    <ele>169.7</ele>
    <time>2026-07-26T08:45:16Z</time>
   </trkpt>
   <trkpt lat="25.0250380" lon="121.5811200">
    <ele>169.7</ele>
    <time>2026-07-26T08:45:17Z</time>
   </trkpt>
   <trkpt lat="25.0250430" lon="121.5811180">
    <ele>169.6</ele>
    <time>2026-07-26T08:45:18Z</time>
   </trkpt>
   <trkpt lat="25.0250490" lon="121.5811110">
    <ele>169.6</ele>
    <time>2026-07-26T08:45:19Z</time>
   </trkpt>
   <trkpt lat="25.0250540" lon="121.5811080">
    <ele>169.6</ele>
    <time>2026-07-26T08:45:20Z</time>
   </trkpt>
   <trkpt lat="25.0250570" lon="121.5811030">
    <ele>169.6</ele>
    <time>2026-07-26T08:45:21Z</time>
   </trkpt>
   <trkpt lat="25.0250580" lon="121.5810960">
    <ele>169.6</ele>
    <time>2026-07-26T08:45:22Z</time>
   </trkpt>
   <trkpt lat="25.0250680" lon="121.5811000">
    <ele>169.6</ele>
    <time>2026-07-26T08:45:23Z</time>
   </trkpt>
   <trkpt lat="25.0250710" lon="121.5810960">
    <ele>169.6</ele>
    <time>2026-07-26T08:45:24Z</time>
   </trkpt>
   <trkpt lat="25.0250710" lon="121.5810960">
    <ele>169.6</ele>
    <time>2026-07-26T08:45:25Z</time>
   </trkpt>
   <trkpt lat="25.0250730" lon="121.5810870">
    <ele>169.6</ele>
    <time>2026-07-26T08:45:26Z</time>
   </trkpt>
   <trkpt lat="25.0250710" lon="121.5810800">
    <ele>169.5</ele>
    <time>2026-07-26T08:45:27Z</time>
   </trkpt>
   <trkpt lat="25.0250720" lon="121.5810650">
    <ele>169.5</ele>
    <time>2026-07-26T08:45:28Z</time>
   </trkpt>
   <trkpt lat="25.0250760" lon="121.5810640">
    <ele>169.5</ele>
    <time>2026-07-26T08:45:29Z</time>
   </trkpt>
   <trkpt lat="25.0250840" lon="121.5810560">
    <ele>169.5</ele>
    <time>2026-07-26T08:45:30Z</time>
   </trkpt>
   <trkpt lat="25.0250910" lon="121.5810440">
    <ele>169.5</ele>
    <time>2026-07-26T08:45:31Z</time>
   </trkpt>
   <trkpt lat="25.0250940" lon="121.5810240">
    <ele>169.4</ele>
    <time>2026-07-26T08:45:32Z</time>
   </trkpt>
   <trkpt lat="25.0250830" lon="121.5810240">
    <ele>169.4</ele>
    <time>2026-07-26T08:45:33Z</time>
   </trkpt>
   <trkpt lat="25.0250820" lon="121.5810140">
    <ele>169.4</ele>
    <time>2026-07-26T08:45:34Z</time>
   </trkpt>
   <trkpt lat="25.0250860" lon="121.5810140">
    <ele>169.4</ele>
    <time>2026-07-26T08:45:35Z</time>
   </trkpt>
   <trkpt lat="25.0250870" lon="121.5810140">
    <ele>169.4</ele>
    <time>2026-07-26T08:45:36Z</time>
   </trkpt>
   <trkpt lat="25.0250940" lon="121.5810070">
    <ele>169.4</ele>
    <time>2026-07-26T08:45:37Z</time>
   </trkpt>
   <trkpt lat="25.0250950" lon="121.5809990">
    <ele>169.4</ele>
    <time>2026-07-26T08:45:38Z</time>
   </trkpt>
   <trkpt lat="25.0250870" lon="121.5809910">
    <ele>169.4</ele>
    <time>2026-07-26T08:45:39Z</time>
   </trkpt>
   <trkpt lat="25.0250850" lon="121.5809920">
    <ele>169.4</ele>
    <time>2026-07-26T08:45:40Z</time>
   </trkpt>
   <trkpt lat="25.0250740" lon="121.5809890">
    <ele>169.4</ele>
    <time>2026-07-26T08:45:41Z</time>
   </trkpt>
   <trkpt lat="25.0250680" lon="121.5809910">
    <ele>169.4</ele>
    <time>2026-07-26T08:45:42Z</time>
   </trkpt>
   <trkpt lat="25.0250680" lon="121.5809880">
    <ele>169.4</ele>
    <time>2026-07-26T08:45:43Z</time>
   </trkpt>
   <trkpt lat="25.0250680" lon="121.5809770">
    <ele>169.4</ele>
    <time>2026-07-26T08:45:44Z</time>
   </trkpt>
   <trkpt lat="25.0250620" lon="121.5809700">
    <ele>169.4</ele>
    <time>2026-07-26T08:45:45Z</time>
   </trkpt>
   <trkpt lat="25.0250570" lon="121.5809630">
    <ele>169.4</ele>
    <time>2026-07-26T08:45:46Z</time>
   </trkpt>
   <trkpt lat="25.0250530" lon="121.5809570">
    <ele>169.4</ele>
    <time>2026-07-26T08:45:47Z</time>
   </trkpt>
   <trkpt lat="25.0250420" lon="121.5809440">
    <ele>169.4</ele>
    <time>2026-07-26T08:45:48Z</time>
   </trkpt>
   <trkpt lat="25.0250400" lon="121.5809420">
    <ele>169.4</ele>
    <time>2026-07-26T08:45:49Z</time>
   </trkpt>
   <trkpt lat="25.0250430" lon="121.5809340">
    <ele>169.4</ele>
    <time>2026-07-26T08:45:50Z</time>
   </trkpt>
   <trkpt lat="25.0250380" lon="121.5809230">
    <ele>169.4</ele>
    <time>2026-07-26T08:45:51Z</time>
   </trkpt>
   <trkpt lat="25.0250340" lon="121.5809130">
    <ele>169.4</ele>
    <time>2026-07-26T08:45:52Z</time>
   </trkpt>
   <trkpt lat="25.0250290" lon="121.5809110">
    <ele>169.4</ele>
    <time>2026-07-26T08:45:53Z</time>
   </trkpt>
   <trkpt lat="25.0250200" lon="121.5809060">
    <ele>169.4</ele>
    <time>2026-07-26T08:45:54Z</time>
   </trkpt>
   <trkpt lat="25.0250190" lon="121.5808940">
    <ele>169.4</ele>
    <time>2026-07-26T08:45:55Z</time>
   </trkpt>
   <trkpt lat="25.0250130" lon="121.5808860">
    <ele>169.4</ele>
    <time>2026-07-26T08:45:56Z</time>
   </trkpt>
   <trkpt lat="25.0250050" lon="121.5808830">
    <ele>169.4</ele>
    <time>2026-07-26T08:45:57Z</time>
   </trkpt>
   <trkpt lat="25.0250000" lon="121.5808860">
    <ele>169.4</ele>
    <time>2026-07-26T08:45:58Z</time>
   </trkpt>
   <trkpt lat="25.0249870" lon="121.5808750">
    <ele>169.4</ele>
    <time>2026-07-26T08:45:59Z</time>
   </trkpt>
   <trkpt lat="25.0249860" lon="121.5808680">
    <ele>169.4</ele>
    <time>2026-07-26T08:46:00Z</time>
   </trkpt>
   <trkpt lat="25.0249910" lon="121.5808580">
    <ele>169.4</ele>
    <time>2026-07-26T08:46:01Z</time>
   </trkpt>
   <trkpt lat="25.0249960" lon="121.5808470">
    <ele>169.4</ele>
    <time>2026-07-26T08:46:02Z</time>
   </trkpt>
   <trkpt lat="25.0250000" lon="121.5808410">
    <ele>169.4</ele>
    <time>2026-07-26T08:46:03Z</time>
   </trkpt>
   <trkpt lat="25.0249980" lon="121.5808430">
    <ele>169.4</ele>
    <time>2026-07-26T08:46:04Z</time>
   </trkpt>
   <trkpt lat="25.0249950" lon="121.5808440">
    <ele>169.4</ele>
    <time>2026-07-26T08:46:05Z</time>
   </trkpt>
   <trkpt lat="25.0249880" lon="121.5808450">
    <ele>169.4</ele>
    <time>2026-07-26T08:46:06Z</time>
   </trkpt>
   <trkpt lat="25.0249830" lon="121.5808530">
    <ele>169.4</ele>
    <time>2026-07-26T08:46:07Z</time>
   </trkpt>
   <trkpt lat="25.0249820" lon="121.5808610">
    <ele>169.4</ele>
    <time>2026-07-26T08:46:08Z</time>
   </trkpt>
   <trkpt lat="25.0249890" lon="121.5808600">
    <ele>169.4</ele>
    <time>2026-07-26T08:46:09Z</time>
   </trkpt>
   <trkpt lat="25.0249940" lon="121.5808600">
    <ele>169.4</ele>
    <time>2026-07-26T08:46:10Z</time>
   </trkpt>
   <trkpt lat="25.0249970" lon="121.5808510">
    <ele>169.4</ele>
    <time>2026-07-26T08:46:11Z</time>
   </trkpt>
   <trkpt lat="25.0249970" lon="121.5808370">
    <ele>169.4</ele>
    <time>2026-07-26T08:46:12Z</time>
   </trkpt>
   <trkpt lat="25.0250000" lon="121.5808310">
    <ele>169.4</ele>
    <time>2026-07-26T08:46:13Z</time>
   </trkpt>
   <trkpt lat="25.0249960" lon="121.5808340">
    <ele>169.5</ele>
    <time>2026-07-26T08:46:14Z</time>
   </trkpt>
   <trkpt lat="25.0249930" lon="121.5808470">
    <ele>169.5</ele>
    <time>2026-07-26T08:46:15Z</time>
   </trkpt>
   <trkpt lat="25.0249900" lon="121.5808550">
    <ele>169.5</ele>
    <time>2026-07-26T08:46:16Z</time>
   </trkpt>
   <trkpt lat="25.0249870" lon="121.5808650">
    <ele>169.5</ele>
    <time>2026-07-26T08:46:17Z</time>
   </trkpt>
   <trkpt lat="25.0249810" lon="121.5808710">
    <ele>169.6</ele>
    <time>2026-07-26T08:46:18Z</time>
   </trkpt>
   <trkpt lat="25.0249760" lon="121.5808700">
    <ele>169.6</ele>
    <time>2026-07-26T08:46:19Z</time>
   </trkpt>
   <trkpt lat="25.0249750" lon="121.5808800">
    <ele>169.6</ele>
    <time>2026-07-26T08:46:20Z</time>
   </trkpt>
   <trkpt lat="25.0249730" lon="121.5808860">
    <ele>169.6</ele>
    <time>2026-07-26T08:46:21Z</time>
   </trkpt>
   <trkpt lat="25.0249680" lon="121.5808880">
    <ele>169.6</ele>
    <time>2026-07-26T08:46:22Z</time>
   </trkpt>
   <trkpt lat="25.0249630" lon="121.5808900">
    <ele>169.6</ele>
    <time>2026-07-26T08:46:23Z</time>
   </trkpt>
   <trkpt lat="25.0249600" lon="121.5808930">
    <ele>169.6</ele>
    <time>2026-07-26T08:46:24Z</time>
   </trkpt>
   <trkpt lat="25.0249610" lon="121.5809010">
    <ele>169.6</ele>
    <time>2026-07-26T08:46:25Z</time>
   </trkpt>
   <trkpt lat="25.0249610" lon="121.5809040">
    <ele>169.7</ele>
    <time>2026-07-26T08:46:26Z</time>
   </trkpt>
   <trkpt lat="25.0249590" lon="121.5809100">
    <ele>169.7</ele>
    <time>2026-07-26T08:46:27Z</time>
   </trkpt>
   <trkpt lat="25.0249590" lon="121.5809120">
    <ele>169.7</ele>
    <time>2026-07-26T08:46:28Z</time>
   </trkpt>
   <trkpt lat="25.0249520" lon="121.5809100">
    <ele>169.7</ele>
    <time>2026-07-26T08:46:29Z</time>
   </trkpt>
   <trkpt lat="25.0249520" lon="121.5809100">
    <ele>169.7</ele>
    <time>2026-07-26T08:46:30Z</time>
   </trkpt>
   <trkpt lat="25.0249480" lon="121.5809150">
    <ele>169.7</ele>
    <time>2026-07-26T08:46:31Z</time>
   </trkpt>
   <trkpt lat="25.0249500" lon="121.5809230">
    <ele>169.7</ele>
    <time>2026-07-26T08:46:32Z</time>
   </trkpt>
   <trkpt lat="25.0249460" lon="121.5809280">
    <ele>169.7</ele>
    <time>2026-07-26T08:46:33Z</time>
   </trkpt>
   <trkpt lat="25.0249400" lon="121.5809370">
    <ele>169.8</ele>
    <time>2026-07-26T08:46:34Z</time>
   </trkpt>
   <trkpt lat="25.0249380" lon="121.5809460">
    <ele>169.8</ele>
    <time>2026-07-26T08:46:35Z</time>
   </trkpt>
   <trkpt lat="25.0249340" lon="121.5809500">
    <ele>169.8</ele>
    <time>2026-07-26T08:46:36Z</time>
   </trkpt>
   <trkpt lat="25.0249350" lon="121.5809510">
    <ele>169.8</ele>
    <time>2026-07-26T08:46:37Z</time>
   </trkpt>
   <trkpt lat="25.0249320" lon="121.5809580">
    <ele>169.8</ele>
    <time>2026-07-26T08:46:38Z</time>
   </trkpt>
   <trkpt lat="25.0249230" lon="121.5809640">
    <ele>169.8</ele>
    <time>2026-07-26T08:46:39Z</time>
   </trkpt>
   <trkpt lat="25.0249200" lon="121.5809700">
    <ele>169.8</ele>
    <time>2026-07-26T08:46:40Z</time>
   </trkpt>
   <trkpt lat="25.0249180" lon="121.5809690">
    <ele>169.8</ele>
    <time>2026-07-26T08:46:41Z</time>
   </trkpt>
   <trkpt lat="25.0249180" lon="121.5809740">
    <ele>169.8</ele>
    <time>2026-07-26T08:46:42Z</time>
   </trkpt>
   <trkpt lat="25.0249150" lon="121.5809750">
    <ele>169.9</ele>
    <time>2026-07-26T08:46:43Z</time>
   </trkpt>
   <trkpt lat="25.0249160" lon="121.5809780">
    <ele>169.9</ele>
    <time>2026-07-26T08:46:44Z</time>
   </trkpt>
   <trkpt lat="25.0249120" lon="121.5809790">
    <ele>169.9</ele>
    <time>2026-07-26T08:46:45Z</time>
   </trkpt>
   <trkpt lat="25.0249110" lon="121.5809840">
    <ele>169.9</ele>
    <time>2026-07-26T08:46:46Z</time>
   </trkpt>
   <trkpt lat="25.0249080" lon="121.5809870">
    <ele>169.9</ele>
    <time>2026-07-26T08:46:47Z</time>
   </trkpt>
   <trkpt lat="25.0249060" lon="121.5809860">
    <ele>169.9</ele>
    <time>2026-07-26T08:46:48Z</time>
   </trkpt>
   <trkpt lat="25.0249030" lon="121.5809890">
    <ele>169.9</ele>
    <time>2026-07-26T08:46:49Z</time>
   </trkpt>
   <trkpt lat="25.0249010" lon="121.5809930">
    <ele>169.9</ele>
    <time>2026-07-26T08:46:50Z</time>
   </trkpt>
   <trkpt lat="25.0249020" lon="121.5809970">
    <ele>169.9</ele>
    <time>2026-07-26T08:46:51Z</time>
   </trkpt>
   <trkpt lat="25.0249020" lon="121.5809960">
    <ele>169.9</ele>
    <time>2026-07-26T08:46:52Z</time>
   </trkpt>
   <trkpt lat="25.0249090" lon="121.5809920">
    <ele>169.9</ele>
    <time>2026-07-26T08:46:53Z</time>
   </trkpt>
   <trkpt lat="25.0249140" lon="121.5809950">
    <ele>170.0</ele>
    <time>2026-07-26T08:46:54Z</time>
   </trkpt>
   <trkpt lat="25.0249140" lon="121.5809880">
    <ele>170.0</ele>
    <time>2026-07-26T08:46:55Z</time>
   </trkpt>
   <trkpt lat="25.0249190" lon="121.5809890">
    <ele>170.0</ele>
    <time>2026-07-26T08:46:56Z</time>
   </trkpt>
   <trkpt lat="25.0249240" lon="121.5809880">
    <ele>170.0</ele>
    <time>2026-07-26T08:46:57Z</time>
   </trkpt>
   <trkpt lat="25.0249260" lon="121.5809800">
    <ele>170.0</ele>
    <time>2026-07-26T08:46:58Z</time>
   </trkpt>
   <trkpt lat="25.0249260" lon="121.5809740">
    <ele>170.0</ele>
    <time>2026-07-26T08:46:59Z</time>
   </trkpt>
   <trkpt lat="25.0249260" lon="121.5809720">
    <ele>170.0</ele>
    <time>2026-07-26T08:47:00Z</time>
   </trkpt>
   <trkpt lat="25.0249240" lon="121.5809710">
    <ele>170.0</ele>
    <time>2026-07-26T08:47:01Z</time>
   </trkpt>
   <trkpt lat="25.0249320" lon="121.5809640">
    <ele>170.0</ele>
    <time>2026-07-26T08:47:02Z</time>
   </trkpt>
   <trkpt lat="25.0249370" lon="121.5809600">
    <ele>170.1</ele>
    <time>2026-07-26T08:47:03Z</time>
   </trkpt>
   <trkpt lat="25.0249380" lon="121.5809580">
    <ele>170.1</ele>
    <time>2026-07-26T08:47:04Z</time>
   </trkpt>
   <trkpt lat="25.0249410" lon="121.5809550">
    <ele>170.1</ele>
    <time>2026-07-26T08:47:05Z</time>
   </trkpt>
   <trkpt lat="25.0249420" lon="121.5809550">
    <ele>170.1</ele>
    <time>2026-07-26T08:47:06Z</time>
   </trkpt>
   <trkpt lat="25.0249440" lon="121.5809530">
    <ele>170.1</ele>
    <time>2026-07-26T08:47:07Z</time>
   </trkpt>
   <trkpt lat="25.0249490" lon="121.5809490">
    <ele>170.1</ele>
    <time>2026-07-26T08:47:08Z</time>
   </trkpt>
   <trkpt lat="25.0249500" lon="121.5809440">
    <ele>170.1</ele>
    <time>2026-07-26T08:47:09Z</time>
   </trkpt>
   <trkpt lat="25.0249480" lon="121.5809340">
    <ele>170.1</ele>
    <time>2026-07-26T08:47:10Z</time>
   </trkpt>
   <trkpt lat="25.0249520" lon="121.5809320">
    <ele>170.1</ele>
    <time>2026-07-26T08:47:11Z</time>
   </trkpt>
   <trkpt lat="25.0249570" lon="121.5809280">
    <ele>170.1</ele>
    <time>2026-07-26T08:47:12Z</time>
   </trkpt>
   <trkpt lat="25.0249580" lon="121.5809250">
    <ele>170.2</ele>
    <time>2026-07-26T08:47:13Z</time>
   </trkpt>
   <trkpt lat="25.0249570" lon="121.5809230">
    <ele>170.2</ele>
    <time>2026-07-26T08:47:14Z</time>
   </trkpt>
   <trkpt lat="25.0249590" lon="121.5809170">
    <ele>170.2</ele>
    <time>2026-07-26T08:47:15Z</time>
   </trkpt>
   <trkpt lat="25.0249680" lon="121.5809150">
    <ele>170.2</ele>
    <time>2026-07-26T08:47:16Z</time>
   </trkpt>
   <trkpt lat="25.0249690" lon="121.5809140">
    <ele>170.2</ele>
    <time>2026-07-26T08:47:17Z</time>
   </trkpt>
   <trkpt lat="25.0249740" lon="121.5809140">
    <ele>170.2</ele>
    <time>2026-07-26T08:47:18Z</time>
   </trkpt>
   <trkpt lat="25.0249810" lon="121.5809040">
    <ele>170.2</ele>
    <time>2026-07-26T08:47:19Z</time>
   </trkpt>
   <trkpt lat="25.0249910" lon="121.5808990">
    <ele>170.2</ele>
    <time>2026-07-26T08:47:20Z</time>
   </trkpt>
   <trkpt lat="25.0250050" lon="121.5808950">
    <ele>169.9</ele>
    <time>2026-07-26T08:47:21Z</time>
   </trkpt>
   <trkpt lat="25.0250050" lon="121.5808730">
    <ele>169.4</ele>
    <time>2026-07-26T08:47:22Z</time>
   </trkpt>
   <trkpt lat="25.0250050" lon="121.5808600">
    <ele>169.4</ele>
    <time>2026-07-26T08:47:23Z</time>
   </trkpt>
   <trkpt lat="25.0250040" lon="121.5808440">
    <ele>169.3</ele>
    <time>2026-07-26T08:47:24Z</time>
   </trkpt>
   <trkpt lat="25.0249980" lon="121.5808330">
    <ele>169.3</ele>
    <time>2026-07-26T08:47:25Z</time>
   </trkpt>
   <trkpt lat="25.0249970" lon="121.5808280">
    <ele>169.2</ele>
    <time>2026-07-26T08:47:26Z</time>
   </trkpt>
   <trkpt lat="25.0250020" lon="121.5808130">
    <ele>169.2</ele>
    <time>2026-07-26T08:47:27Z</time>
   </trkpt>
   <trkpt lat="25.0250090" lon="121.5807940">
    <ele>169.1</ele>
    <time>2026-07-26T08:47:28Z</time>
   </trkpt>
   <trkpt lat="25.0250110" lon="121.5807720">
    <ele>169.0</ele>
    <time>2026-07-26T08:47:29Z</time>
   </trkpt>
   <trkpt lat="25.0250060" lon="121.5807520">
    <ele>169.0</ele>
    <time>2026-07-26T08:47:30Z</time>
   </trkpt>
   <trkpt lat="25.0250100" lon="121.5807450">
    <ele>168.9</ele>
    <time>2026-07-26T08:47:31Z</time>
   </trkpt>
   <trkpt lat="25.0250190" lon="121.5807370">
    <ele>168.9</ele>
    <time>2026-07-26T08:47:32Z</time>
   </trkpt>
   <trkpt lat="25.0250230" lon="121.5807290">
    <ele>168.9</ele>
    <time>2026-07-26T08:47:33Z</time>
   </trkpt>
   <trkpt lat="25.0250330" lon="121.5807170">
    <ele>168.8</ele>
    <time>2026-07-26T08:47:34Z</time>
   </trkpt>
   <trkpt lat="25.0250430" lon="121.5807040">
    <ele>168.6</ele>
    <time>2026-07-26T08:47:35Z</time>
   </trkpt>
   <trkpt lat="25.0250510" lon="121.5806940">
    <ele>168.2</ele>
    <time>2026-07-26T08:47:36Z</time>
   </trkpt>
   <trkpt lat="25.0250680" lon="121.5806870">
    <ele>167.6</ele>
    <time>2026-07-26T08:47:37Z</time>
   </trkpt>
   <trkpt lat="25.0250790" lon="121.5806790">
    <ele>167.2</ele>
    <time>2026-07-26T08:47:38Z</time>
   </trkpt>
   <trkpt lat="25.0250790" lon="121.5806710">
    <ele>167.0</ele>
    <time>2026-07-26T08:47:39Z</time>
   </trkpt>
   <trkpt lat="25.0250820" lon="121.5806610">
    <ele>166.7</ele>
    <time>2026-07-26T08:47:40Z</time>
   </trkpt>
   <trkpt lat="25.0250830" lon="121.5806570">
    <ele>166.5</ele>
    <time>2026-07-26T08:47:41Z</time>
   </trkpt>
   <trkpt lat="25.0250840" lon="121.5806510">
    <ele>166.4</ele>
    <time>2026-07-26T08:47:42Z</time>
   </trkpt>
   <trkpt lat="25.0250900" lon="121.5806410">
    <ele>166.0</ele>
    <time>2026-07-26T08:47:43Z</time>
   </trkpt>
   <trkpt lat="25.0250940" lon="121.5806330">
    <ele>165.7</ele>
    <time>2026-07-26T08:47:44Z</time>
   </trkpt>
   <trkpt lat="25.0251000" lon="121.5806300">
    <ele>165.5</ele>
    <time>2026-07-26T08:47:45Z</time>
   </trkpt>
   <trkpt lat="25.0251050" lon="121.5806080">
    <ele>164.9</ele>
    <time>2026-07-26T08:47:46Z</time>
   </trkpt>
   <trkpt lat="25.0251060" lon="121.5805870">
    <ele>164.3</ele>
    <time>2026-07-26T08:47:47Z</time>
   </trkpt>
   <trkpt lat="25.0251080" lon="121.5805680">
    <ele>163.8</ele>
    <time>2026-07-26T08:47:48Z</time>
   </trkpt>
   <trkpt lat="25.0251100" lon="121.5805490">
    <ele>163.3</ele>
    <time>2026-07-26T08:47:49Z</time>
   </trkpt>
   <trkpt lat="25.0251100" lon="121.5805110">
    <ele>162.4</ele>
    <time>2026-07-26T08:47:50Z</time>
   </trkpt>
   <trkpt lat="25.0251090" lon="121.5804860">
    <ele>162.0</ele>
    <time>2026-07-26T08:47:51Z</time>
   </trkpt>
   <trkpt lat="25.0251080" lon="121.5804490">
    <ele>161.4</ele>
    <time>2026-07-26T08:47:52Z</time>
   </trkpt>
   <trkpt lat="25.0251150" lon="121.5804310">
    <ele>161.1</ele>
    <time>2026-07-26T08:47:53Z</time>
   </trkpt>
   <trkpt lat="25.0251180" lon="121.5804100">
    <ele>160.8</ele>
    <time>2026-07-26T08:47:54Z</time>
   </trkpt>
   <trkpt lat="25.0251080" lon="121.5803980">
    <ele>160.5</ele>
    <time>2026-07-26T08:47:55Z</time>
   </trkpt>
   <trkpt lat="25.0251010" lon="121.5803850">
    <ele>160.3</ele>
    <time>2026-07-26T08:47:56Z</time>
   </trkpt>
   <trkpt lat="25.0250970" lon="121.5803680">
    <ele>160.0</ele>
    <time>2026-07-26T08:47:57Z</time>
   </trkpt>
   <trkpt lat="25.0250950" lon="121.5803460">
    <ele>159.6</ele>
    <time>2026-07-26T08:47:58Z</time>
   </trkpt>
   <trkpt lat="25.0250940" lon="121.5803280">
    <ele>159.3</ele>
    <time>2026-07-26T08:47:59Z</time>
   </trkpt>
   <trkpt lat="25.0250980" lon="121.5803130">
    <ele>158.9</ele>
    <time>2026-07-26T08:48:00Z</time>
   </trkpt>
   <trkpt lat="25.0251010" lon="121.5803000">
    <ele>158.6</ele>
    <time>2026-07-26T08:48:01Z</time>
   </trkpt>
   <trkpt lat="25.0250990" lon="121.5802890">
    <ele>158.3</ele>
    <time>2026-07-26T08:48:02Z</time>
   </trkpt>
   <trkpt lat="25.0250970" lon="121.5802840">
    <ele>158.2</ele>
    <time>2026-07-26T08:48:03Z</time>
   </trkpt>
   <trkpt lat="25.0251040" lon="121.5802790">
    <ele>158.0</ele>
    <time>2026-07-26T08:48:04Z</time>
   </trkpt>
   <trkpt lat="25.0251100" lon="121.5802690">
    <ele>157.6</ele>
    <time>2026-07-26T08:48:05Z</time>
   </trkpt>
   <trkpt lat="25.0251120" lon="121.5802510">
    <ele>157.1</ele>
    <time>2026-07-26T08:48:06Z</time>
   </trkpt>
   <trkpt lat="25.0251130" lon="121.5802350">
    <ele>156.7</ele>
    <time>2026-07-26T08:48:07Z</time>
   </trkpt>
   <trkpt lat="25.0251160" lon="121.5802170">
    <ele>156.2</ele>
    <time>2026-07-26T08:48:08Z</time>
   </trkpt>
   <trkpt lat="25.0251240" lon="121.5801880">
    <ele>155.4</ele>
    <time>2026-07-26T08:48:09Z</time>
   </trkpt>
   <trkpt lat="25.0251390" lon="121.5801600">
    <ele>154.6</ele>
    <time>2026-07-26T08:48:10Z</time>
   </trkpt>
   <trkpt lat="25.0251430" lon="121.5801390">
    <ele>154.1</ele>
    <time>2026-07-26T08:48:11Z</time>
   </trkpt>
   <trkpt lat="25.0251480" lon="121.5801040">
    <ele>153.4</ele>
    <time>2026-07-26T08:48:12Z</time>
   </trkpt>
   <trkpt lat="25.0251480" lon="121.5800880">
    <ele>153.4</ele>
    <time>2026-07-26T08:48:13Z</time>
   </trkpt>
   <trkpt lat="25.0251520" lon="121.5800780">
    <ele>153.4</ele>
    <time>2026-07-26T08:48:14Z</time>
   </trkpt>
   <trkpt lat="25.0251580" lon="121.5800600">
    <ele>153.4</ele>
    <time>2026-07-26T08:48:15Z</time>
   </trkpt>
   <trkpt lat="25.0251610" lon="121.5800420">
    <ele>153.4</ele>
    <time>2026-07-26T08:48:16Z</time>
   </trkpt>
   <trkpt lat="25.0251660" lon="121.5800270">
    <ele>153.4</ele>
    <time>2026-07-26T08:48:17Z</time>
   </trkpt>
   <trkpt lat="25.0251740" lon="121.5800110">
    <ele>153.4</ele>
    <time>2026-07-26T08:48:18Z</time>
   </trkpt>
   <trkpt lat="25.0251800" lon="121.5799990">
    <ele>153.5</ele>
    <time>2026-07-26T08:48:19Z</time>
   </trkpt>
   <trkpt lat="25.0251880" lon="121.5799810">
    <ele>153.5</ele>
    <time>2026-07-26T08:48:20Z</time>
   </trkpt>
   <trkpt lat="25.0251940" lon="121.5799690">
    <ele>153.5</ele>
    <time>2026-07-26T08:48:22Z</time>
   </trkpt>
   <trkpt lat="25.0251980" lon="121.5799620">
    <ele>153.5</ele>
    <time>2026-07-26T08:48:23Z</time>
   </trkpt>
   <trkpt lat="25.0252050" lon="121.5799460">
    <ele>153.6</ele>
    <time>2026-07-26T08:48:24Z</time>
   </trkpt>
   <trkpt lat="25.0252120" lon="121.5799340">
    <ele>153.6</ele>
    <time>2026-07-26T08:48:25Z</time>
   </trkpt>
   <trkpt lat="25.0252150" lon="121.5799200">
    <ele>153.6</ele>
    <time>2026-07-26T08:48:26Z</time>
   </trkpt>
   <trkpt lat="25.0252180" lon="121.5799060">
    <ele>153.7</ele>
    <time>2026-07-26T08:48:27Z</time>
   </trkpt>
   <trkpt lat="25.0252180" lon="121.5798920">
    <ele>153.7</ele>
    <time>2026-07-26T08:48:28Z</time>
   </trkpt>
   <trkpt lat="25.0252170" lon="121.5798780">
    <ele>153.7</ele>
    <time>2026-07-26T08:48:29Z</time>
   </trkpt>
   <trkpt lat="25.0252190" lon="121.5798650">
    <ele>153.8</ele>
    <time>2026-07-26T08:48:30Z</time>
   </trkpt>
   <trkpt lat="25.0252160" lon="121.5798360">
    <ele>153.9</ele>
    <time>2026-07-26T08:48:31Z</time>
   </trkpt>
   <trkpt lat="25.0252170" lon="121.5798180">
    <ele>154.0</ele>
    <time>2026-07-26T08:48:32Z</time>
   </trkpt>
   <trkpt lat="25.0252180" lon="121.5798030">
    <ele>154.1</ele>
    <time>2026-07-26T08:48:33Z</time>
   </trkpt>
   <trkpt lat="25.0252220" lon="121.5797860">
    <ele>154.3</ele>
    <time>2026-07-26T08:48:34Z</time>
   </trkpt>
   <trkpt lat="25.0252270" lon="121.5797700">
    <ele>154.4</ele>
    <time>2026-07-26T08:48:35Z</time>
   </trkpt>
   <trkpt lat="25.0252290" lon="121.5797660">
    <ele>154.4</ele>
    <time>2026-07-26T08:48:36Z</time>
   </trkpt>
   <trkpt lat="25.0252290" lon="121.5797560">
    <ele>154.5</ele>
    <time>2026-07-26T08:48:37Z</time>
   </trkpt>
   <trkpt lat="25.0252270" lon="121.5797480">
    <ele>154.6</ele>
    <time>2026-07-26T08:48:38Z</time>
   </trkpt>
   <trkpt lat="25.0252300" lon="121.5797370">
    <ele>154.7</ele>
    <time>2026-07-26T08:48:39Z</time>
   </trkpt>
   <trkpt lat="25.0252340" lon="121.5797200">
    <ele>154.8</ele>
    <time>2026-07-26T08:48:40Z</time>
   </trkpt>
   <trkpt lat="25.0252350" lon="121.5797060">
    <ele>155.0</ele>
    <time>2026-07-26T08:48:41Z</time>
   </trkpt>
   <trkpt lat="25.0252340" lon="121.5796960">
    <ele>155.1</ele>
    <time>2026-07-26T08:48:42Z</time>
   </trkpt>
   <trkpt lat="25.0252360" lon="121.5796820">
    <ele>155.2</ele>
    <time>2026-07-26T08:48:43Z</time>
   </trkpt>
   <trkpt lat="25.0252370" lon="121.5796660">
    <ele>155.4</ele>
    <time>2026-07-26T08:48:44Z</time>
   </trkpt>
   <trkpt lat="25.0252380" lon="121.5796500">
    <ele>155.6</ele>
    <time>2026-07-26T08:48:45Z</time>
   </trkpt>
   <trkpt lat="25.0252410" lon="121.5796410">
    <ele>155.7</ele>
    <time>2026-07-26T08:48:46Z</time>
   </trkpt>
   <trkpt lat="25.0252410" lon="121.5796330">
    <ele>155.8</ele>
    <time>2026-07-26T08:48:47Z</time>
   </trkpt>
   <trkpt lat="25.0252440" lon="121.5796240">
    <ele>155.9</ele>
    <time>2026-07-26T08:48:48Z</time>
   </trkpt>
   <trkpt lat="25.0252430" lon="121.5796140">
    <ele>156.0</ele>
    <time>2026-07-26T08:48:49Z</time>
   </trkpt>
   <trkpt lat="25.0252450" lon="121.5796000">
    <ele>156.2</ele>
    <time>2026-07-26T08:48:50Z</time>
   </trkpt>
   <trkpt lat="25.0252440" lon="121.5795950">
    <ele>156.2</ele>
    <time>2026-07-26T08:48:51Z</time>
   </trkpt>
   <trkpt lat="25.0252430" lon="121.5795850">
    <ele>156.4</ele>
    <time>2026-07-26T08:48:52Z</time>
   </trkpt>
   <trkpt lat="25.0252440" lon="121.5795770">
    <ele>156.5</ele>
    <time>2026-07-26T08:48:53Z</time>
   </trkpt>
   <trkpt lat="25.0252450" lon="121.5795700">
    <ele>156.6</ele>
    <time>2026-07-26T08:48:54Z</time>
   </trkpt>
   <trkpt lat="25.0252470" lon="121.5795620">
    <ele>156.7</ele>
    <time>2026-07-26T08:48:55Z</time>
   </trkpt>
   <trkpt lat="25.0252470" lon="121.5795480">
    <ele>156.9</ele>
    <time>2026-07-26T08:48:56Z</time>
   </trkpt>
   <trkpt lat="25.0252490" lon="121.5795370">
    <ele>157.0</ele>
    <time>2026-07-26T08:48:57Z</time>
   </trkpt>
   <trkpt lat="25.0252500" lon="121.5795260">
    <ele>157.2</ele>
    <time>2026-07-26T08:48:58Z</time>
   </trkpt>
   <trkpt lat="25.0252490" lon="121.5795170">
    <ele>157.3</ele>
    <time>2026-07-26T08:48:59Z</time>
   </trkpt>
   <trkpt lat="25.0252520" lon="121.5795080">
    <ele>157.4</ele>
    <time>2026-07-26T08:49:00Z</time>
   </trkpt>
   <trkpt lat="25.0252530" lon="121.5795020">
    <ele>157.5</ele>
    <time>2026-07-26T08:49:01Z</time>
   </trkpt>
   <trkpt lat="25.0252530" lon="121.5794950">
    <ele>157.6</ele>
    <time>2026-07-26T08:49:02Z</time>
   </trkpt>
   <trkpt lat="25.0252550" lon="121.5794830">
    <ele>157.7</ele>
    <time>2026-07-26T08:49:03Z</time>
   </trkpt>
   <trkpt lat="25.0252610" lon="121.5794730">
    <ele>157.9</ele>
    <time>2026-07-26T08:49:04Z</time>
   </trkpt>
   <trkpt lat="25.0252600" lon="121.5794660">
    <ele>158.0</ele>
    <time>2026-07-26T08:49:05Z</time>
   </trkpt>
   <trkpt lat="25.0252650" lon="121.5794600">
    <ele>158.1</ele>
    <time>2026-07-26T08:49:06Z</time>
   </trkpt>
   <trkpt lat="25.0252700" lon="121.5794450">
    <ele>158.3</ele>
    <time>2026-07-26T08:49:07Z</time>
   </trkpt>
   <trkpt lat="25.0252700" lon="121.5794360">
    <ele>158.4</ele>
    <time>2026-07-26T08:49:08Z</time>
   </trkpt>
   <trkpt lat="25.0252680" lon="121.5794280">
    <ele>158.5</ele>
    <time>2026-07-26T08:49:09Z</time>
   </trkpt>
   <trkpt lat="25.0252670" lon="121.5794200">
    <ele>158.6</ele>
    <time>2026-07-26T08:49:10Z</time>
   </trkpt>
   <trkpt lat="25.0252670" lon="121.5794080">
    <ele>158.8</ele>
    <time>2026-07-26T08:49:11Z</time>
   </trkpt>
   <trkpt lat="25.0252690" lon="121.5793920">
    <ele>159.0</ele>
    <time>2026-07-26T08:49:12Z</time>
   </trkpt>
   <trkpt lat="25.0252670" lon="121.5793810">
    <ele>159.1</ele>
    <time>2026-07-26T08:49:13Z</time>
   </trkpt>
   <trkpt lat="25.0252690" lon="121.5793650">
    <ele>159.3</ele>
    <time>2026-07-26T08:49:14Z</time>
   </trkpt>
   <trkpt lat="25.0252710" lon="121.5793530">
    <ele>159.5</ele>
    <time>2026-07-26T08:49:15Z</time>
   </trkpt>
   <trkpt lat="25.0252710" lon="121.5793390">
    <ele>159.7</ele>
    <time>2026-07-26T08:49:16Z</time>
   </trkpt>
   <trkpt lat="25.0252710" lon="121.5793270">
    <ele>159.8</ele>
    <time>2026-07-26T08:49:17Z</time>
   </trkpt>
   <trkpt lat="25.0252720" lon="121.5793140">
    <ele>160.0</ele>
    <time>2026-07-26T08:49:18Z</time>
   </trkpt>
   <trkpt lat="25.0252730" lon="121.5793050">
    <ele>160.1</ele>
    <time>2026-07-26T08:49:19Z</time>
   </trkpt>
   <trkpt lat="25.0252740" lon="121.5792950">
    <ele>160.2</ele>
    <time>2026-07-26T08:49:20Z</time>
   </trkpt>
   <trkpt lat="25.0252740" lon="121.5792800">
    <ele>160.4</ele>
    <time>2026-07-26T08:49:21Z</time>
   </trkpt>
   <trkpt lat="25.0252770" lon="121.5792710">
    <ele>160.5</ele>
    <time>2026-07-26T08:49:22Z</time>
   </trkpt>
   <trkpt lat="25.0252770" lon="121.5792570">
    <ele>160.7</ele>
    <time>2026-07-26T08:49:23Z</time>
   </trkpt>
   <trkpt lat="25.0252770" lon="121.5792430">
    <ele>160.8</ele>
    <time>2026-07-26T08:49:24Z</time>
   </trkpt>
   <trkpt lat="25.0252760" lon="121.5792330">
    <ele>160.9</ele>
    <time>2026-07-26T08:49:25Z</time>
   </trkpt>
   <trkpt lat="25.0252740" lon="121.5792260">
    <ele>161.0</ele>
    <time>2026-07-26T08:49:26Z</time>
   </trkpt>
   <trkpt lat="25.0252740" lon="121.5792180">
    <ele>161.1</ele>
    <time>2026-07-26T08:49:27Z</time>
   </trkpt>
   <trkpt lat="25.0252750" lon="121.5792050">
    <ele>161.2</ele>
    <time>2026-07-26T08:49:28Z</time>
   </trkpt>
   <trkpt lat="25.0252790" lon="121.5791950">
    <ele>161.4</ele>
    <time>2026-07-26T08:49:29Z</time>
   </trkpt>
   <trkpt lat="25.0252790" lon="121.5791880">
    <ele>161.4</ele>
    <time>2026-07-26T08:49:30Z</time>
   </trkpt>
   <trkpt lat="25.0252780" lon="121.5791790">
    <ele>161.5</ele>
    <time>2026-07-26T08:49:31Z</time>
   </trkpt>
   <trkpt lat="25.0252790" lon="121.5791710">
    <ele>161.6</ele>
    <time>2026-07-26T08:49:32Z</time>
   </trkpt>
   <trkpt lat="25.0252800" lon="121.5791620">
    <ele>161.7</ele>
    <time>2026-07-26T08:49:33Z</time>
   </trkpt>
   <trkpt lat="25.0252820" lon="121.5791460">
    <ele>161.8</ele>
    <time>2026-07-26T08:49:34Z</time>
   </trkpt>
   <trkpt lat="25.0252820" lon="121.5791350">
    <ele>161.9</ele>
    <time>2026-07-26T08:49:35Z</time>
   </trkpt>
   <trkpt lat="25.0252820" lon="121.5791250">
    <ele>162.0</ele>
    <time>2026-07-26T08:49:36Z</time>
   </trkpt>
   <trkpt lat="25.0252810" lon="121.5791190">
    <ele>162.0</ele>
    <time>2026-07-26T08:49:37Z</time>
   </trkpt>
   <trkpt lat="25.0252800" lon="121.5791110">
    <ele>162.0</ele>
    <time>2026-07-26T08:49:38Z</time>
   </trkpt>
   <trkpt lat="25.0252800" lon="121.5791030">
    <ele>162.1</ele>
    <time>2026-07-26T08:49:39Z</time>
   </trkpt>
   <trkpt lat="25.0252800" lon="121.5790920">
    <ele>162.1</ele>
    <time>2026-07-26T08:49:40Z</time>
   </trkpt>
   <trkpt lat="25.0252830" lon="121.5790920">
    <ele>162.2</ele>
    <time>2026-07-26T08:49:41Z</time>
   </trkpt>
   <trkpt lat="25.0252830" lon="121.5790860">
    <ele>162.2</ele>
    <time>2026-07-26T08:49:42Z</time>
   </trkpt>
   <trkpt lat="25.0252840" lon="121.5790740">
    <ele>162.3</ele>
    <time>2026-07-26T08:49:43Z</time>
   </trkpt>
   <trkpt lat="25.0252790" lon="121.5790630">
    <ele>162.3</ele>
    <time>2026-07-26T08:49:44Z</time>
   </trkpt>
   <trkpt lat="25.0252810" lon="121.5790620">
    <ele>162.3</ele>
    <time>2026-07-26T08:49:45Z</time>
   </trkpt>
   <trkpt lat="25.0252790" lon="121.5790500">
    <ele>162.3</ele>
    <time>2026-07-26T08:49:46Z</time>
   </trkpt>
   <trkpt lat="25.0252770" lon="121.5790340">
    <ele>162.4</ele>
    <time>2026-07-26T08:49:47Z</time>
   </trkpt>
   <trkpt lat="25.0252800" lon="121.5790310">
    <ele>162.4</ele>
    <time>2026-07-26T08:49:48Z</time>
   </trkpt>
   <trkpt lat="25.0252810" lon="121.5790190">
    <ele>162.4</ele>
    <time>2026-07-26T08:49:49Z</time>
   </trkpt>
   <trkpt lat="25.0252800" lon="121.5790110">
    <ele>162.4</ele>
    <time>2026-07-26T08:49:50Z</time>
   </trkpt>
   <trkpt lat="25.0252800" lon="121.5790010">
    <ele>162.4</ele>
    <time>2026-07-26T08:49:51Z</time>
   </trkpt>
   <trkpt lat="25.0252820" lon="121.5789970">
    <ele>162.4</ele>
    <time>2026-07-26T08:49:52Z</time>
   </trkpt>
   <trkpt lat="25.0252870" lon="121.5789920">
    <ele>162.4</ele>
    <time>2026-07-26T08:49:53Z</time>
   </trkpt>
   <trkpt lat="25.0252860" lon="121.5789890">
    <ele>162.4</ele>
    <time>2026-07-26T08:49:54Z</time>
   </trkpt>
   <trkpt lat="25.0252830" lon="121.5789840">
    <ele>162.4</ele>
    <time>2026-07-26T08:49:55Z</time>
   </trkpt>
   <trkpt lat="25.0252820" lon="121.5789790">
    <ele>162.4</ele>
    <time>2026-07-26T08:49:56Z</time>
   </trkpt>
   <trkpt lat="25.0252830" lon="121.5789730">
    <ele>162.4</ele>
    <time>2026-07-26T08:49:57Z</time>
   </trkpt>
   <trkpt lat="25.0252870" lon="121.5789620">
    <ele>162.4</ele>
    <time>2026-07-26T08:49:58Z</time>
   </trkpt>
   <trkpt lat="25.0252850" lon="121.5789570">
    <ele>162.4</ele>
    <time>2026-07-26T08:49:59Z</time>
   </trkpt>
   <trkpt lat="25.0252840" lon="121.5789600">
    <ele>162.4</ele>
    <time>2026-07-26T08:50:00Z</time>
   </trkpt>
   <trkpt lat="25.0252830" lon="121.5789580">
    <ele>162.4</ele>
    <time>2026-07-26T08:50:01Z</time>
   </trkpt>
   <trkpt lat="25.0252800" lon="121.5789570">
    <ele>162.4</ele>
    <time>2026-07-26T08:50:02Z</time>
   </trkpt>
   <trkpt lat="25.0252790" lon="121.5789490">
    <ele>162.4</ele>
    <time>2026-07-26T08:50:03Z</time>
   </trkpt>
   <trkpt lat="25.0252780" lon="121.5789490">
    <ele>162.4</ele>
    <time>2026-07-26T08:50:04Z</time>
   </trkpt>
   <trkpt lat="25.0252780" lon="121.5789490">
    <ele>162.4</ele>
    <time>2026-07-26T08:50:05Z</time>
   </trkpt>
   <trkpt lat="25.0252760" lon="121.5789430">
    <ele>162.4</ele>
    <time>2026-07-26T08:50:06Z</time>
   </trkpt>
   <trkpt lat="25.0252830" lon="121.5789360">
    <ele>162.4</ele>
    <time>2026-07-26T08:50:07Z</time>
   </trkpt>
   <trkpt lat="25.0252880" lon="121.5789320">
    <ele>162.4</ele>
    <time>2026-07-26T08:50:08Z</time>
   </trkpt>
   <trkpt lat="25.0252860" lon="121.5789340">
    <ele>162.4</ele>
    <time>2026-07-26T08:50:09Z</time>
   </trkpt>
   <trkpt lat="25.0252810" lon="121.5789330">
    <ele>162.3</ele>
    <time>2026-07-26T08:50:10Z</time>
   </trkpt>
   <trkpt lat="25.0252810" lon="121.5789340">
    <ele>162.3</ele>
    <time>2026-07-26T08:50:11Z</time>
   </trkpt>
   <trkpt lat="25.0252830" lon="121.5789270">
    <ele>162.1</ele>
    <time>2026-07-26T08:50:12Z</time>
   </trkpt>
   <trkpt lat="25.0252830" lon="121.5789180">
    <ele>161.9</ele>
    <time>2026-07-26T08:50:13Z</time>
   </trkpt>
   <trkpt lat="25.0252820" lon="121.5789150">
    <ele>161.8</ele>
    <time>2026-07-26T08:50:14Z</time>
   </trkpt>
   <trkpt lat="25.0252800" lon="121.5789110">
    <ele>161.7</ele>
    <time>2026-07-26T08:50:15Z</time>
   </trkpt>
   <trkpt lat="25.0252830" lon="121.5789060">
    <ele>161.5</ele>
    <time>2026-07-26T08:50:16Z</time>
   </trkpt>
   <trkpt lat="25.0252820" lon="121.5789040">
    <ele>161.5</ele>
    <time>2026-07-26T08:50:17Z</time>
   </trkpt>
   <trkpt lat="25.0252880" lon="121.5788920">
    <ele>161.1</ele>
    <time>2026-07-26T08:50:18Z</time>
   </trkpt>
   <trkpt lat="25.0252880" lon="121.5788830">
    <ele>160.9</ele>
    <time>2026-07-26T08:50:19Z</time>
   </trkpt>
   <trkpt lat="25.0252880" lon="121.5788740">
    <ele>160.7</ele>
    <time>2026-07-26T08:50:21Z</time>
   </trkpt>
   <trkpt lat="25.0252940" lon="121.5788680">
    <ele>160.5</ele>
    <time>2026-07-26T08:50:22Z</time>
   </trkpt>
   <trkpt lat="25.0252980" lon="121.5788630">
    <ele>160.3</ele>
    <time>2026-07-26T08:50:23Z</time>
   </trkpt>
   <trkpt lat="25.0253000" lon="121.5788560">
    <ele>160.1</ele>
    <time>2026-07-26T08:50:24Z</time>
   </trkpt>
   <trkpt lat="25.0253010" lon="121.5788420">
    <ele>159.8</ele>
    <time>2026-07-26T08:50:25Z</time>
   </trkpt>
   <trkpt lat="25.0253010" lon="121.5788270">
    <ele>159.4</ele>
    <time>2026-07-26T08:50:26Z</time>
   </trkpt>
   <trkpt lat="25.0253020" lon="121.5788080">
    <ele>159.0</ele>
    <time>2026-07-26T08:50:27Z</time>
   </trkpt>
   <trkpt lat="25.0253060" lon="121.5787910">
    <ele>158.6</ele>
    <time>2026-07-26T08:50:28Z</time>
   </trkpt>
   <trkpt lat="25.0253130" lon="121.5787680">
    <ele>158.1</ele>
    <time>2026-07-26T08:50:29Z</time>
   </trkpt>
   <trkpt lat="25.0253190" lon="121.5787390">
    <ele>157.5</ele>
    <time>2026-07-26T08:50:30Z</time>
   </trkpt>
   <trkpt lat="25.0253140" lon="121.5787140">
    <ele>157.1</ele>
    <time>2026-07-26T08:50:31Z</time>
   </trkpt>
   <trkpt lat="25.0253150" lon="121.5786940">
    <ele>156.8</ele>
    <time>2026-07-26T08:50:32Z</time>
   </trkpt>
   <trkpt lat="25.0253130" lon="121.5786920">
    <ele>156.7</ele>
    <time>2026-07-26T08:50:33Z</time>
   </trkpt>
   <trkpt lat="25.0253160" lon="121.5786780">
    <ele>156.6</ele>
    <time>2026-07-26T08:50:34Z</time>
   </trkpt>
   <trkpt lat="25.0253170" lon="121.5786670">
    <ele>156.4</ele>
    <time>2026-07-26T08:50:35Z</time>
   </trkpt>
   <trkpt lat="25.0253180" lon="121.5786540">
    <ele>156.2</ele>
    <time>2026-07-26T08:50:36Z</time>
   </trkpt>
   <trkpt lat="25.0253180" lon="121.5786460">
    <ele>156.1</ele>
    <time>2026-07-26T08:50:37Z</time>
   </trkpt>
   <trkpt lat="25.0253180" lon="121.5786390">
    <ele>156.0</ele>
    <time>2026-07-26T08:50:38Z</time>
   </trkpt>
   <trkpt lat="25.0253170" lon="121.5786270">
    <ele>155.9</ele>
    <time>2026-07-26T08:50:39Z</time>
   </trkpt>
   <trkpt lat="25.0253110" lon="121.5786160">
    <ele>155.7</ele>
    <time>2026-07-26T08:50:40Z</time>
   </trkpt>
   <trkpt lat="25.0253100" lon="121.5785950">
    <ele>155.4</ele>
    <time>2026-07-26T08:50:41Z</time>
   </trkpt>
   <trkpt lat="25.0253090" lon="121.5785650">
    <ele>154.9</ele>
    <time>2026-07-26T08:50:42Z</time>
   </trkpt>
   <trkpt lat="25.0253070" lon="121.5785390">
    <ele>154.5</ele>
    <time>2026-07-26T08:50:43Z</time>
   </trkpt>
   <trkpt lat="25.0253070" lon="121.5785120">
    <ele>154.0</ele>
    <time>2026-07-26T08:50:44Z</time>
   </trkpt>
   <trkpt lat="25.0253010" lon="121.5784860">
    <ele>153.5</ele>
    <time>2026-07-26T08:50:45Z</time>
   </trkpt>
   <trkpt lat="25.0252940" lon="121.5784550">
    <ele>152.9</ele>
    <time>2026-07-26T08:50:46Z</time>
   </trkpt>
   <trkpt lat="25.0252970" lon="121.5784390">
    <ele>152.6</ele>
    <time>2026-07-26T08:50:47Z</time>
   </trkpt>
   <trkpt lat="25.0252880" lon="121.5784180">
    <ele>152.2</ele>
    <time>2026-07-26T08:50:48Z</time>
   </trkpt>
   <trkpt lat="25.0252850" lon="121.5783900">
    <ele>151.8</ele>
    <time>2026-07-26T08:50:49Z</time>
   </trkpt>
   <trkpt lat="25.0252830" lon="121.5783610">
    <ele>151.4</ele>
    <time>2026-07-26T08:50:50Z</time>
   </trkpt>
   <trkpt lat="25.0252800" lon="121.5783330">
    <ele>151.0</ele>
    <time>2026-07-26T08:50:51Z</time>
   </trkpt>
   <trkpt lat="25.0252810" lon="121.5783120">
    <ele>150.7</ele>
    <time>2026-07-26T08:50:52Z</time>
   </trkpt>
   <trkpt lat="25.0252740" lon="121.5782810">
    <ele>150.2</ele>
    <time>2026-07-26T08:50:53Z</time>
   </trkpt>
   <trkpt lat="25.0252810" lon="121.5782610">
    <ele>149.8</ele>
    <time>2026-07-26T08:50:54Z</time>
   </trkpt>
   <trkpt lat="25.0252850" lon="121.5782380">
    <ele>149.4</ele>
    <time>2026-07-26T08:50:55Z</time>
   </trkpt>
   <trkpt lat="25.0252990" lon="121.5782130">
    <ele>148.8</ele>
    <time>2026-07-26T08:50:56Z</time>
   </trkpt>
   <trkpt lat="25.0253050" lon="121.5781890">
    <ele>148.4</ele>
    <time>2026-07-26T08:50:57Z</time>
   </trkpt>
   <trkpt lat="25.0253110" lon="121.5781770">
    <ele>148.1</ele>
    <time>2026-07-26T08:50:58Z</time>
   </trkpt>
   <trkpt lat="25.0253250" lon="121.5781610">
    <ele>147.7</ele>
    <time>2026-07-26T08:50:59Z</time>
   </trkpt>
   <trkpt lat="25.0253370" lon="121.5781330">
    <ele>147.1</ele>
    <time>2026-07-26T08:51:00Z</time>
   </trkpt>
   <trkpt lat="25.0253560" lon="121.5781100">
    <ele>146.5</ele>
    <time>2026-07-26T08:51:01Z</time>
   </trkpt>
   <trkpt lat="25.0253640" lon="121.5780730">
    <ele>145.9</ele>
    <time>2026-07-26T08:51:02Z</time>
   </trkpt>
   <trkpt lat="25.0253750" lon="121.5780420">
    <ele>145.9</ele>
    <time>2026-07-26T08:51:03Z</time>
   </trkpt>
   <trkpt lat="25.0253770" lon="121.5780160">
    <ele>145.9</ele>
    <time>2026-07-26T08:51:04Z</time>
   </trkpt>
   <trkpt lat="25.0253850" lon="121.5780030">
    <ele>145.9</ele>
    <time>2026-07-26T08:51:05Z</time>
   </trkpt>
   <trkpt lat="25.0254000" lon="121.5779790">
    <ele>145.9</ele>
    <time>2026-07-26T08:51:06Z</time>
   </trkpt>
   <trkpt lat="25.0254230" lon="121.5779450">
    <ele>145.9</ele>
    <time>2026-07-26T08:51:07Z</time>
   </trkpt>
   <trkpt lat="25.0254410" lon="121.5779310">
    <ele>146.0</ele>
    <time>2026-07-26T08:51:08Z</time>
   </trkpt>
   <trkpt lat="25.0254520" lon="121.5779220">
    <ele>146.1</ele>
    <time>2026-07-26T08:51:09Z</time>
   </trkpt>
   <trkpt lat="25.0254530" lon="121.5779240">
    <ele>146.1</ele>
    <time>2026-07-26T08:51:10Z</time>
   </trkpt>
   <trkpt lat="25.0254630" lon="121.5779180">
    <ele>146.1</ele>
    <time>2026-07-26T08:51:11Z</time>
   </trkpt>
   <trkpt lat="25.0254790" lon="121.5779070">
    <ele>146.2</ele>
    <time>2026-07-26T08:51:12Z</time>
   </trkpt>
   <trkpt lat="25.0254920" lon="121.5778940">
    <ele>146.3</ele>
    <time>2026-07-26T08:51:13Z</time>
   </trkpt>
   <trkpt lat="25.0255050" lon="121.5778790">
    <ele>146.4</ele>
    <time>2026-07-26T08:51:14Z</time>
   </trkpt>
   <trkpt lat="25.0255130" lon="121.5778640">
    <ele>146.5</ele>
    <time>2026-07-26T08:51:15Z</time>
   </trkpt>
   <trkpt lat="25.0255220" lon="121.5778550">
    <ele>146.5</ele>
    <time>2026-07-26T08:51:16Z</time>
   </trkpt>
   <trkpt lat="25.0255280" lon="121.5778420">
    <ele>146.6</ele>
    <time>2026-07-26T08:51:17Z</time>
   </trkpt>
   <trkpt lat="25.0255420" lon="121.5778290">
    <ele>146.7</ele>
    <time>2026-07-26T08:51:18Z</time>
   </trkpt>
   <trkpt lat="25.0255580" lon="121.5778180">
    <ele>146.8</ele>
    <time>2026-07-26T08:51:19Z</time>
   </trkpt>
   <trkpt lat="25.0255690" lon="121.5778040">
    <ele>146.9</ele>
    <time>2026-07-26T08:51:20Z</time>
   </trkpt>
   <trkpt lat="25.0255740" lon="121.5777940">
    <ele>147.0</ele>
    <time>2026-07-26T08:51:21Z</time>
   </trkpt>
   <trkpt lat="25.0255800" lon="121.5777820">
    <ele>147.0</ele>
    <time>2026-07-26T08:51:22Z</time>
   </trkpt>
   <trkpt lat="25.0255830" lon="121.5777610">
    <ele>147.1</ele>
    <time>2026-07-26T08:51:23Z</time>
   </trkpt>
   <trkpt lat="25.0256000" lon="121.5777390">
    <ele>147.2</ele>
    <time>2026-07-26T08:51:24Z</time>
   </trkpt>
   <trkpt lat="25.0256050" lon="121.5777280">
    <ele>147.3</ele>
    <time>2026-07-26T08:51:25Z</time>
   </trkpt>
   <trkpt lat="25.0256110" lon="121.5777200">
    <ele>147.3</ele>
    <time>2026-07-26T08:51:26Z</time>
   </trkpt>
   <trkpt lat="25.0256160" lon="121.5777060">
    <ele>147.4</ele>
    <time>2026-07-26T08:51:27Z</time>
   </trkpt>
   <trkpt lat="25.0256230" lon="121.5776930">
    <ele>147.4</ele>
    <time>2026-07-26T08:51:28Z</time>
   </trkpt>
   <trkpt lat="25.0256330" lon="121.5776820">
    <ele>147.5</ele>
    <time>2026-07-26T08:51:29Z</time>
   </trkpt>
   <trkpt lat="25.0256460" lon="121.5776720">
    <ele>147.5</ele>
    <time>2026-07-26T08:51:30Z</time>
   </trkpt>
   <trkpt lat="25.0256560" lon="121.5776580">
    <ele>147.5</ele>
    <time>2026-07-26T08:51:31Z</time>
   </trkpt>
   <trkpt lat="25.0256680" lon="121.5776440">
    <ele>147.5</ele>
    <time>2026-07-26T08:51:32Z</time>
   </trkpt>
   <trkpt lat="25.0256760" lon="121.5776290">
    <ele>147.5</ele>
    <time>2026-07-26T08:51:33Z</time>
   </trkpt>
   <trkpt lat="25.0256850" lon="121.5776150">
    <ele>147.6</ele>
    <time>2026-07-26T08:51:34Z</time>
   </trkpt>
   <trkpt lat="25.0256900" lon="121.5776040">
    <ele>147.6</ele>
    <time>2026-07-26T08:51:35Z</time>
   </trkpt>
   <trkpt lat="25.0256980" lon="121.5775880">
    <ele>147.6</ele>
    <time>2026-07-26T08:51:36Z</time>
   </trkpt>
   <trkpt lat="25.0257070" lon="121.5775820">
    <ele>147.7</ele>
    <time>2026-07-26T08:51:37Z</time>
   </trkpt>
   <trkpt lat="25.0257140" lon="121.5775630">
    <ele>147.7</ele>
    <time>2026-07-26T08:51:38Z</time>
   </trkpt>
   <trkpt lat="25.0257170" lon="121.5775530">
    <ele>147.7</ele>
    <time>2026-07-26T08:51:39Z</time>
   </trkpt>
   <trkpt lat="25.0257200" lon="121.5775340">
    <ele>147.8</ele>
    <time>2026-07-26T08:51:40Z</time>
   </trkpt>
   <trkpt lat="25.0257280" lon="121.5775150">
    <ele>147.8</ele>
    <time>2026-07-26T08:51:41Z</time>
   </trkpt>
   <trkpt lat="25.0257300" lon="121.5775000">
    <ele>147.9</ele>
    <time>2026-07-26T08:51:42Z</time>
   </trkpt>
   <trkpt lat="25.0257400" lon="121.5774840">
    <ele>147.9</ele>
    <time>2026-07-26T08:51:43Z</time>
   </trkpt>
   <trkpt lat="25.0257460" lon="121.5774680">
    <ele>148.0</ele>
    <time>2026-07-26T08:51:44Z</time>
   </trkpt>
   <trkpt lat="25.0257500" lon="121.5774530">
    <ele>148.1</ele>
    <time>2026-07-26T08:51:45Z</time>
   </trkpt>
   <trkpt lat="25.0257560" lon="121.5774330">
    <ele>148.1</ele>
    <time>2026-07-26T08:51:46Z</time>
   </trkpt>
   <trkpt lat="25.0257650" lon="121.5774180">
    <ele>148.2</ele>
    <time>2026-07-26T08:51:47Z</time>
   </trkpt>
   <trkpt lat="25.0257710" lon="121.5774060">
    <ele>148.2</ele>
    <time>2026-07-26T08:51:48Z</time>
   </trkpt>
   <trkpt lat="25.0257760" lon="121.5773900">
    <ele>148.2</ele>
    <time>2026-07-26T08:51:49Z</time>
   </trkpt>
   <trkpt lat="25.0257840" lon="121.5773800">
    <ele>148.2</ele>
    <time>2026-07-26T08:51:50Z</time>
   </trkpt>
   <trkpt lat="25.0257930" lon="121.5773670">
    <ele>148.2</ele>
    <time>2026-07-26T08:51:51Z</time>
   </trkpt>
   <trkpt lat="25.0257990" lon="121.5773510">
    <ele>148.2</ele>
    <time>2026-07-26T08:51:52Z</time>
   </trkpt>
   <trkpt lat="25.0258030" lon="121.5773370">
    <ele>148.2</ele>
    <time>2026-07-26T08:51:53Z</time>
   </trkpt>
   <trkpt lat="25.0258050" lon="121.5773240">
    <ele>148.3</ele>
    <time>2026-07-26T08:51:54Z</time>
   </trkpt>
   <trkpt lat="25.0258120" lon="121.5773110">
    <ele>148.3</ele>
    <time>2026-07-26T08:51:55Z</time>
   </trkpt>
   <trkpt lat="25.0258140" lon="121.5773000">
    <ele>148.3</ele>
    <time>2026-07-26T08:51:56Z</time>
   </trkpt>
   <trkpt lat="25.0258180" lon="121.5772880">
    <ele>148.3</ele>
    <time>2026-07-26T08:51:57Z</time>
   </trkpt>
   <trkpt lat="25.0258270" lon="121.5772650">
    <ele>148.3</ele>
    <time>2026-07-26T08:51:58Z</time>
   </trkpt>
   <trkpt lat="25.0258280" lon="121.5772530">
    <ele>148.3</ele>
    <time>2026-07-26T08:51:59Z</time>
   </trkpt>
   <trkpt lat="25.0258300" lon="121.5772360">
    <ele>148.3</ele>
    <time>2026-07-26T08:52:00Z</time>
   </trkpt>
   <trkpt lat="25.0258310" lon="121.5772230">
    <ele>148.3</ele>
    <time>2026-07-26T08:52:01Z</time>
   </trkpt>
   <trkpt lat="25.0258280" lon="121.5772130">
    <ele>148.3</ele>
    <time>2026-07-26T08:52:02Z</time>
   </trkpt>
   <trkpt lat="25.0258240" lon="121.5771970">
    <ele>148.3</ele>
    <time>2026-07-26T08:52:03Z</time>
   </trkpt>
   <trkpt lat="25.0258170" lon="121.5771810">
    <ele>148.3</ele>
    <time>2026-07-26T08:52:04Z</time>
   </trkpt>
   <trkpt lat="25.0258120" lon="121.5771670">
    <ele>148.2</ele>
    <time>2026-07-26T08:52:05Z</time>
   </trkpt>
   <trkpt lat="25.0258100" lon="121.5771560">
    <ele>148.2</ele>
    <time>2026-07-26T08:52:06Z</time>
   </trkpt>
   <trkpt lat="25.0258080" lon="121.5771450">
    <ele>148.2</ele>
    <time>2026-07-26T08:52:07Z</time>
   </trkpt>
   <trkpt lat="25.0258040" lon="121.5771280">
    <ele>148.2</ele>
    <time>2026-07-26T08:52:08Z</time>
   </trkpt>
   <trkpt lat="25.0258070" lon="121.5771170">
    <ele>148.2</ele>
    <time>2026-07-26T08:52:09Z</time>
   </trkpt>
   <trkpt lat="25.0258070" lon="121.5771090">
    <ele>148.2</ele>
    <time>2026-07-26T08:52:10Z</time>
   </trkpt>
   <trkpt lat="25.0258120" lon="121.5770950">
    <ele>148.2</ele>
    <time>2026-07-26T08:52:11Z</time>
   </trkpt>
   <trkpt lat="25.0258140" lon="121.5770840">
    <ele>148.2</ele>
    <time>2026-07-26T08:52:12Z</time>
   </trkpt>
   <trkpt lat="25.0258130" lon="121.5770670">
    <ele>148.2</ele>
    <time>2026-07-26T08:52:13Z</time>
   </trkpt>
   <trkpt lat="25.0258110" lon="121.5770570">
    <ele>148.2</ele>
    <time>2026-07-26T08:52:14Z</time>
   </trkpt>
   <trkpt lat="25.0258150" lon="121.5770500">
    <ele>148.2</ele>
    <time>2026-07-26T08:52:15Z</time>
   </trkpt>
   <trkpt lat="25.0258180" lon="121.5770310">
    <ele>148.2</ele>
    <time>2026-07-26T08:52:16Z</time>
   </trkpt>
   <trkpt lat="25.0258220" lon="121.5770220">
    <ele>148.3</ele>
    <time>2026-07-26T08:52:17Z</time>
   </trkpt>
   <trkpt lat="25.0258260" lon="121.5770140">
    <ele>148.4</ele>
    <time>2026-07-26T08:52:18Z</time>
   </trkpt>
   <trkpt lat="25.0258290" lon="121.5770030">
    <ele>148.5</ele>
    <time>2026-07-26T08:52:19Z</time>
   </trkpt>
   <trkpt lat="25.0258340" lon="121.5769950">
    <ele>148.6</ele>
    <time>2026-07-26T08:52:20Z</time>
   </trkpt>
   <trkpt lat="25.0258370" lon="121.5769820">
    <ele>148.7</ele>
    <time>2026-07-26T08:52:21Z</time>
   </trkpt>
   <trkpt lat="25.0258450" lon="121.5769730">
    <ele>148.9</ele>
    <time>2026-07-26T08:52:22Z</time>
   </trkpt>
   <trkpt lat="25.0258500" lon="121.5769640">
    <ele>149.0</ele>
    <time>2026-07-26T08:52:23Z</time>
   </trkpt>
   <trkpt lat="25.0258570" lon="121.5769570">
    <ele>149.1</ele>
    <time>2026-07-26T08:52:24Z</time>
   </trkpt>
   <trkpt lat="25.0258600" lon="121.5769510">
    <ele>149.2</ele>
    <time>2026-07-26T08:52:26Z</time>
   </trkpt>
   <trkpt lat="25.0258660" lon="121.5769400">
    <ele>149.4</ele>
    <time>2026-07-26T08:52:27Z</time>
   </trkpt>
   <trkpt lat="25.0258720" lon="121.5769350">
    <ele>149.5</ele>
    <time>2026-07-26T08:52:28Z</time>
   </trkpt>
   <trkpt lat="25.0258770" lon="121.5769260">
    <ele>149.6</ele>
    <time>2026-07-26T08:52:29Z</time>
   </trkpt>
   <trkpt lat="25.0258720" lon="121.5769150">
    <ele>149.8</ele>
    <time>2026-07-26T08:52:30Z</time>
   </trkpt>
   <trkpt lat="25.0258700" lon="121.5769010">
    <ele>150.1</ele>
    <time>2026-07-26T08:52:31Z</time>
   </trkpt>
   <trkpt lat="25.0258770" lon="121.5768990">
    <ele>150.2</ele>
    <time>2026-07-26T08:52:32Z</time>
   </trkpt>
   <trkpt lat="25.0258760" lon="121.5768930">
    <ele>150.3</ele>
    <time>2026-07-26T08:52:33Z</time>
   </trkpt>
   <trkpt lat="25.0258830" lon="121.5768860">
    <ele>150.5</ele>
    <time>2026-07-26T08:52:34Z</time>
   </trkpt>
   <trkpt lat="25.0258900" lon="121.5768820">
    <ele>150.7</ele>
    <time>2026-07-26T08:52:35Z</time>
   </trkpt>
   <trkpt lat="25.0258940" lon="121.5768730">
    <ele>150.8</ele>
    <time>2026-07-26T08:52:36Z</time>
   </trkpt>
   <trkpt lat="25.0258960" lon="121.5768680">
    <ele>150.9</ele>
    <time>2026-07-26T08:52:37Z</time>
   </trkpt>
   <trkpt lat="25.0259000" lon="121.5768640">
    <ele>151.0</ele>
    <time>2026-07-26T08:52:38Z</time>
   </trkpt>
   <trkpt lat="25.0259030" lon="121.5768580">
    <ele>151.2</ele>
    <time>2026-07-26T08:52:39Z</time>
   </trkpt>
   <trkpt lat="25.0258990" lon="121.5768500">
    <ele>151.3</ele>
    <time>2026-07-26T08:52:40Z</time>
   </trkpt>
   <trkpt lat="25.0259030" lon="121.5768410">
    <ele>151.5</ele>
    <time>2026-07-26T08:52:41Z</time>
   </trkpt>
   <trkpt lat="25.0259100" lon="121.5768300">
    <ele>151.8</ele>
    <time>2026-07-26T08:52:42Z</time>
   </trkpt>
   <trkpt lat="25.0259140" lon="121.5768190">
    <ele>152.0</ele>
    <time>2026-07-26T08:52:43Z</time>
   </trkpt>
   <trkpt lat="25.0259180" lon="121.5768090">
    <ele>152.2</ele>
    <time>2026-07-26T08:52:44Z</time>
   </trkpt>
   <trkpt lat="25.0259220" lon="121.5768060">
    <ele>152.3</ele>
    <time>2026-07-26T08:52:45Z</time>
   </trkpt>
   <trkpt lat="25.0259280" lon="121.5767880">
    <ele>152.6</ele>
    <time>2026-07-26T08:52:46Z</time>
   </trkpt>
   <trkpt lat="25.0259300" lon="121.5767700">
    <ele>152.9</ele>
    <time>2026-07-26T08:52:47Z</time>
   </trkpt>
   <trkpt lat="25.0259340" lon="121.5767580">
    <ele>153.2</ele>
    <time>2026-07-26T08:52:48Z</time>
   </trkpt>
   <trkpt lat="25.0259350" lon="121.5767470">
    <ele>153.4</ele>
    <time>2026-07-26T08:52:49Z</time>
   </trkpt>
   <trkpt lat="25.0259430" lon="121.5767370">
    <ele>153.6</ele>
    <time>2026-07-26T08:52:50Z</time>
   </trkpt>
   <trkpt lat="25.0259470" lon="121.5767320">
    <ele>153.7</ele>
    <time>2026-07-26T08:52:51Z</time>
   </trkpt>
   <trkpt lat="25.0259510" lon="121.5767210">
    <ele>153.9</ele>
    <time>2026-07-26T08:52:52Z</time>
   </trkpt>
   <trkpt lat="25.0259570" lon="121.5767090">
    <ele>154.1</ele>
    <time>2026-07-26T08:52:53Z</time>
   </trkpt>
   <trkpt lat="25.0259640" lon="121.5766950">
    <ele>154.4</ele>
    <time>2026-07-26T08:52:54Z</time>
   </trkpt>
   <trkpt lat="25.0259670" lon="121.5766860">
    <ele>154.6</ele>
    <time>2026-07-26T08:52:55Z</time>
   </trkpt>
   <trkpt lat="25.0259690" lon="121.5766780">
    <ele>154.7</ele>
    <time>2026-07-26T08:52:56Z</time>
   </trkpt>
   <trkpt lat="25.0259720" lon="121.5766690">
    <ele>154.9</ele>
    <time>2026-07-26T08:52:57Z</time>
   </trkpt>
   <trkpt lat="25.0259750" lon="121.5766580">
    <ele>155.1</ele>
    <time>2026-07-26T08:52:58Z</time>
   </trkpt>
   <trkpt lat="25.0259760" lon="121.5766510">
    <ele>155.2</ele>
    <time>2026-07-26T08:52:59Z</time>
   </trkpt>
   <trkpt lat="25.0259780" lon="121.5766420">
    <ele>155.4</ele>
    <time>2026-07-26T08:53:00Z</time>
   </trkpt>
   <trkpt lat="25.0259860" lon="121.5766320">
    <ele>155.7</ele>
    <time>2026-07-26T08:53:01Z</time>
   </trkpt>
   <trkpt lat="25.0259870" lon="121.5766230">
    <ele>155.8</ele>
    <time>2026-07-26T08:53:02Z</time>
   </trkpt>
   <trkpt lat="25.0259940" lon="121.5766160">
    <ele>156.0</ele>
    <time>2026-07-26T08:53:03Z</time>
   </trkpt>
   <trkpt lat="25.0259990" lon="121.5766150">
    <ele>156.1</ele>
    <time>2026-07-26T08:53:04Z</time>
   </trkpt>
   <trkpt lat="25.0260100" lon="121.5766160">
    <ele>156.4</ele>
    <time>2026-07-26T08:53:05Z</time>
   </trkpt>
   <trkpt lat="25.0260160" lon="121.5766140">
    <ele>156.5</ele>
    <time>2026-07-26T08:53:06Z</time>
   </trkpt>
   <trkpt lat="25.0260270" lon="121.5766040">
    <ele>156.8</ele>
    <time>2026-07-26T08:53:07Z</time>
   </trkpt>
   <trkpt lat="25.0260400" lon="121.5765950">
    <ele>157.1</ele>
    <time>2026-07-26T08:53:08Z</time>
   </trkpt>
   <trkpt lat="25.0260440" lon="121.5765890">
    <ele>157.2</ele>
    <time>2026-07-26T08:53:09Z</time>
   </trkpt>
   <trkpt lat="25.0260470" lon="121.5765850">
    <ele>157.3</ele>
    <time>2026-07-26T08:53:10Z</time>
   </trkpt>
   <trkpt lat="25.0260510" lon="121.5765780">
    <ele>157.5</ele>
    <time>2026-07-26T08:53:11Z</time>
   </trkpt>
   <trkpt lat="25.0260590" lon="121.5765720">
    <ele>157.7</ele>
    <time>2026-07-26T08:53:12Z</time>
   </trkpt>
   <trkpt lat="25.0260670" lon="121.5765650">
    <ele>157.9</ele>
    <time>2026-07-26T08:53:13Z</time>
   </trkpt>
   <trkpt lat="25.0260720" lon="121.5765590">
    <ele>158.1</ele>
    <time>2026-07-26T08:53:14Z</time>
   </trkpt>
   <trkpt lat="25.0260800" lon="121.5765530">
    <ele>158.3</ele>
    <time>2026-07-26T08:53:15Z</time>
   </trkpt>
   <trkpt lat="25.0260900" lon="121.5765460">
    <ele>158.5</ele>
    <time>2026-07-26T08:53:16Z</time>
   </trkpt>
   <trkpt lat="25.0260990" lon="121.5765420">
    <ele>158.7</ele>
    <time>2026-07-26T08:53:17Z</time>
   </trkpt>
   <trkpt lat="25.0261060" lon="121.5765330">
    <ele>158.9</ele>
    <time>2026-07-26T08:53:18Z</time>
   </trkpt>
   <trkpt lat="25.0261100" lon="121.5765250">
    <ele>159.1</ele>
    <time>2026-07-26T08:53:19Z</time>
   </trkpt>
   <trkpt lat="25.0261130" lon="121.5765210">
    <ele>159.1</ele>
    <time>2026-07-26T08:53:20Z</time>
   </trkpt>
   <trkpt lat="25.0261170" lon="121.5765200">
    <ele>159.2</ele>
    <time>2026-07-26T08:53:21Z</time>
   </trkpt>
   <trkpt lat="25.0261230" lon="121.5765060">
    <ele>159.5</ele>
    <time>2026-07-26T08:53:22Z</time>
   </trkpt>
   <trkpt lat="25.0261290" lon="121.5765020">
    <ele>159.6</ele>
    <time>2026-07-26T08:53:23Z</time>
   </trkpt>
   <trkpt lat="25.0261360" lon="121.5764980">
    <ele>159.7</ele>
    <time>2026-07-26T08:53:24Z</time>
   </trkpt>
   <trkpt lat="25.0261420" lon="121.5764910">
    <ele>159.9</ele>
    <time>2026-07-26T08:53:25Z</time>
   </trkpt>
   <trkpt lat="25.0261500" lon="121.5764860">
    <ele>160.1</ele>
    <time>2026-07-26T08:53:26Z</time>
   </trkpt>
   <trkpt lat="25.0261540" lon="121.5764830">
    <ele>160.1</ele>
    <time>2026-07-26T08:53:27Z</time>
   </trkpt>
   <trkpt lat="25.0261580" lon="121.5764800">
    <ele>160.2</ele>
    <time>2026-07-26T08:53:28Z</time>
   </trkpt>
   <trkpt lat="25.0261650" lon="121.5764750">
    <ele>160.4</ele>
    <time>2026-07-26T08:53:29Z</time>
   </trkpt>
   <trkpt lat="25.0261690" lon="121.5764650">
    <ele>160.5</ele>
    <time>2026-07-26T08:53:30Z</time>
   </trkpt>
   <trkpt lat="25.0261770" lon="121.5764630">
    <ele>160.6</ele>
    <time>2026-07-26T08:53:31Z</time>
   </trkpt>
   <trkpt lat="25.0261860" lon="121.5764570">
    <ele>160.8</ele>
    <time>2026-07-26T08:53:32Z</time>
   </trkpt>
   <trkpt lat="25.0261930" lon="121.5764490">
    <ele>160.9</ele>
    <time>2026-07-26T08:53:33Z</time>
   </trkpt>
   <trkpt lat="25.0261960" lon="121.5764390">
    <ele>161.0</ele>
    <time>2026-07-26T08:53:34Z</time>
   </trkpt>
   <trkpt lat="25.0261990" lon="121.5764290">
    <ele>161.2</ele>
    <time>2026-07-26T08:53:35Z</time>
   </trkpt>
   <trkpt lat="25.0262060" lon="121.5764200">
    <ele>161.3</ele>
    <time>2026-07-26T08:53:36Z</time>
   </trkpt>
   <trkpt lat="25.0262160" lon="121.5764110">
    <ele>161.4</ele>
    <time>2026-07-26T08:53:37Z</time>
   </trkpt>
   <trkpt lat="25.0262240" lon="121.5764060">
    <ele>161.5</ele>
    <time>2026-07-26T08:53:38Z</time>
   </trkpt>
   <trkpt lat="25.0262320" lon="121.5764000">
    <ele>161.6</ele>
    <time>2026-07-26T08:53:39Z</time>
   </trkpt>
   <trkpt lat="25.0262430" lon="121.5763930">
    <ele>161.8</ele>
    <time>2026-07-26T08:53:40Z</time>
   </trkpt>
   <trkpt lat="25.0262520" lon="121.5763840">
    <ele>161.9</ele>
    <time>2026-07-26T08:53:41Z</time>
   </trkpt>
   <trkpt lat="25.0262580" lon="121.5763770">
    <ele>162.0</ele>
    <time>2026-07-26T08:53:42Z</time>
   </trkpt>
   <trkpt lat="25.0262640" lon="121.5763710">
    <ele>162.1</ele>
    <time>2026-07-26T08:53:43Z</time>
   </trkpt>
   <trkpt lat="25.0262730" lon="121.5763680">
    <ele>162.2</ele>
    <time>2026-07-26T08:53:44Z</time>
   </trkpt>
   <trkpt lat="25.0262800" lon="121.5763610">
    <ele>162.3</ele>
    <time>2026-07-26T08:53:45Z</time>
   </trkpt>
   <trkpt lat="25.0262880" lon="121.5763540">
    <ele>162.4</ele>
    <time>2026-07-26T08:53:46Z</time>
   </trkpt>
   <trkpt lat="25.0262940" lon="121.5763480">
    <ele>162.5</ele>
    <time>2026-07-26T08:53:47Z</time>
   </trkpt>
   <trkpt lat="25.0263010" lon="121.5763380">
    <ele>162.6</ele>
    <time>2026-07-26T08:53:48Z</time>
   </trkpt>
   <trkpt lat="25.0263070" lon="121.5763250">
    <ele>162.8</ele>
    <time>2026-07-26T08:53:49Z</time>
   </trkpt>
   <trkpt lat="25.0263070" lon="121.5763160">
    <ele>162.9</ele>
    <time>2026-07-26T08:53:50Z</time>
   </trkpt>
   <trkpt lat="25.0263050" lon="121.5763060">
    <ele>163.1</ele>
    <time>2026-07-26T08:53:51Z</time>
   </trkpt>
   <trkpt lat="25.0263080" lon="121.5762910">
    <ele>163.3</ele>
    <time>2026-07-26T08:53:52Z</time>
   </trkpt>
   <trkpt lat="25.0263110" lon="121.5762840">
    <ele>163.4</ele>
    <time>2026-07-26T08:53:53Z</time>
   </trkpt>
   <trkpt lat="25.0263150" lon="121.5762820">
    <ele>163.4</ele>
    <time>2026-07-26T08:53:54Z</time>
   </trkpt>
   <trkpt lat="25.0263210" lon="121.5762760">
    <ele>163.6</ele>
    <time>2026-07-26T08:53:55Z</time>
   </trkpt>
   <trkpt lat="25.0263260" lon="121.5762670">
    <ele>163.7</ele>
    <time>2026-07-26T08:53:56Z</time>
   </trkpt>
   <trkpt lat="25.0263290" lon="121.5762570">
    <ele>163.9</ele>
    <time>2026-07-26T08:53:57Z</time>
   </trkpt>
   <trkpt lat="25.0263330" lon="121.5762510">
    <ele>164.0</ele>
    <time>2026-07-26T08:53:58Z</time>
   </trkpt>
   <trkpt lat="25.0263360" lon="121.5762470">
    <ele>164.1</ele>
    <time>2026-07-26T08:53:59Z</time>
   </trkpt>
   <trkpt lat="25.0263400" lon="121.5762420">
    <ele>164.2</ele>
    <time>2026-07-26T08:54:00Z</time>
   </trkpt>
   <trkpt lat="25.0263490" lon="121.5762330">
    <ele>164.4</ele>
    <time>2026-07-26T08:54:01Z</time>
   </trkpt>
   <trkpt lat="25.0263530" lon="121.5762300">
    <ele>164.5</ele>
    <time>2026-07-26T08:54:02Z</time>
   </trkpt>
   <trkpt lat="25.0263600" lon="121.5762210">
    <ele>164.7</ele>
    <time>2026-07-26T08:54:03Z</time>
   </trkpt>
   <trkpt lat="25.0263640" lon="121.5762150">
    <ele>164.8</ele>
    <time>2026-07-26T08:54:04Z</time>
   </trkpt>
   <trkpt lat="25.0263670" lon="121.5762090">
    <ele>165.0</ele>
    <time>2026-07-26T08:54:05Z</time>
   </trkpt>
   <trkpt lat="25.0263690" lon="121.5762020">
    <ele>165.1</ele>
    <time>2026-07-26T08:54:06Z</time>
   </trkpt>
   <trkpt lat="25.0263690" lon="121.5761930">
    <ele>165.3</ele>
    <time>2026-07-26T08:54:07Z</time>
   </trkpt>
   <trkpt lat="25.0263740" lon="121.5761940">
    <ele>165.4</ele>
    <time>2026-07-26T08:54:08Z</time>
   </trkpt>
   <trkpt lat="25.0263810" lon="121.5761890">
    <ele>165.6</ele>
    <time>2026-07-26T08:54:09Z</time>
   </trkpt>
   <trkpt lat="25.0263840" lon="121.5761820">
    <ele>165.7</ele>
    <time>2026-07-26T08:54:10Z</time>
   </trkpt>
   <trkpt lat="25.0263880" lon="121.5761760">
    <ele>165.9</ele>
    <time>2026-07-26T08:54:11Z</time>
   </trkpt>
   <trkpt lat="25.0263930" lon="121.5761700">
    <ele>166.0</ele>
    <time>2026-07-26T08:54:12Z</time>
   </trkpt>
   <trkpt lat="25.0263970" lon="121.5761610">
    <ele>166.2</ele>
    <time>2026-07-26T08:54:13Z</time>
   </trkpt>
   <trkpt lat="25.0264000" lon="121.5761560">
    <ele>166.4</ele>
    <time>2026-07-26T08:54:14Z</time>
   </trkpt>
   <trkpt lat="25.0264050" lon="121.5761550">
    <ele>166.5</ele>
    <time>2026-07-26T08:54:15Z</time>
   </trkpt>
   <trkpt lat="25.0264060" lon="121.5761470">
    <ele>166.6</ele>
    <time>2026-07-26T08:54:16Z</time>
   </trkpt>
   <trkpt lat="25.0264090" lon="121.5761420">
    <ele>166.8</ele>
    <time>2026-07-26T08:54:17Z</time>
   </trkpt>
   <trkpt lat="25.0264130" lon="121.5761360">
    <ele>166.9</ele>
    <time>2026-07-26T08:54:18Z</time>
   </trkpt>
   <trkpt lat="25.0264180" lon="121.5761280">
    <ele>167.2</ele>
    <time>2026-07-26T08:54:19Z</time>
   </trkpt>
   <trkpt lat="25.0264240" lon="121.5761240">
    <ele>167.4</ele>
    <time>2026-07-26T08:54:20Z</time>
   </trkpt>
   <trkpt lat="25.0264330" lon="121.5761210">
    <ele>167.6</ele>
    <time>2026-07-26T08:54:21Z</time>
   </trkpt>
   <trkpt lat="25.0264410" lon="121.5761170">
    <ele>167.8</ele>
    <time>2026-07-26T08:54:22Z</time>
   </trkpt>
   <trkpt lat="25.0264450" lon="121.5761180">
    <ele>168.0</ele>
    <time>2026-07-26T08:54:23Z</time>
   </trkpt>
   <trkpt lat="25.0264450" lon="121.5761130">
    <ele>168.1</ele>
    <time>2026-07-26T08:54:24Z</time>
   </trkpt>
   <trkpt lat="25.0264470" lon="121.5761050">
    <ele>168.3</ele>
    <time>2026-07-26T08:54:25Z</time>
   </trkpt>
   <trkpt lat="25.0264510" lon="121.5760940">
    <ele>168.6</ele>
    <time>2026-07-26T08:54:26Z</time>
   </trkpt>
   <trkpt lat="25.0264550" lon="121.5760880">
    <ele>168.8</ele>
    <time>2026-07-26T08:54:27Z</time>
   </trkpt>
   <trkpt lat="25.0264580" lon="121.5760890">
    <ele>168.9</ele>
    <time>2026-07-26T08:54:28Z</time>
   </trkpt>
   <trkpt lat="25.0264630" lon="121.5760870">
    <ele>169.0</ele>
    <time>2026-07-26T08:54:29Z</time>
   </trkpt>
   <trkpt lat="25.0264670" lon="121.5760840">
    <ele>169.2</ele>
    <time>2026-07-26T08:54:30Z</time>
   </trkpt>
   <trkpt lat="25.0264710" lon="121.5760780">
    <ele>169.4</ele>
    <time>2026-07-26T08:54:32Z</time>
   </trkpt>
   <trkpt lat="25.0264740" lon="121.5760700">
    <ele>169.6</ele>
    <time>2026-07-26T08:54:33Z</time>
   </trkpt>
   <trkpt lat="25.0264840" lon="121.5760680">
    <ele>169.9</ele>
    <time>2026-07-26T08:54:34Z</time>
   </trkpt>
   <trkpt lat="25.0264860" lon="121.5760650">
    <ele>170.0</ele>
    <time>2026-07-26T08:54:35Z</time>
   </trkpt>
   <trkpt lat="25.0264920" lon="121.5760580">
    <ele>170.3</ele>
    <time>2026-07-26T08:54:36Z</time>
   </trkpt>
   <trkpt lat="25.0264960" lon="121.5760510">
    <ele>170.5</ele>
    <time>2026-07-26T08:54:37Z</time>
   </trkpt>
   <trkpt lat="25.0265000" lon="121.5760470">
    <ele>170.7</ele>
    <time>2026-07-26T08:54:38Z</time>
   </trkpt>
   <trkpt lat="25.0265070" lon="121.5760380">
    <ele>171.0</ele>
    <time>2026-07-26T08:54:39Z</time>
   </trkpt>
   <trkpt lat="25.0265070" lon="121.5760380">
    <ele>171.0</ele>
    <time>2026-07-26T08:54:40Z</time>
   </trkpt>
   <trkpt lat="25.0265090" lon="121.5760360">
    <ele>171.1</ele>
    <time>2026-07-26T08:54:41Z</time>
   </trkpt>
   <trkpt lat="25.0265080" lon="121.5760290">
    <ele>171.3</ele>
    <time>2026-07-26T08:54:42Z</time>
   </trkpt>
   <trkpt lat="25.0265060" lon="121.5760190">
    <ele>171.6</ele>
    <time>2026-07-26T08:54:43Z</time>
   </trkpt>
   <trkpt lat="25.0265060" lon="121.5760140">
    <ele>171.8</ele>
    <time>2026-07-26T08:54:44Z</time>
   </trkpt>
   <trkpt lat="25.0265120" lon="121.5760080">
    <ele>172.0</ele>
    <time>2026-07-26T08:54:45Z</time>
   </trkpt>
   <trkpt lat="25.0265210" lon="121.5759990">
    <ele>172.4</ele>
    <time>2026-07-26T08:54:46Z</time>
   </trkpt>
   <trkpt lat="25.0265240" lon="121.5759930">
    <ele>172.6</ele>
    <time>2026-07-26T08:54:47Z</time>
   </trkpt>
   <trkpt lat="25.0265260" lon="121.5759900">
    <ele>172.8</ele>
    <time>2026-07-26T08:54:48Z</time>
   </trkpt>
   <trkpt lat="25.0265260" lon="121.5759840">
    <ele>172.9</ele>
    <time>2026-07-26T08:54:49Z</time>
   </trkpt>
   <trkpt lat="25.0265260" lon="121.5759810">
    <ele>173.0</ele>
    <time>2026-07-26T08:54:50Z</time>
   </trkpt>
   <trkpt lat="25.0265240" lon="121.5759810">
    <ele>173.1</ele>
    <time>2026-07-26T08:54:51Z</time>
   </trkpt>
   <trkpt lat="25.0265270" lon="121.5759750">
    <ele>173.3</ele>
    <time>2026-07-26T08:54:52Z</time>
   </trkpt>
   <trkpt lat="25.0265290" lon="121.5759690">
    <ele>173.5</ele>
    <time>2026-07-26T08:54:53Z</time>
   </trkpt>
   <trkpt lat="25.0265310" lon="121.5759630">
    <ele>173.7</ele>
    <time>2026-07-26T08:54:54Z</time>
   </trkpt>
   <trkpt lat="25.0265400" lon="121.5759570">
    <ele>174.1</ele>
    <time>2026-07-26T08:54:55Z</time>
   </trkpt>
   <trkpt lat="25.0265400" lon="121.5759540">
    <ele>174.2</ele>
    <time>2026-07-26T08:54:56Z</time>
   </trkpt>
   <trkpt lat="25.0265410" lon="121.5759520">
    <ele>174.2</ele>
    <time>2026-07-26T08:54:57Z</time>
   </trkpt>
   <trkpt lat="25.0265380" lon="121.5759480">
    <ele>174.4</ele>
    <time>2026-07-26T08:54:58Z</time>
   </trkpt>
   <trkpt lat="25.0265390" lon="121.5759410">
    <ele>174.6</ele>
    <time>2026-07-26T08:54:59Z</time>
   </trkpt>
   <trkpt lat="25.0265380" lon="121.5759290">
    <ele>175.0</ele>
    <time>2026-07-26T08:55:00Z</time>
   </trkpt>
   <trkpt lat="25.0265430" lon="121.5759200">
    <ele>175.3</ele>
    <time>2026-07-26T08:55:01Z</time>
   </trkpt>
   <trkpt lat="25.0265470" lon="121.5759160">
    <ele>175.5</ele>
    <time>2026-07-26T08:55:02Z</time>
   </trkpt>
   <trkpt lat="25.0265530" lon="121.5759110">
    <ele>175.6</ele>
    <time>2026-07-26T08:55:03Z</time>
   </trkpt>
   <trkpt lat="25.0265570" lon="121.5759080">
    <ele>175.7</ele>
    <time>2026-07-26T08:55:04Z</time>
   </trkpt>
   <trkpt lat="25.0265630" lon="121.5759040">
    <ele>175.8</ele>
    <time>2026-07-26T08:55:05Z</time>
   </trkpt>
   <trkpt lat="25.0265660" lon="121.5758980">
    <ele>175.8</ele>
    <time>2026-07-26T08:55:06Z</time>
   </trkpt>
   <trkpt lat="25.0265760" lon="121.5758980">
    <ele>176.0</ele>
    <time>2026-07-26T08:55:07Z</time>
   </trkpt>
   <trkpt lat="25.0265910" lon="121.5758870">
    <ele>176.2</ele>
    <time>2026-07-26T08:55:08Z</time>
   </trkpt>
   <trkpt lat="25.0265940" lon="121.5758880">
    <ele>176.3</ele>
    <time>2026-07-26T08:55:09Z</time>
   </trkpt>
   <trkpt lat="25.0265990" lon="121.5758800">
    <ele>176.4</ele>
    <time>2026-07-26T08:55:10Z</time>
   </trkpt>
   <trkpt lat="25.0266150" lon="121.5758810">
    <ele>176.6</ele>
    <time>2026-07-26T08:55:11Z</time>
   </trkpt>
   <trkpt lat="25.0266200" lon="121.5758700">
    <ele>176.8</ele>
    <time>2026-07-26T08:55:12Z</time>
   </trkpt>
   <trkpt lat="25.0266170" lon="121.5758660">
    <ele>176.8</ele>
    <time>2026-07-26T08:55:13Z</time>
   </trkpt>
   <trkpt lat="25.0266150" lon="121.5758640">
    <ele>176.8</ele>
    <time>2026-07-26T08:55:14Z</time>
   </trkpt>
   <trkpt lat="25.0266180" lon="121.5758630">
    <ele>176.9</ele>
    <time>2026-07-26T08:55:15Z</time>
   </trkpt>
   <trkpt lat="25.0266220" lon="121.5758660">
    <ele>176.9</ele>
    <time>2026-07-26T08:55:16Z</time>
   </trkpt>
   <trkpt lat="25.0266230" lon="121.5758690">
    <ele>176.9</ele>
    <time>2026-07-26T08:55:17Z</time>
   </trkpt>
   <trkpt lat="25.0266250" lon="121.5758740">
    <ele>176.9</ele>
    <time>2026-07-26T08:55:18Z</time>
   </trkpt>
   <trkpt lat="25.0266270" lon="121.5758770">
    <ele>177.0</ele>
    <time>2026-07-26T08:55:19Z</time>
   </trkpt>
   <trkpt lat="25.0266290" lon="121.5758850">
    <ele>177.0</ele>
    <time>2026-07-26T08:55:20Z</time>
   </trkpt>
   <trkpt lat="25.0266380" lon="121.5758870">
    <ele>177.1</ele>
    <time>2026-07-26T08:55:21Z</time>
   </trkpt>
   <trkpt lat="25.0266450" lon="121.5758900">
    <ele>177.1</ele>
    <time>2026-07-26T08:55:22Z</time>
   </trkpt>
   <trkpt lat="25.0266510" lon="121.5758950">
    <ele>177.1</ele>
    <time>2026-07-26T08:55:23Z</time>
   </trkpt>
   <trkpt lat="25.0266570" lon="121.5758990">
    <ele>177.2</ele>
    <time>2026-07-26T08:55:24Z</time>
   </trkpt>
   <trkpt lat="25.0266620" lon="121.5759020">
    <ele>177.2</ele>
    <time>2026-07-26T08:55:25Z</time>
   </trkpt>
   <trkpt lat="25.0266700" lon="121.5759010">
    <ele>177.3</ele>
    <time>2026-07-26T08:55:26Z</time>
   </trkpt>
   <trkpt lat="25.0266790" lon="121.5759010">
    <ele>177.3</ele>
    <time>2026-07-26T08:55:27Z</time>
   </trkpt>
   <trkpt lat="25.0266860" lon="121.5758980">
    <ele>177.4</ele>
    <time>2026-07-26T08:55:28Z</time>
   </trkpt>
   <trkpt lat="25.0266910" lon="121.5758950">
    <ele>177.4</ele>
    <time>2026-07-26T08:55:29Z</time>
   </trkpt>
   <trkpt lat="25.0266940" lon="121.5758860">
    <ele>177.4</ele>
    <time>2026-07-26T08:55:30Z</time>
   </trkpt>
   <trkpt lat="25.0266990" lon="121.5758840">
    <ele>177.5</ele>
    <time>2026-07-26T08:55:31Z</time>
   </trkpt>
   <trkpt lat="25.0267020" lon="121.5758800">
    <ele>177.5</ele>
    <time>2026-07-26T08:55:32Z</time>
   </trkpt>
   <trkpt lat="25.0267030" lon="121.5758790">
    <ele>177.5</ele>
    <time>2026-07-26T08:55:33Z</time>
   </trkpt>
   <trkpt lat="25.0267050" lon="121.5758720">
    <ele>177.5</ele>
    <time>2026-07-26T08:55:34Z</time>
   </trkpt>
   <trkpt lat="25.0266940" lon="121.5758680">
    <ele>177.6</ele>
    <time>2026-07-26T08:55:35Z</time>
   </trkpt>
   <trkpt lat="25.0267000" lon="121.5758730">
    <ele>177.7</ele>
    <time>2026-07-26T08:55:36Z</time>
   </trkpt>
   <trkpt lat="25.0267000" lon="121.5758730">
    <ele>177.7</ele>
    <time>2026-07-26T08:55:37Z</time>
   </trkpt>
   <trkpt lat="25.0267000" lon="121.5758740">
    <ele>177.7</ele>
    <time>2026-07-26T08:55:38Z</time>
   </trkpt>
   <trkpt lat="25.0267010" lon="121.5758730">
    <ele>177.7</ele>
    <time>2026-07-26T08:55:39Z</time>
   </trkpt>
   <trkpt lat="25.0267020" lon="121.5758730">
    <ele>177.7</ele>
    <time>2026-07-26T08:55:40Z</time>
   </trkpt>
   <trkpt lat="25.0267030" lon="121.5758740">
    <ele>177.7</ele>
    <time>2026-07-26T08:55:41Z</time>
   </trkpt>
   <trkpt lat="25.0267030" lon="121.5758740">
    <ele>177.7</ele>
    <time>2026-07-26T08:55:42Z</time>
   </trkpt>
   <trkpt lat="25.0267030" lon="121.5758740">
    <ele>177.7</ele>
    <time>2026-07-26T08:55:43Z</time>
   </trkpt>
   <trkpt lat="25.0267030" lon="121.5758740">
    <ele>177.7</ele>
    <time>2026-07-26T08:55:44Z</time>
   </trkpt>
   <trkpt lat="25.0267030" lon="121.5758740">
    <ele>177.7</ele>
    <time>2026-07-26T08:55:45Z</time>
   </trkpt>
   <trkpt lat="25.0267040" lon="121.5758760">
    <ele>177.7</ele>
    <time>2026-07-26T08:55:46Z</time>
   </trkpt>
   <trkpt lat="25.0267040" lon="121.5758790">
    <ele>177.7</ele>
    <time>2026-07-26T08:55:47Z</time>
   </trkpt>
   <trkpt lat="25.0266990" lon="121.5758770">
    <ele>177.7</ele>
    <time>2026-07-26T08:55:48Z</time>
   </trkpt>
   <trkpt lat="25.0266990" lon="121.5758840">
    <ele>177.8</ele>
    <time>2026-07-26T08:55:49Z</time>
   </trkpt>
   <trkpt lat="25.0266980" lon="121.5758900">
    <ele>177.8</ele>
    <time>2026-07-26T08:55:50Z</time>
   </trkpt>
   <trkpt lat="25.0266950" lon="121.5758960">
    <ele>177.9</ele>
    <time>2026-07-26T08:55:51Z</time>
   </trkpt>
   <trkpt lat="25.0266800" lon="121.5758870">
    <ele>178.0</ele>
    <time>2026-07-26T08:55:52Z</time>
   </trkpt>
   <trkpt lat="25.0266690" lon="121.5758910">
    <ele>178.0</ele>
    <time>2026-07-26T08:55:53Z</time>
   </trkpt>
   <trkpt lat="25.0266580" lon="121.5758910">
    <ele>178.1</ele>
    <time>2026-07-26T08:55:54Z</time>
   </trkpt>
   <trkpt lat="25.0266510" lon="121.5758890">
    <ele>178.1</ele>
    <time>2026-07-26T08:55:55Z</time>
   </trkpt>
   <trkpt lat="25.0266420" lon="121.5758870">
    <ele>178.2</ele>
    <time>2026-07-26T08:55:56Z</time>
   </trkpt>
   <trkpt lat="25.0266350" lon="121.5758850">
    <ele>178.2</ele>
    <time>2026-07-26T08:55:57Z</time>
   </trkpt>
   <trkpt lat="25.0266290" lon="121.5758820">
    <ele>178.3</ele>
    <time>2026-07-26T08:55:58Z</time>
   </trkpt>
   <trkpt lat="25.0266260" lon="121.5758810">
    <ele>178.3</ele>
    <time>2026-07-26T08:55:59Z</time>
   </trkpt>
   <trkpt lat="25.0266230" lon="121.5758740">
    <ele>178.3</ele>
    <time>2026-07-26T08:56:00Z</time>
   </trkpt>
   <trkpt lat="25.0266180" lon="121.5758700">
    <ele>178.4</ele>
    <time>2026-07-26T08:56:01Z</time>
   </trkpt>
   <trkpt lat="25.0266120" lon="121.5758630">
    <ele>178.4</ele>
    <time>2026-07-26T08:56:02Z</time>
   </trkpt>
   <trkpt lat="25.0266050" lon="121.5758560">
    <ele>178.5</ele>
    <time>2026-07-26T08:56:03Z</time>
   </trkpt>
   <trkpt lat="25.0265980" lon="121.5758500">
    <ele>178.5</ele>
    <time>2026-07-26T08:56:04Z</time>
   </trkpt>
   <trkpt lat="25.0265960" lon="121.5758420">
    <ele>178.6</ele>
    <time>2026-07-26T08:56:05Z</time>
   </trkpt>
   <trkpt lat="25.0265950" lon="121.5758350">
    <ele>178.6</ele>
    <time>2026-07-26T08:56:06Z</time>
   </trkpt>
   <trkpt lat="25.0265930" lon="121.5758270">
    <ele>178.6</ele>
    <time>2026-07-26T08:56:07Z</time>
   </trkpt>
   <trkpt lat="25.0265930" lon="121.5758200">
    <ele>178.7</ele>
    <time>2026-07-26T08:56:08Z</time>
   </trkpt>
   <trkpt lat="25.0265920" lon="121.5758120">
    <ele>178.7</ele>
    <time>2026-07-26T08:56:09Z</time>
   </trkpt>
   <trkpt lat="25.0265910" lon="121.5758070">
    <ele>178.7</ele>
    <time>2026-07-26T08:56:10Z</time>
   </trkpt>
   <trkpt lat="25.0265860" lon="121.5757990">
    <ele>178.8</ele>
    <time>2026-07-26T08:56:11Z</time>
   </trkpt>
   <trkpt lat="25.0265860" lon="121.5757910">
    <ele>178.8</ele>
    <time>2026-07-26T08:56:12Z</time>
   </trkpt>
   <trkpt lat="25.0265840" lon="121.5757830">
    <ele>178.9</ele>
    <time>2026-07-26T08:56:13Z</time>
   </trkpt>
   <trkpt lat="25.0265790" lon="121.5757730">
    <ele>178.9</ele>
    <time>2026-07-26T08:56:14Z</time>
   </trkpt>
   <trkpt lat="25.0265740" lon="121.5757690">
    <ele>179.0</ele>
    <time>2026-07-26T08:56:15Z</time>
   </trkpt>
   <trkpt lat="25.0265750" lon="121.5757660">
    <ele>179.0</ele>
    <time>2026-07-26T08:56:16Z</time>
   </trkpt>
   <trkpt lat="25.0265730" lon="121.5757540">
    <ele>179.1</ele>
    <time>2026-07-26T08:56:17Z</time>
   </trkpt>
   <trkpt lat="25.0265700" lon="121.5757420">
    <ele>179.1</ele>
    <time>2026-07-26T08:56:18Z</time>
   </trkpt>
   <trkpt lat="25.0265670" lon="121.5757370">
    <ele>179.2</ele>
    <time>2026-07-26T08:56:19Z</time>
   </trkpt>
   <trkpt lat="25.0265670" lon="121.5757290">
    <ele>179.2</ele>
    <time>2026-07-26T08:56:20Z</time>
   </trkpt>
   <trkpt lat="25.0265690" lon="121.5757200">
    <ele>179.3</ele>
    <time>2026-07-26T08:56:21Z</time>
   </trkpt>
   <trkpt lat="25.0265730" lon="121.5757120">
    <ele>179.3</ele>
    <time>2026-07-26T08:56:22Z</time>
   </trkpt>
   <trkpt lat="25.0265750" lon="121.5756970">
    <ele>179.3</ele>
    <time>2026-07-26T08:56:23Z</time>
   </trkpt>
   <trkpt lat="25.0265760" lon="121.5756940">
    <ele>179.3</ele>
    <time>2026-07-26T08:56:24Z</time>
   </trkpt>
   <trkpt lat="25.0265760" lon="121.5756980">
    <ele>179.3</ele>
    <time>2026-07-26T08:56:25Z</time>
   </trkpt>
   <trkpt lat="25.0265780" lon="121.5756830">
    <ele>179.4</ele>
    <time>2026-07-26T08:56:26Z</time>
   </trkpt>
   <trkpt lat="25.0265800" lon="121.5756730">
    <ele>179.4</ele>
    <time>2026-07-26T08:56:27Z</time>
   </trkpt>
   <trkpt lat="25.0265760" lon="121.5756660">
    <ele>179.4</ele>
    <time>2026-07-26T08:56:28Z</time>
   </trkpt>
   <trkpt lat="25.0265770" lon="121.5756550">
    <ele>179.5</ele>
    <time>2026-07-26T08:56:29Z</time>
   </trkpt>
   <trkpt lat="25.0265760" lon="121.5756480">
    <ele>179.5</ele>
    <time>2026-07-26T08:56:30Z</time>
   </trkpt>
   <trkpt lat="25.0265730" lon="121.5756320">
    <ele>179.5</ele>
    <time>2026-07-26T08:56:31Z</time>
   </trkpt>
   <trkpt lat="25.0265740" lon="121.5756260">
    <ele>179.6</ele>
    <time>2026-07-26T08:56:32Z</time>
   </trkpt>
   <trkpt lat="25.0265770" lon="121.5756220">
    <ele>179.6</ele>
    <time>2026-07-26T08:56:33Z</time>
   </trkpt>
   <trkpt lat="25.0265780" lon="121.5756130">
    <ele>179.6</ele>
    <time>2026-07-26T08:56:34Z</time>
   </trkpt>
   <trkpt lat="25.0265810" lon="121.5756050">
    <ele>179.6</ele>
    <time>2026-07-26T08:56:35Z</time>
   </trkpt>
   <trkpt lat="25.0265800" lon="121.5755960">
    <ele>179.6</ele>
    <time>2026-07-26T08:56:37Z</time>
   </trkpt>
   <trkpt lat="25.0265800" lon="121.5755830">
    <ele>179.6</ele>
    <time>2026-07-26T08:56:38Z</time>
   </trkpt>
   <trkpt lat="25.0265780" lon="121.5755710">
    <ele>179.6</ele>
    <time>2026-07-26T08:56:39Z</time>
   </trkpt>
   <trkpt lat="25.0265780" lon="121.5755650">
    <ele>179.6</ele>
    <time>2026-07-26T08:56:40Z</time>
   </trkpt>
   <trkpt lat="25.0265790" lon="121.5755660">
    <ele>179.6</ele>
    <time>2026-07-26T08:56:41Z</time>
   </trkpt>
   <trkpt lat="25.0265810" lon="121.5755720">
    <ele>179.6</ele>
    <time>2026-07-26T08:56:42Z</time>
   </trkpt>
   <trkpt lat="25.0265830" lon="121.5755750">
    <ele>179.6</ele>
    <time>2026-07-26T08:56:43Z</time>
   </trkpt>
   <trkpt lat="25.0265880" lon="121.5755760">
    <ele>179.6</ele>
    <time>2026-07-26T08:56:44Z</time>
   </trkpt>
   <trkpt lat="25.0265910" lon="121.5755840">
    <ele>179.6</ele>
    <time>2026-07-26T08:56:45Z</time>
   </trkpt>
   <trkpt lat="25.0265910" lon="121.5755840">
    <ele>179.6</ele>
    <time>2026-07-26T08:56:46Z</time>
   </trkpt>
   <trkpt lat="25.0265980" lon="121.5755880">
    <ele>179.6</ele>
    <time>2026-07-26T08:56:47Z</time>
   </trkpt>
   <trkpt lat="25.0266060" lon="121.5755920">
    <ele>179.6</ele>
    <time>2026-07-26T08:56:48Z</time>
   </trkpt>
   <trkpt lat="25.0266080" lon="121.5755940">
    <ele>179.6</ele>
    <time>2026-07-26T08:56:49Z</time>
   </trkpt>
   <trkpt lat="25.0266120" lon="121.5755880">
    <ele>179.6</ele>
    <time>2026-07-26T08:56:50Z</time>
   </trkpt>
   <trkpt lat="25.0266140" lon="121.5755770">
    <ele>179.5</ele>
    <time>2026-07-26T08:56:51Z</time>
   </trkpt>
   <trkpt lat="25.0266180" lon="121.5755670">
    <ele>179.5</ele>
    <time>2026-07-26T08:56:52Z</time>
   </trkpt>
   <trkpt lat="25.0266230" lon="121.5755540">
    <ele>179.5</ele>
    <time>2026-07-26T08:56:53Z</time>
   </trkpt>
   <trkpt lat="25.0266240" lon="121.5755340">
    <ele>179.5</ele>
    <time>2026-07-26T08:56:54Z</time>
   </trkpt>
   <trkpt lat="25.0266240" lon="121.5755340">
    <ele>179.5</ele>
    <time>2026-07-26T08:56:55Z</time>
   </trkpt>
   <trkpt lat="25.0266280" lon="121.5755270">
    <ele>179.5</ele>
    <time>2026-07-26T08:56:56Z</time>
   </trkpt>
   <trkpt lat="25.0266290" lon="121.5755260">
    <ele>179.5</ele>
    <time>2026-07-26T08:56:57Z</time>
   </trkpt>
   <trkpt lat="25.0266290" lon="121.5755210">
    <ele>179.5</ele>
    <time>2026-07-26T08:56:58Z</time>
   </trkpt>
   <trkpt lat="25.0266350" lon="121.5755150">
    <ele>179.5</ele>
    <time>2026-07-26T08:56:59Z</time>
   </trkpt>
   <trkpt lat="25.0266350" lon="121.5755160">
    <ele>179.5</ele>
    <time>2026-07-26T08:57:00Z</time>
   </trkpt>
   <trkpt lat="25.0266400" lon="121.5755130">
    <ele>179.4</ele>
    <time>2026-07-26T08:57:01Z</time>
   </trkpt>
   <trkpt lat="25.0266380" lon="121.5755130">
    <ele>179.4</ele>
    <time>2026-07-26T08:57:02Z</time>
   </trkpt>
   <trkpt lat="25.0266360" lon="121.5755120">
    <ele>179.4</ele>
    <time>2026-07-26T08:57:03Z</time>
   </trkpt>
   <trkpt lat="25.0266340" lon="121.5755120">
    <ele>179.4</ele>
    <time>2026-07-26T08:57:04Z</time>
   </trkpt>
   <trkpt lat="25.0266320" lon="121.5755100">
    <ele>179.4</ele>
    <time>2026-07-26T08:57:05Z</time>
   </trkpt>
   <trkpt lat="25.0266280" lon="121.5755060">
    <ele>179.4</ele>
    <time>2026-07-26T08:57:06Z</time>
   </trkpt>
   <trkpt lat="25.0266240" lon="121.5755010">
    <ele>179.4</ele>
    <time>2026-07-26T08:57:07Z</time>
   </trkpt>
   <trkpt lat="25.0266170" lon="121.5754930">
    <ele>179.3</ele>
    <time>2026-07-26T08:57:08Z</time>
   </trkpt>
   <trkpt lat="25.0266080" lon="121.5754900">
    <ele>179.3</ele>
    <time>2026-07-26T08:57:09Z</time>
   </trkpt>
   <trkpt lat="25.0266020" lon="121.5754930">
    <ele>179.2</ele>
    <time>2026-07-26T08:57:10Z</time>
   </trkpt>
   <trkpt lat="25.0266000" lon="121.5754920">
    <ele>179.2</ele>
    <time>2026-07-26T08:57:11Z</time>
   </trkpt>
   <trkpt lat="25.0265950" lon="121.5754820">
    <ele>179.2</ele>
    <time>2026-07-26T08:57:12Z</time>
   </trkpt>
   <trkpt lat="25.0265920" lon="121.5754760">
    <ele>179.2</ele>
    <time>2026-07-26T08:57:13Z</time>
   </trkpt>
   <trkpt lat="25.0265870" lon="121.5754690">
    <ele>179.1</ele>
    <time>2026-07-26T08:57:14Z</time>
   </trkpt>
   <trkpt lat="25.0265760" lon="121.5754590">
    <ele>179.1</ele>
    <time>2026-07-26T08:57:15Z</time>
   </trkpt>
   <trkpt lat="25.0265690" lon="121.5754570">
    <ele>179.0</ele>
    <time>2026-07-26T08:57:16Z</time>
   </trkpt>
   <trkpt lat="25.0265640" lon="121.5754530">
    <ele>179.0</ele>
    <time>2026-07-26T08:57:17Z</time>
   </trkpt>
   <trkpt lat="25.0265640" lon="121.5754530">
    <ele>179.0</ele>
    <time>2026-07-26T08:57:18Z</time>
   </trkpt>
   <trkpt lat="25.0265570" lon="121.5754460">
    <ele>179.0</ele>
    <time>2026-07-26T08:57:19Z</time>
   </trkpt>
   <trkpt lat="25.0265540" lon="121.5754440">
    <ele>178.9</ele>
    <time>2026-07-26T08:57:20Z</time>
   </trkpt>
   <trkpt lat="25.0265560" lon="121.5754450">
    <ele>178.9</ele>
    <time>2026-07-26T08:57:21Z</time>
   </trkpt>
   <trkpt lat="25.0265550" lon="121.5754410">
    <ele>178.9</ele>
    <time>2026-07-26T08:57:22Z</time>
   </trkpt>
   <trkpt lat="25.0265550" lon="121.5754350">
    <ele>178.9</ele>
    <time>2026-07-26T08:57:23Z</time>
   </trkpt>
   <trkpt lat="25.0265540" lon="121.5754300">
    <ele>178.8</ele>
    <time>2026-07-26T08:57:24Z</time>
   </trkpt>
   <trkpt lat="25.0265500" lon="121.5754300">
    <ele>178.8</ele>
    <time>2026-07-26T08:57:25Z</time>
   </trkpt>
   <trkpt lat="25.0265550" lon="121.5754260">
    <ele>178.8</ele>
    <time>2026-07-26T08:57:26Z</time>
   </trkpt>
   <trkpt lat="25.0265530" lon="121.5754170">
    <ele>178.7</ele>
    <time>2026-07-26T08:57:27Z</time>
   </trkpt>
   <trkpt lat="25.0265550" lon="121.5754100">
    <ele>178.7</ele>
    <time>2026-07-26T08:57:28Z</time>
   </trkpt>
   <trkpt lat="25.0265540" lon="121.5754050">
    <ele>178.6</ele>
    <time>2026-07-26T08:57:29Z</time>
   </trkpt>
   <trkpt lat="25.0265540" lon="121.5753990">
    <ele>178.6</ele>
    <time>2026-07-26T08:57:30Z</time>
   </trkpt>
   <trkpt lat="25.0265630" lon="121.5753940">
    <ele>178.5</ele>
    <time>2026-07-26T08:57:31Z</time>
   </trkpt>
   <trkpt lat="25.0265620" lon="121.5753840">
    <ele>178.5</ele>
    <time>2026-07-26T08:57:32Z</time>
   </trkpt>
   <trkpt lat="25.0265570" lon="121.5753780">
    <ele>178.5</ele>
    <time>2026-07-26T08:57:33Z</time>
   </trkpt>
   <trkpt lat="25.0265550" lon="121.5753700">
    <ele>178.5</ele>
    <time>2026-07-26T08:57:34Z</time>
   </trkpt>
   <trkpt lat="25.0265550" lon="121.5753620">
    <ele>178.5</ele>
    <time>2026-07-26T08:57:35Z</time>
   </trkpt>
   <trkpt lat="25.0265550" lon="121.5753570">
    <ele>178.5</ele>
    <time>2026-07-26T08:57:36Z</time>
   </trkpt>
   <trkpt lat="25.0265530" lon="121.5753610">
    <ele>178.5</ele>
    <time>2026-07-26T08:57:37Z</time>
   </trkpt>
   <trkpt lat="25.0265470" lon="121.5753630">
    <ele>178.5</ele>
    <time>2026-07-26T08:57:38Z</time>
   </trkpt>
   <trkpt lat="25.0265440" lon="121.5753690">
    <ele>178.4</ele>
    <time>2026-07-26T08:57:39Z</time>
   </trkpt>
   <trkpt lat="25.0265410" lon="121.5753730">
    <ele>178.4</ele>
    <time>2026-07-26T08:57:40Z</time>
   </trkpt>
   <trkpt lat="25.0265360" lon="121.5753730">
    <ele>178.4</ele>
    <time>2026-07-26T08:57:41Z</time>
   </trkpt>
   <trkpt lat="25.0265280" lon="121.5753750">
    <ele>178.4</ele>
    <time>2026-07-26T08:57:42Z</time>
   </trkpt>
   <trkpt lat="25.0265240" lon="121.5753750">
    <ele>178.4</ele>
    <time>2026-07-26T08:57:43Z</time>
   </trkpt>
   <trkpt lat="25.0265140" lon="121.5753630">
    <ele>178.4</ele>
    <time>2026-07-26T08:57:44Z</time>
   </trkpt>
   <trkpt lat="25.0265060" lon="121.5753570">
    <ele>178.4</ele>
    <time>2026-07-26T08:57:45Z</time>
   </trkpt>
   <trkpt lat="25.0264970" lon="121.5753500">
    <ele>178.3</ele>
    <time>2026-07-26T08:57:46Z</time>
   </trkpt>
   <trkpt lat="25.0264910" lon="121.5753460">
    <ele>178.3</ele>
    <time>2026-07-26T08:57:47Z</time>
   </trkpt>
   <trkpt lat="25.0264850" lon="121.5753430">
    <ele>178.3</ele>
    <time>2026-07-26T08:57:48Z</time>
   </trkpt>
   <trkpt lat="25.0264800" lon="121.5753410">
    <ele>178.3</ele>
    <time>2026-07-26T08:57:49Z</time>
   </trkpt>
   <trkpt lat="25.0264740" lon="121.5753380">
    <ele>178.3</ele>
    <time>2026-07-26T08:57:50Z</time>
   </trkpt>
   <trkpt lat="25.0264660" lon="121.5753380">
    <ele>178.3</ele>
    <time>2026-07-26T08:57:51Z</time>
   </trkpt>
   <trkpt lat="25.0264630" lon="121.5753390">
    <ele>178.3</ele>
    <time>2026-07-26T08:57:52Z</time>
   </trkpt>
   <trkpt lat="25.0264610" lon="121.5753380">
    <ele>178.3</ele>
    <time>2026-07-26T08:57:53Z</time>
   </trkpt>
   <trkpt lat="25.0264620" lon="121.5753380">
    <ele>178.3</ele>
    <time>2026-07-26T08:57:54Z</time>
   </trkpt>
   <trkpt lat="25.0264620" lon="121.5753380">
    <ele>178.3</ele>
    <time>2026-07-26T08:57:55Z</time>
   </trkpt>
   <trkpt lat="25.0264640" lon="121.5753360">
    <ele>178.3</ele>
    <time>2026-07-26T08:57:56Z</time>
   </trkpt>
   <trkpt lat="25.0264650" lon="121.5753330">
    <ele>178.3</ele>
    <time>2026-07-26T08:57:57Z</time>
   </trkpt>
   <trkpt lat="25.0264650" lon="121.5753290">
    <ele>178.3</ele>
    <time>2026-07-26T08:57:58Z</time>
   </trkpt>
   <trkpt lat="25.0264570" lon="121.5753300">
    <ele>178.2</ele>
    <time>2026-07-26T08:57:59Z</time>
   </trkpt>
   <trkpt lat="25.0264610" lon="121.5753250">
    <ele>178.2</ele>
    <time>2026-07-26T08:58:00Z</time>
   </trkpt>
   <trkpt lat="25.0264580" lon="121.5753220">
    <ele>178.2</ele>
    <time>2026-07-26T08:58:01Z</time>
   </trkpt>
   <trkpt lat="25.0264590" lon="121.5753210">
    <ele>178.2</ele>
    <time>2026-07-26T08:58:02Z</time>
   </trkpt>
   <trkpt lat="25.0264590" lon="121.5753220">
    <ele>178.2</ele>
    <time>2026-07-26T08:58:03Z</time>
   </trkpt>
   <trkpt lat="25.0264590" lon="121.5753210">
    <ele>178.2</ele>
    <time>2026-07-26T08:58:04Z</time>
   </trkpt>
   <trkpt lat="25.0264570" lon="121.5753210">
    <ele>178.2</ele>
    <time>2026-07-26T08:58:05Z</time>
   </trkpt>
   <trkpt lat="25.0264540" lon="121.5753190">
    <ele>178.2</ele>
    <time>2026-07-26T08:58:06Z</time>
   </trkpt>
   <trkpt lat="25.0264540" lon="121.5753190">
    <ele>178.2</ele>
    <time>2026-07-26T08:58:07Z</time>
   </trkpt>
   <trkpt lat="25.0264500" lon="121.5753170">
    <ele>178.2</ele>
    <time>2026-07-26T08:58:08Z</time>
   </trkpt>
   <trkpt lat="25.0264480" lon="121.5753150">
    <ele>178.2</ele>
    <time>2026-07-26T08:58:09Z</time>
   </trkpt>
   <trkpt lat="25.0264520" lon="121.5753170">
    <ele>178.2</ele>
    <time>2026-07-26T08:58:10Z</time>
   </trkpt>
   <trkpt lat="25.0264520" lon="121.5753160">
    <ele>178.2</ele>
    <time>2026-07-26T08:58:11Z</time>
   </trkpt>
   <trkpt lat="25.0264520" lon="121.5753130">
    <ele>178.2</ele>
    <time>2026-07-26T08:58:12Z</time>
   </trkpt>
   <trkpt lat="25.0264530" lon="121.5753130">
    <ele>178.2</ele>
    <time>2026-07-26T08:58:13Z</time>
   </trkpt>
   <trkpt lat="25.0264530" lon="121.5753140">
    <ele>178.2</ele>
    <time>2026-07-26T08:58:14Z</time>
   </trkpt>
   <trkpt lat="25.0264540" lon="121.5753150">
    <ele>178.2</ele>
    <time>2026-07-26T08:58:15Z</time>
   </trkpt>
   <trkpt lat="25.0264540" lon="121.5753150">
    <ele>178.2</ele>
    <time>2026-07-26T08:58:16Z</time>
   </trkpt>
   <trkpt lat="25.0264560" lon="121.5753140">
    <ele>178.2</ele>
    <time>2026-07-26T08:58:17Z</time>
   </trkpt>
   <trkpt lat="25.0264560" lon="121.5753140">
    <ele>178.2</ele>
    <time>2026-07-26T08:58:18Z</time>
   </trkpt>
   <trkpt lat="25.0264560" lon="121.5753140">
    <ele>178.2</ele>
    <time>2026-07-26T08:58:19Z</time>
   </trkpt>
   <trkpt lat="25.0264580" lon="121.5753140">
    <ele>178.2</ele>
    <time>2026-07-26T08:58:20Z</time>
   </trkpt>
   <trkpt lat="25.0264570" lon="121.5753150">
    <ele>178.2</ele>
    <time>2026-07-26T08:58:21Z</time>
   </trkpt>
   <trkpt lat="25.0264550" lon="121.5753150">
    <ele>178.2</ele>
    <time>2026-07-26T08:58:22Z</time>
   </trkpt>
   <trkpt lat="25.0264560" lon="121.5753150">
    <ele>178.2</ele>
    <time>2026-07-26T08:58:23Z</time>
   </trkpt>
   <trkpt lat="25.0264560" lon="121.5753150">
    <ele>178.2</ele>
    <time>2026-07-26T08:58:24Z</time>
   </trkpt>
   <trkpt lat="25.0264560" lon="121.5753150">
    <ele>178.2</ele>
    <time>2026-07-26T08:58:25Z</time>
   </trkpt>
   <trkpt lat="25.0264550" lon="121.5753160">
    <ele>178.2</ele>
    <time>2026-07-26T08:58:26Z</time>
   </trkpt>
   <trkpt lat="25.0264550" lon="121.5753160">
    <ele>178.2</ele>
    <time>2026-07-26T08:58:27Z</time>
   </trkpt>
   <trkpt lat="25.0264550" lon="121.5753160">
    <ele>178.2</ele>
    <time>2026-07-26T08:58:28Z</time>
   </trkpt>
   <trkpt lat="25.0264550" lon="121.5753160">
    <ele>178.2</ele>
    <time>2026-07-26T08:58:29Z</time>
   </trkpt>
   <trkpt lat="25.0264560" lon="121.5753180">
    <ele>178.2</ele>
    <time>2026-07-26T08:58:30Z</time>
   </trkpt>
   <trkpt lat="25.0264570" lon="121.5753160">
    <ele>178.2</ele>
    <time>2026-07-26T08:58:31Z</time>
   </trkpt>
   <trkpt lat="25.0264570" lon="121.5753170">
    <ele>178.2</ele>
    <time>2026-07-26T08:58:32Z</time>
   </trkpt>
   <trkpt lat="25.0264560" lon="121.5753170">
    <ele>178.2</ele>
    <time>2026-07-26T08:58:33Z</time>
   </trkpt>
   <trkpt lat="25.0264560" lon="121.5753170">
    <ele>178.2</ele>
    <time>2026-07-26T08:58:34Z</time>
   </trkpt>
   <trkpt lat="25.0264570" lon="121.5753180">
    <ele>178.1</ele>
    <time>2026-07-26T08:58:35Z</time>
   </trkpt>
   <trkpt lat="25.0264560" lon="121.5753180">
    <ele>178.1</ele>
    <time>2026-07-26T08:58:36Z</time>
   </trkpt>
   <trkpt lat="25.0264560" lon="121.5753180">
    <ele>178.1</ele>
    <time>2026-07-26T08:58:37Z</time>
   </trkpt>
   <trkpt lat="25.0264560" lon="121.5753180">
    <ele>178.1</ele>
    <time>2026-07-26T08:58:38Z</time>
   </trkpt>
   <trkpt lat="25.0264540" lon="121.5753190">
    <ele>178.1</ele>
    <time>2026-07-26T08:58:39Z</time>
   </trkpt>
   <trkpt lat="25.0264540" lon="121.5753190">
    <ele>178.1</ele>
    <time>2026-07-26T08:58:40Z</time>
   </trkpt>
   <trkpt lat="25.0264500" lon="121.5753160">
    <ele>178.1</ele>
    <time>2026-07-26T08:58:41Z</time>
   </trkpt>
   <trkpt lat="25.0264490" lon="121.5753140">
    <ele>178.1</ele>
    <time>2026-07-26T08:58:42Z</time>
   </trkpt>
   <trkpt lat="25.0264490" lon="121.5753140">
    <ele>178.1</ele>
    <time>2026-07-26T08:58:43Z</time>
   </trkpt>
   <trkpt lat="25.0264470" lon="121.5753130">
    <ele>178.1</ele>
    <time>2026-07-26T08:58:44Z</time>
   </trkpt>
   <trkpt lat="25.0264470" lon="121.5753150">
    <ele>178.1</ele>
    <time>2026-07-26T08:58:45Z</time>
   </trkpt>
   <trkpt lat="25.0264470" lon="121.5753140">
    <ele>178.1</ele>
    <time>2026-07-26T08:58:46Z</time>
   </trkpt>
   <trkpt lat="25.0264440" lon="121.5753160">
    <ele>178.1</ele>
    <time>2026-07-26T08:58:47Z</time>
   </trkpt>
   <trkpt lat="25.0264410" lon="121.5753170">
    <ele>178.1</ele>
    <time>2026-07-26T08:58:48Z</time>
   </trkpt>
   <trkpt lat="25.0264410" lon="121.5753150">
    <ele>178.1</ele>
    <time>2026-07-26T08:58:49Z</time>
   </trkpt>
   <trkpt lat="25.0264460" lon="121.5753160">
    <ele>178.0</ele>
    <time>2026-07-26T08:58:50Z</time>
   </trkpt>
   <trkpt lat="25.0264470" lon="121.5753160">
    <ele>178.0</ele>
    <time>2026-07-26T08:58:51Z</time>
   </trkpt>
   <trkpt lat="25.0264470" lon="121.5753160">
    <ele>178.0</ele>
    <time>2026-07-26T08:58:52Z</time>
   </trkpt>
   <trkpt lat="25.0264490" lon="121.5753160">
    <ele>177.9</ele>
    <time>2026-07-26T08:58:53Z</time>
   </trkpt>
   <trkpt lat="25.0264480" lon="121.5753150">
    <ele>177.9</ele>
    <time>2026-07-26T08:58:54Z</time>
   </trkpt>
   <trkpt lat="25.0264480" lon="121.5753130">
    <ele>177.9</ele>
    <time>2026-07-26T08:58:55Z</time>
   </trkpt>
   <trkpt lat="25.0264480" lon="121.5753140">
    <ele>177.9</ele>
    <time>2026-07-26T08:58:56Z</time>
   </trkpt>
   <trkpt lat="25.0264510" lon="121.5753160">
    <ele>177.8</ele>
    <time>2026-07-26T08:58:57Z</time>
   </trkpt>
   <trkpt lat="25.0264570" lon="121.5753150">
    <ele>177.7</ele>
    <time>2026-07-26T08:58:58Z</time>
   </trkpt>
   <trkpt lat="25.0264640" lon="121.5753130">
    <ele>177.5</ele>
    <time>2026-07-26T08:58:59Z</time>
   </trkpt>
   <trkpt lat="25.0264700" lon="121.5753140">
    <ele>177.4</ele>
    <time>2026-07-26T08:59:00Z</time>
   </trkpt>
   <trkpt lat="25.0264740" lon="121.5753170">
    <ele>177.3</ele>
    <time>2026-07-26T08:59:01Z</time>
   </trkpt>
   <trkpt lat="25.0264810" lon="121.5753200">
    <ele>177.1</ele>
    <time>2026-07-26T08:59:02Z</time>
   </trkpt>
   <trkpt lat="25.0264860" lon="121.5753150">
    <ele>177.0</ele>
    <time>2026-07-26T08:59:03Z</time>
   </trkpt>
   <trkpt lat="25.0264940" lon="121.5753140">
    <ele>176.8</ele>
    <time>2026-07-26T08:59:04Z</time>
   </trkpt>
   <trkpt lat="25.0264990" lon="121.5753150">
    <ele>176.7</ele>
    <time>2026-07-26T08:59:05Z</time>
   </trkpt>
   <trkpt lat="25.0265060" lon="121.5753150">
    <ele>176.5</ele>
    <time>2026-07-26T08:59:06Z</time>
   </trkpt>
   <trkpt lat="25.0265130" lon="121.5753130">
    <ele>176.3</ele>
    <time>2026-07-26T08:59:07Z</time>
   </trkpt>
   <trkpt lat="25.0265370" lon="121.5753040">
    <ele>175.7</ele>
    <time>2026-07-26T08:59:08Z</time>
   </trkpt>
   <trkpt lat="25.0265430" lon="121.5752980">
    <ele>175.4</ele>
    <time>2026-07-26T08:59:09Z</time>
   </trkpt>
   <trkpt lat="25.0265470" lon="121.5752930">
    <ele>175.3</ele>
    <time>2026-07-26T08:59:10Z</time>
   </trkpt>
   <trkpt lat="25.0265480" lon="121.5752820">
    <ele>174.9</ele>
    <time>2026-07-26T08:59:11Z</time>
   </trkpt>
   <trkpt lat="25.0265530" lon="121.5752750">
    <ele>174.7</ele>
    <time>2026-07-26T08:59:12Z</time>
   </trkpt>
   <trkpt lat="25.0265520" lon="121.5752740">
    <ele>174.6</ele>
    <time>2026-07-26T08:59:13Z</time>
   </trkpt>
   <trkpt lat="25.0265520" lon="121.5752710">
    <ele>174.6</ele>
    <time>2026-07-26T08:59:14Z</time>
   </trkpt>
   <trkpt lat="25.0265580" lon="121.5752600">
    <ele>174.2</ele>
    <time>2026-07-26T08:59:15Z</time>
   </trkpt>
   <trkpt lat="25.0265590" lon="121.5752470">
    <ele>173.8</ele>
    <time>2026-07-26T08:59:16Z</time>
   </trkpt>
   <trkpt lat="25.0265580" lon="121.5752460">
    <ele>173.8</ele>
    <time>2026-07-26T08:59:17Z</time>
   </trkpt>
   <trkpt lat="25.0265580" lon="121.5752420">
    <ele>173.7</ele>
    <time>2026-07-26T08:59:18Z</time>
   </trkpt>
   <trkpt lat="25.0265580" lon="121.5752390">
    <ele>173.6</ele>
    <time>2026-07-26T08:59:19Z</time>
   </trkpt>
   <trkpt lat="25.0265580" lon="121.5752310">
    <ele>173.3</ele>
    <time>2026-07-26T08:59:20Z</time>
   </trkpt>
   <trkpt lat="25.0265610" lon="121.5752230">
    <ele>173.1</ele>
    <time>2026-07-26T08:59:21Z</time>
   </trkpt>
   <trkpt lat="25.0265620" lon="121.5752140">
    <ele>172.8</ele>
    <time>2026-07-26T08:59:22Z</time>
   </trkpt>
   <trkpt lat="25.0265600" lon="121.5752080">
    <ele>172.6</ele>
    <time>2026-07-26T08:59:23Z</time>
   </trkpt>
   <trkpt lat="25.0265620" lon="121.5752060">
    <ele>172.5</ele>
    <time>2026-07-26T08:59:24Z</time>
   </trkpt>
   <trkpt lat="25.0265610" lon="121.5752040">
    <ele>172.4</ele>
    <time>2026-07-26T08:59:25Z</time>
   </trkpt>
   <trkpt lat="25.0265580" lon="121.5751960">
    <ele>172.2</ele>
    <time>2026-07-26T08:59:26Z</time>
   </trkpt>
   <trkpt lat="25.0265600" lon="121.5751910">
    <ele>172.0</ele>
    <time>2026-07-26T08:59:27Z</time>
   </trkpt>
   <trkpt lat="25.0265610" lon="121.5751840">
    <ele>171.8</ele>
    <time>2026-07-26T08:59:28Z</time>
   </trkpt>
   <trkpt lat="25.0265610" lon="121.5751780">
    <ele>171.6</ele>
    <time>2026-07-26T08:59:29Z</time>
   </trkpt>
   <trkpt lat="25.0265580" lon="121.5751740">
    <ele>171.5</ele>
    <time>2026-07-26T08:59:30Z</time>
   </trkpt>
   <trkpt lat="25.0265610" lon="121.5751710">
    <ele>171.3</ele>
    <time>2026-07-26T08:59:31Z</time>
   </trkpt>
   <trkpt lat="25.0265580" lon="121.5751650">
    <ele>171.1</ele>
    <time>2026-07-26T08:59:32Z</time>
   </trkpt>
   <trkpt lat="25.0265560" lon="121.5751570">
    <ele>170.9</ele>
    <time>2026-07-26T08:59:33Z</time>
   </trkpt>
   <trkpt lat="25.0265560" lon="121.5751510">
    <ele>170.7</ele>
    <time>2026-07-26T08:59:34Z</time>
   </trkpt>
   <trkpt lat="25.0265510" lon="121.5751390">
    <ele>170.3</ele>
    <time>2026-07-26T08:59:35Z</time>
   </trkpt>
   <trkpt lat="25.0265480" lon="121.5751340">
    <ele>170.1</ele>
    <time>2026-07-26T08:59:36Z</time>
   </trkpt>
   <trkpt lat="25.0265450" lon="121.5751240">
    <ele>169.8</ele>
    <time>2026-07-26T08:59:37Z</time>
   </trkpt>
   <trkpt lat="25.0265460" lon="121.5751180">
    <ele>169.7</ele>
    <time>2026-07-26T08:59:38Z</time>
   </trkpt>
   <trkpt lat="25.0265450" lon="121.5751070">
    <ele>169.4</ele>
    <time>2026-07-26T08:59:39Z</time>
   </trkpt>
   <trkpt lat="25.0265600" lon="121.5751090">
    <ele>168.9</ele>
    <time>2026-07-26T08:59:40Z</time>
   </trkpt>
   <trkpt lat="25.0265700" lon="121.5751070">
    <ele>168.6</ele>
    <time>2026-07-26T08:59:41Z</time>
   </trkpt>
   <trkpt lat="25.0265760" lon="121.5750970">
    <ele>168.3</ele>
    <time>2026-07-26T08:59:42Z</time>
   </trkpt>
   <trkpt lat="25.0265830" lon="121.5750840">
    <ele>168.0</ele>
    <time>2026-07-26T08:59:43Z</time>
   </trkpt>
   <trkpt lat="25.0265880" lon="121.5750630">
    <ele>167.5</ele>
    <time>2026-07-26T08:59:44Z</time>
   </trkpt>
   <trkpt lat="25.0265900" lon="121.5750520">
    <ele>167.3</ele>
    <time>2026-07-26T08:59:45Z</time>
   </trkpt>
   <trkpt lat="25.0265950" lon="121.5750360">
    <ele>166.9</ele>
    <time>2026-07-26T08:59:46Z</time>
   </trkpt>
   <trkpt lat="25.0265990" lon="121.5750300">
    <ele>166.8</ele>
    <time>2026-07-26T08:59:47Z</time>
   </trkpt>
   <trkpt lat="25.0266050" lon="121.5750230">
    <ele>166.6</ele>
    <time>2026-07-26T08:59:48Z</time>
   </trkpt>
   <trkpt lat="25.0266080" lon="121.5750150">
    <ele>166.4</ele>
    <time>2026-07-26T08:59:49Z</time>
   </trkpt>
   <trkpt lat="25.0266110" lon="121.5750070">
    <ele>166.2</ele>
    <time>2026-07-26T08:59:50Z</time>
   </trkpt>
   <trkpt lat="25.0266160" lon="121.5750030">
    <ele>166.1</ele>
    <time>2026-07-26T08:59:51Z</time>
   </trkpt>
   <trkpt lat="25.0266230" lon="121.5749900">
    <ele>165.9</ele>
    <time>2026-07-26T08:59:52Z</time>
   </trkpt>
   <trkpt lat="25.0266280" lon="121.5749820">
    <ele>165.9</ele>
    <time>2026-07-26T08:59:53Z</time>
   </trkpt>
   <trkpt lat="25.0266300" lon="121.5749700">
    <ele>165.9</ele>
    <time>2026-07-26T08:59:54Z</time>
   </trkpt>
   <trkpt lat="25.0266290" lon="121.5749520">
    <ele>165.9</ele>
    <time>2026-07-26T08:59:55Z</time>
   </trkpt>
   <trkpt lat="25.0266240" lon="121.5749370">
    <ele>165.9</ele>
    <time>2026-07-26T08:59:56Z</time>
   </trkpt>
   <trkpt lat="25.0266260" lon="121.5749230">
    <ele>165.9</ele>
    <time>2026-07-26T08:59:57Z</time>
   </trkpt>
   <trkpt lat="25.0266280" lon="121.5749100">
    <ele>165.9</ele>
    <time>2026-07-26T08:59:58Z</time>
   </trkpt>
   <trkpt lat="25.0266330" lon="121.5748960">
    <ele>165.9</ele>
    <time>2026-07-26T08:59:59Z</time>
   </trkpt>
   <trkpt lat="25.0266350" lon="121.5748830">
    <ele>165.9</ele>
    <time>2026-07-26T09:00:00Z</time>
   </trkpt>
   <trkpt lat="25.0266390" lon="121.5748650">
    <ele>165.9</ele>
    <time>2026-07-26T09:00:01Z</time>
   </trkpt>
   <trkpt lat="25.0266440" lon="121.5748490">
    <ele>165.9</ele>
    <time>2026-07-26T09:00:02Z</time>
   </trkpt>
   <trkpt lat="25.0266470" lon="121.5748390">
    <ele>166.0</ele>
    <time>2026-07-26T09:00:03Z</time>
   </trkpt>
   <trkpt lat="25.0266490" lon="121.5748230">
    <ele>166.0</ele>
    <time>2026-07-26T09:00:04Z</time>
   </trkpt>
   <trkpt lat="25.0266520" lon="121.5748090">
    <ele>166.0</ele>
    <time>2026-07-26T09:00:05Z</time>
   </trkpt>
   <trkpt lat="25.0266530" lon="121.5747950">
    <ele>166.1</ele>
    <time>2026-07-26T09:00:06Z</time>
   </trkpt>
   <trkpt lat="25.0266550" lon="121.5747800">
    <ele>166.1</ele>
    <time>2026-07-26T09:00:07Z</time>
   </trkpt>
   <trkpt lat="25.0266580" lon="121.5747640">
    <ele>166.2</ele>
    <time>2026-07-26T09:00:08Z</time>
   </trkpt>
   <trkpt lat="25.0266600" lon="121.5747520">
    <ele>166.2</ele>
    <time>2026-07-26T09:00:09Z</time>
   </trkpt>
   <trkpt lat="25.0266670" lon="121.5747340">
    <ele>166.2</ele>
    <time>2026-07-26T09:00:10Z</time>
   </trkpt>
   <trkpt lat="25.0266740" lon="121.5747170">
    <ele>166.3</ele>
    <time>2026-07-26T09:00:11Z</time>
   </trkpt>
   <trkpt lat="25.0266760" lon="121.5747030">
    <ele>166.3</ele>
    <time>2026-07-26T09:00:12Z</time>
   </trkpt>
   <trkpt lat="25.0266800" lon="121.5746840">
    <ele>166.4</ele>
    <time>2026-07-26T09:00:13Z</time>
   </trkpt>
   <trkpt lat="25.0266880" lon="121.5746690">
    <ele>166.4</ele>
    <time>2026-07-26T09:00:14Z</time>
   </trkpt>
   <trkpt lat="25.0267040" lon="121.5746600">
    <ele>166.4</ele>
    <time>2026-07-26T09:00:15Z</time>
   </trkpt>
   <trkpt lat="25.0267140" lon="121.5746490">
    <ele>166.5</ele>
    <time>2026-07-26T09:00:16Z</time>
   </trkpt>
   <trkpt lat="25.0267220" lon="121.5746390">
    <ele>166.5</ele>
    <time>2026-07-26T09:00:17Z</time>
   </trkpt>
   <trkpt lat="25.0267270" lon="121.5746260">
    <ele>166.5</ele>
    <time>2026-07-26T09:00:18Z</time>
   </trkpt>
   <trkpt lat="25.0267360" lon="121.5746100">
    <ele>166.6</ele>
    <time>2026-07-26T09:00:19Z</time>
   </trkpt>
   <trkpt lat="25.0267410" lon="121.5745940">
    <ele>166.6</ele>
    <time>2026-07-26T09:00:20Z</time>
   </trkpt>
   <trkpt lat="25.0267410" lon="121.5745840">
    <ele>166.6</ele>
    <time>2026-07-26T09:00:21Z</time>
   </trkpt>
   <trkpt lat="25.0267430" lon="121.5745700">
    <ele>166.5</ele>
    <time>2026-07-26T09:00:22Z</time>
   </trkpt>
   <trkpt lat="25.0267480" lon="121.5745540">
    <ele>166.5</ele>
    <time>2026-07-26T09:00:23Z</time>
   </trkpt>
   <trkpt lat="25.0267540" lon="121.5745340">
    <ele>166.5</ele>
    <time>2026-07-26T09:00:24Z</time>
   </trkpt>
   <trkpt lat="25.0267530" lon="121.5745160">
    <ele>166.4</ele>
    <time>2026-07-26T09:00:25Z</time>
   </trkpt>
   <trkpt lat="25.0267600" lon="121.5745060">
    <ele>166.4</ele>
    <time>2026-07-26T09:00:26Z</time>
   </trkpt>
   <trkpt lat="25.0267600" lon="121.5744920">
    <ele>166.4</ele>
    <time>2026-07-26T09:00:27Z</time>
   </trkpt>
   <trkpt lat="25.0267600" lon="121.5744750">
    <ele>166.3</ele>
    <time>2026-07-26T09:00:28Z</time>
   </trkpt>
   <trkpt lat="25.0267600" lon="121.5744640">
    <ele>166.3</ele>
    <time>2026-07-26T09:00:29Z</time>
   </trkpt>
   <trkpt lat="25.0267690" lon="121.5744610">
    <ele>166.3</ele>
    <time>2026-07-26T09:00:30Z</time>
   </trkpt>
   <trkpt lat="25.0267690" lon="121.5744510">
    <ele>166.3</ele>
    <time>2026-07-26T09:00:31Z</time>
   </trkpt>
   <trkpt lat="25.0267690" lon="121.5744330">
    <ele>166.2</ele>
    <time>2026-07-26T09:00:32Z</time>
   </trkpt>
   <trkpt lat="25.0267680" lon="121.5744250">
    <ele>166.2</ele>
    <time>2026-07-26T09:00:33Z</time>
   </trkpt>
   <trkpt lat="25.0267680" lon="121.5744120">
    <ele>166.0</ele>
    <time>2026-07-26T09:00:34Z</time>
   </trkpt>
   <trkpt lat="25.0267710" lon="121.5744050">
    <ele>165.7</ele>
    <time>2026-07-26T09:00:35Z</time>
   </trkpt>
   <trkpt lat="25.0267770" lon="121.5743930">
    <ele>165.4</ele>
    <time>2026-07-26T09:00:36Z</time>
   </trkpt>
   <trkpt lat="25.0267810" lon="121.5743820">
    <ele>165.0</ele>
    <time>2026-07-26T09:00:37Z</time>
   </trkpt>
   <trkpt lat="25.0267830" lon="121.5743770">
    <ele>164.9</ele>
    <time>2026-07-26T09:00:38Z</time>
   </trkpt>
   <trkpt lat="25.0267840" lon="121.5743640">
    <ele>164.5</ele>
    <time>2026-07-26T09:00:39Z</time>
   </trkpt>
   <trkpt lat="25.0267820" lon="121.5743580">
    <ele>164.3</ele>
    <time>2026-07-26T09:00:40Z</time>
   </trkpt>
   <trkpt lat="25.0267850" lon="121.5743570">
    <ele>164.3</ele>
    <time>2026-07-26T09:00:41Z</time>
   </trkpt>
   <trkpt lat="25.0267950" lon="121.5743520">
    <ele>163.9</ele>
    <time>2026-07-26T09:00:42Z</time>
   </trkpt>
   <trkpt lat="25.0268080" lon="121.5743380">
    <ele>163.4</ele>
    <time>2026-07-26T09:00:43Z</time>
   </trkpt>
   <trkpt lat="25.0268030" lon="121.5743330">
    <ele>163.2</ele>
    <time>2026-07-26T09:00:44Z</time>
   </trkpt>
   <trkpt lat="25.0268020" lon="121.5743210">
    <ele>162.9</ele>
    <time>2026-07-26T09:00:45Z</time>
   </trkpt>
   <trkpt lat="25.0268070" lon="121.5743060">
    <ele>162.6</ele>
    <time>2026-07-26T09:00:46Z</time>
   </trkpt>
   <trkpt lat="25.0268180" lon="121.5742980">
    <ele>162.4</ele>
    <time>2026-07-26T09:00:47Z</time>
   </trkpt>
   <trkpt lat="25.0268330" lon="121.5742890">
    <ele>162.1</ele>
    <time>2026-07-26T09:00:48Z</time>
   </trkpt>
   <trkpt lat="25.0268390" lon="121.5742740">
    <ele>161.9</ele>
    <time>2026-07-26T09:00:49Z</time>
   </trkpt>
   <trkpt lat="25.0268430" lon="121.5742510">
    <ele>161.4</ele>
    <time>2026-07-26T09:00:50Z</time>
   </trkpt>
   <trkpt lat="25.0268420" lon="121.5742440">
    <ele>161.3</ele>
    <time>2026-07-26T09:00:51Z</time>
   </trkpt>
   <trkpt lat="25.0268440" lon="121.5742350">
    <ele>161.1</ele>
    <time>2026-07-26T09:00:52Z</time>
   </trkpt>
   <trkpt lat="25.0268530" lon="121.5742240">
    <ele>160.9</ele>
    <time>2026-07-26T09:00:53Z</time>
   </trkpt>
   <trkpt lat="25.0268570" lon="121.5742150">
    <ele>160.7</ele>
    <time>2026-07-26T09:00:54Z</time>
   </trkpt>
   <trkpt lat="25.0268620" lon="121.5742040">
    <ele>160.6</ele>
    <time>2026-07-26T09:00:55Z</time>
   </trkpt>
   <trkpt lat="25.0268650" lon="121.5741990">
    <ele>160.5</ele>
    <time>2026-07-26T09:00:56Z</time>
   </trkpt>
   <trkpt lat="25.0268690" lon="121.5741890">
    <ele>160.3</ele>
    <time>2026-07-26T09:00:57Z</time>
   </trkpt>
   <trkpt lat="25.0268740" lon="121.5741780">
    <ele>160.1</ele>
    <time>2026-07-26T09:00:58Z</time>
   </trkpt>
   <trkpt lat="25.0268760" lon="121.5741680">
    <ele>160.0</ele>
    <time>2026-07-26T09:00:59Z</time>
   </trkpt>
   <trkpt lat="25.0268820" lon="121.5741540">
    <ele>159.7</ele>
    <time>2026-07-26T09:01:00Z</time>
   </trkpt>
   <trkpt lat="25.0268870" lon="121.5741500">
    <ele>159.6</ele>
    <time>2026-07-26T09:01:01Z</time>
   </trkpt>
   <trkpt lat="25.0268870" lon="121.5741480">
    <ele>159.6</ele>
    <time>2026-07-26T09:01:02Z</time>
   </trkpt>
   <trkpt lat="25.0268980" lon="121.5741460">
    <ele>159.4</ele>
    <time>2026-07-26T09:01:03Z</time>
   </trkpt>
   <trkpt lat="25.0269100" lon="121.5741440">
    <ele>159.1</ele>
    <time>2026-07-26T09:01:04Z</time>
   </trkpt>
   <trkpt lat="25.0269150" lon="121.5741360">
    <ele>159.0</ele>
    <time>2026-07-26T09:01:05Z</time>
   </trkpt>
   <trkpt lat="25.0269220" lon="121.5741270">
    <ele>158.8</ele>
    <time>2026-07-26T09:01:06Z</time>
   </trkpt>
   <trkpt lat="25.0269290" lon="121.5741160">
    <ele>158.6</ele>
    <time>2026-07-26T09:01:07Z</time>
   </trkpt>
   <trkpt lat="25.0269260" lon="121.5741020">
    <ele>158.3</ele>
    <time>2026-07-26T09:01:08Z</time>
   </trkpt>
   <trkpt lat="25.0269250" lon="121.5740940">
    <ele>157.9</ele>
    <time>2026-07-26T09:01:09Z</time>
   </trkpt>
   <trkpt lat="25.0269280" lon="121.5740920">
    <ele>157.7</ele>
    <time>2026-07-26T09:01:10Z</time>
   </trkpt>
   <trkpt lat="25.0269310" lon="121.5740890">
    <ele>157.5</ele>
    <time>2026-07-26T09:01:11Z</time>
   </trkpt>
   <trkpt lat="25.0269330" lon="121.5740860">
    <ele>157.4</ele>
    <time>2026-07-26T09:01:12Z</time>
   </trkpt>
   <trkpt lat="25.0269370" lon="121.5740770">
    <ele>156.9</ele>
    <time>2026-07-26T09:01:13Z</time>
   </trkpt>
   <trkpt lat="25.0269360" lon="121.5740800">
    <ele>156.7</ele>
    <time>2026-07-26T09:01:14Z</time>
   </trkpt>
   <trkpt lat="25.0269410" lon="121.5740760">
    <ele>156.4</ele>
    <time>2026-07-26T09:01:15Z</time>
   </trkpt>
   <trkpt lat="25.0269430" lon="121.5740750">
    <ele>156.3</ele>
    <time>2026-07-26T09:01:16Z</time>
   </trkpt>
   <trkpt lat="25.0269440" lon="121.5740760">
    <ele>156.2</ele>
    <time>2026-07-26T09:01:17Z</time>
   </trkpt>
   <trkpt lat="25.0269440" lon="121.5740760">
    <ele>156.2</ele>
    <time>2026-07-26T09:01:18Z</time>
   </trkpt>
   <trkpt lat="25.0269430" lon="121.5740730">
    <ele>156.1</ele>
    <time>2026-07-26T09:01:19Z</time>
   </trkpt>
   <trkpt lat="25.0269400" lon="121.5740650">
    <ele>155.7</ele>
    <time>2026-07-26T09:01:20Z</time>
   </trkpt>
   <trkpt lat="25.0269410" lon="121.5740600">
    <ele>155.4</ele>
    <time>2026-07-26T09:01:21Z</time>
   </trkpt>
   <trkpt lat="25.0269440" lon="121.5740570">
    <ele>155.2</ele>
    <time>2026-07-26T09:01:22Z</time>
   </trkpt>
   <trkpt lat="25.0269470" lon="121.5740540">
    <ele>155.0</ele>
    <time>2026-07-26T09:01:23Z</time>
   </trkpt>
   <trkpt lat="25.0269490" lon="121.5740440">
    <ele>154.5</ele>
    <time>2026-07-26T09:01:24Z</time>
   </trkpt>
   <trkpt lat="25.0269540" lon="121.5740390">
    <ele>154.1</ele>
    <time>2026-07-26T09:01:25Z</time>
   </trkpt>
   <trkpt lat="25.0269530" lon="121.5740370">
    <ele>154.0</ele>
    <time>2026-07-26T09:01:26Z</time>
   </trkpt>
   <trkpt lat="25.0269540" lon="121.5740380">
    <ele>154.0</ele>
    <time>2026-07-26T09:01:27Z</time>
   </trkpt>
   <trkpt lat="25.0269470" lon="121.5740340">
    <ele>153.5</ele>
    <time>2026-07-26T09:01:28Z</time>
   </trkpt>
   <trkpt lat="25.0269470" lon="121.5740330">
    <ele>153.5</ele>
    <time>2026-07-26T09:01:29Z</time>
   </trkpt>
   <trkpt lat="25.0269460" lon="121.5740320">
    <ele>153.4</ele>
    <time>2026-07-26T09:01:30Z</time>
   </trkpt>
   <trkpt lat="25.0269420" lon="121.5740230">
    <ele>153.0</ele>
    <time>2026-07-26T09:01:31Z</time>
   </trkpt>
   <trkpt lat="25.0269450" lon="121.5740170">
    <ele>152.6</ele>
    <time>2026-07-26T09:01:32Z</time>
   </trkpt>
   <trkpt lat="25.0269490" lon="121.5740150">
    <ele>152.4</ele>
    <time>2026-07-26T09:01:33Z</time>
   </trkpt>
   <trkpt lat="25.0269520" lon="121.5740140">
    <ele>152.2</ele>
    <time>2026-07-26T09:01:34Z</time>
   </trkpt>
   <trkpt lat="25.0269500" lon="121.5740010">
    <ele>151.6</ele>
    <time>2026-07-26T09:01:35Z</time>
   </trkpt>
   <trkpt lat="25.0269540" lon="121.5739930">
    <ele>151.2</ele>
    <time>2026-07-26T09:01:36Z</time>
   </trkpt>
   <trkpt lat="25.0269600" lon="121.5739890">
    <ele>150.8</ele>
    <time>2026-07-26T09:01:37Z</time>
   </trkpt>
   <trkpt lat="25.0269680" lon="121.5739820">
    <ele>150.3</ele>
    <time>2026-07-26T09:01:38Z</time>
   </trkpt>
   <trkpt lat="25.0269740" lon="121.5739700">
    <ele>149.7</ele>
    <time>2026-07-26T09:01:39Z</time>
   </trkpt>
   <trkpt lat="25.0269780" lon="121.5739620">
    <ele>149.3</ele>
    <time>2026-07-26T09:01:40Z</time>
   </trkpt>
   <trkpt lat="25.0269900" lon="121.5739500">
    <ele>148.5</ele>
    <time>2026-07-26T09:01:41Z</time>
   </trkpt>
   <trkpt lat="25.0269990" lon="121.5739330">
    <ele>147.7</ele>
    <time>2026-07-26T09:01:42Z</time>
   </trkpt>
   <trkpt lat="25.0270070" lon="121.5739190">
    <ele>147.0</ele>
    <time>2026-07-26T09:01:43Z</time>
   </trkpt>
   <trkpt lat="25.0270150" lon="121.5739040">
    <ele>146.4</ele>
    <time>2026-07-26T09:01:44Z</time>
   </trkpt>
   <trkpt lat="25.0270280" lon="121.5738850">
    <ele>145.6</ele>
    <time>2026-07-26T09:01:45Z</time>
   </trkpt>
   <trkpt lat="25.0270370" lon="121.5738640">
    <ele>144.8</ele>
    <time>2026-07-26T09:01:46Z</time>
   </trkpt>
   <trkpt lat="25.0270390" lon="121.5738480">
    <ele>144.4</ele>
    <time>2026-07-26T09:01:47Z</time>
   </trkpt>
   <trkpt lat="25.0270410" lon="121.5738270">
    <ele>143.8</ele>
    <time>2026-07-26T09:01:48Z</time>
   </trkpt>
   <trkpt lat="25.0270490" lon="121.5738040">
    <ele>143.1</ele>
    <time>2026-07-26T09:01:49Z</time>
   </trkpt>
   <trkpt lat="25.0270510" lon="121.5737900">
    <ele>142.7</ele>
    <time>2026-07-26T09:01:50Z</time>
   </trkpt>
   <trkpt lat="25.0270520" lon="121.5737780">
    <ele>142.3</ele>
    <time>2026-07-26T09:01:51Z</time>
   </trkpt>
   <trkpt lat="25.0270550" lon="121.5737590">
    <ele>141.7</ele>
    <time>2026-07-26T09:01:52Z</time>
   </trkpt>
   <trkpt lat="25.0270630" lon="121.5737410">
    <ele>140.9</ele>
    <time>2026-07-26T09:01:53Z</time>
   </trkpt>
   <trkpt lat="25.0270680" lon="121.5737210">
    <ele>140.2</ele>
    <time>2026-07-26T09:01:54Z</time>
   </trkpt>
   <trkpt lat="25.0270680" lon="121.5737090">
    <ele>139.7</ele>
    <time>2026-07-26T09:01:55Z</time>
   </trkpt>
   <trkpt lat="25.0270690" lon="121.5736920">
    <ele>139.1</ele>
    <time>2026-07-26T09:01:56Z</time>
   </trkpt>
   <trkpt lat="25.0270690" lon="121.5736700">
    <ele>138.3</ele>
    <time>2026-07-26T09:01:57Z</time>
   </trkpt>
   <trkpt lat="25.0270730" lon="121.5736430">
    <ele>137.3</ele>
    <time>2026-07-26T09:01:58Z</time>
   </trkpt>
   <trkpt lat="25.0270710" lon="121.5736280">
    <ele>136.7</ele>
    <time>2026-07-26T09:01:59Z</time>
   </trkpt>
   <trkpt lat="25.0270710" lon="121.5736030">
    <ele>135.8</ele>
    <time>2026-07-26T09:02:00Z</time>
   </trkpt>
   <trkpt lat="25.0270720" lon="121.5735720">
    <ele>134.7</ele>
    <time>2026-07-26T09:02:01Z</time>
   </trkpt>
   <trkpt lat="25.0270740" lon="121.5735540">
    <ele>134.1</ele>
    <time>2026-07-26T09:02:02Z</time>
   </trkpt>
   <trkpt lat="25.0270690" lon="121.5735410">
    <ele>133.6</ele>
    <time>2026-07-26T09:02:03Z</time>
   </trkpt>
   <trkpt lat="25.0270630" lon="121.5735260">
    <ele>133.0</ele>
    <time>2026-07-26T09:02:04Z</time>
   </trkpt>
   <trkpt lat="25.0270650" lon="121.5735030">
    <ele>132.3</ele>
    <time>2026-07-26T09:02:05Z</time>
   </trkpt>
   <trkpt lat="25.0270700" lon="121.5734720">
    <ele>131.2</ele>
    <time>2026-07-26T09:02:06Z</time>
   </trkpt>
   <trkpt lat="25.0270610" lon="121.5734560">
    <ele>130.5</ele>
    <time>2026-07-26T09:02:07Z</time>
   </trkpt>
   <trkpt lat="25.0270570" lon="121.5734380">
    <ele>129.9</ele>
    <time>2026-07-26T09:02:08Z</time>
   </trkpt>
   <trkpt lat="25.0270560" lon="121.5734250">
    <ele>129.4</ele>
    <time>2026-07-26T09:02:09Z</time>
   </trkpt>
   <trkpt lat="25.0270540" lon="121.5734120">
    <ele>128.9</ele>
    <time>2026-07-26T09:02:10Z</time>
   </trkpt>
   <trkpt lat="25.0270550" lon="121.5733910">
    <ele>128.1</ele>
    <time>2026-07-26T09:02:11Z</time>
   </trkpt>
   <trkpt lat="25.0270550" lon="121.5733920">
    <ele>128.1</ele>
    <time>2026-07-26T09:02:12Z</time>
   </trkpt>
   <trkpt lat="25.0270560" lon="121.5733820">
    <ele>127.7</ele>
    <time>2026-07-26T09:02:13Z</time>
   </trkpt>
   <trkpt lat="25.0270600" lon="121.5733690">
    <ele>127.1</ele>
    <time>2026-07-26T09:02:14Z</time>
   </trkpt>
   <trkpt lat="25.0270620" lon="121.5733620">
    <ele>126.8</ele>
    <time>2026-07-26T09:02:15Z</time>
   </trkpt>
   <trkpt lat="25.0270650" lon="121.5733590">
    <ele>126.6</ele>
    <time>2026-07-26T09:02:16Z</time>
   </trkpt>
   <trkpt lat="25.0270680" lon="121.5733430">
    <ele>126.0</ele>
    <time>2026-07-26T09:02:17Z</time>
   </trkpt>
   <trkpt lat="25.0270700" lon="121.5733390">
    <ele>125.8</ele>
    <time>2026-07-26T09:02:18Z</time>
   </trkpt>
   <trkpt lat="25.0270710" lon="121.5733280">
    <ele>125.3</ele>
    <time>2026-07-26T09:02:19Z</time>
   </trkpt>
   <trkpt lat="25.0270730" lon="121.5733200">
    <ele>125.0</ele>
    <time>2026-07-26T09:02:20Z</time>
   </trkpt>
   <trkpt lat="25.0270740" lon="121.5733100">
    <ele>124.6</ele>
    <time>2026-07-26T09:02:21Z</time>
   </trkpt>
   <trkpt lat="25.0270730" lon="121.5732980">
    <ele>124.1</ele>
    <time>2026-07-26T09:02:22Z</time>
   </trkpt>
   <trkpt lat="25.0270700" lon="121.5732940">
    <ele>123.9</ele>
    <time>2026-07-26T09:02:23Z</time>
   </trkpt>
   <trkpt lat="25.0270700" lon="121.5732860">
    <ele>123.6</ele>
    <time>2026-07-26T09:02:24Z</time>
   </trkpt>
   <trkpt lat="25.0270750" lon="121.5732800">
    <ele>123.3</ele>
    <time>2026-07-26T09:02:25Z</time>
   </trkpt>
   <trkpt lat="25.0270690" lon="121.5732640">
    <ele>122.6</ele>
    <time>2026-07-26T09:02:26Z</time>
   </trkpt>
   <trkpt lat="25.0270710" lon="121.5732510">
    <ele>122.1</ele>
    <time>2026-07-26T09:02:27Z</time>
   </trkpt>
   <trkpt lat="25.0270790" lon="121.5732350">
    <ele>121.4</ele>
    <time>2026-07-26T09:02:28Z</time>
   </trkpt>
   <trkpt lat="25.0270870" lon="121.5732170">
    <ele>120.7</ele>
    <time>2026-07-26T09:02:29Z</time>
   </trkpt>
   <trkpt lat="25.0270970" lon="121.5732020">
    <ele>120.1</ele>
    <time>2026-07-26T09:02:30Z</time>
   </trkpt>
   <trkpt lat="25.0270970" lon="121.5731930">
    <ele>119.8</ele>
    <time>2026-07-26T09:02:31Z</time>
   </trkpt>
   <trkpt lat="25.0270960" lon="121.5731790">
    <ele>119.4</ele>
    <time>2026-07-26T09:02:32Z</time>
   </trkpt>
   <trkpt lat="25.0270950" lon="121.5731640">
    <ele>119.1</ele>
    <time>2026-07-26T09:02:33Z</time>
   </trkpt>
   <trkpt lat="25.0270840" lon="121.5731530">
    <ele>118.9</ele>
    <time>2026-07-26T09:02:34Z</time>
   </trkpt>
   <trkpt lat="25.0270690" lon="121.5731440">
    <ele>118.8</ele>
    <time>2026-07-26T09:02:35Z</time>
   </trkpt>
   <trkpt lat="25.0270520" lon="121.5731170">
    <ele>118.5</ele>
    <time>2026-07-26T09:02:36Z</time>
   </trkpt>
   <trkpt lat="25.0270360" lon="121.5730900">
    <ele>118.3</ele>
    <time>2026-07-26T09:02:37Z</time>
   </trkpt>
   <trkpt lat="25.0270140" lon="121.5730640">
    <ele>118.0</ele>
    <time>2026-07-26T09:02:38Z</time>
   </trkpt>
   <trkpt lat="25.0269990" lon="121.5730440">
    <ele>117.9</ele>
    <time>2026-07-26T09:02:39Z</time>
   </trkpt>
   <trkpt lat="25.0270000" lon="121.5730250">
    <ele>117.8</ele>
    <time>2026-07-26T09:02:40Z</time>
   </trkpt>
   <trkpt lat="25.0269920" lon="121.5730180">
    <ele>117.8</ele>
    <time>2026-07-26T09:02:41Z</time>
   </trkpt>
   <trkpt lat="25.0269820" lon="121.5730030">
    <ele>117.7</ele>
    <time>2026-07-26T09:02:42Z</time>
   </trkpt>
   <trkpt lat="25.0269740" lon="121.5729890">
    <ele>117.6</ele>
    <time>2026-07-26T09:02:43Z</time>
   </trkpt>
   <trkpt lat="25.0269630" lon="121.5729750">
    <ele>117.5</ele>
    <time>2026-07-26T09:02:44Z</time>
   </trkpt>
   <trkpt lat="25.0269600" lon="121.5729570">
    <ele>117.4</ele>
    <time>2026-07-26T09:02:45Z</time>
   </trkpt>
   <trkpt lat="25.0269560" lon="121.5729390">
    <ele>117.3</ele>
    <time>2026-07-26T09:02:46Z</time>
   </trkpt>
   <trkpt lat="25.0269550" lon="121.5729110">
    <ele>117.1</ele>
    <time>2026-07-26T09:02:47Z</time>
   </trkpt>
   <trkpt lat="25.0269560" lon="121.5728840">
    <ele>116.6</ele>
    <time>2026-07-26T09:02:48Z</time>
   </trkpt>
   <trkpt lat="25.0269510" lon="121.5728560">
    <ele>115.8</ele>
    <time>2026-07-26T09:02:49Z</time>
   </trkpt>
   <trkpt lat="25.0269460" lon="121.5728400">
    <ele>115.3</ele>
    <time>2026-07-26T09:02:50Z</time>
   </trkpt>
   <trkpt lat="25.0269530" lon="121.5728330">
    <ele>115.0</ele>
    <time>2026-07-26T09:02:51Z</time>
   </trkpt>
   <trkpt lat="25.0269550" lon="121.5728070">
    <ele>114.2</ele>
    <time>2026-07-26T09:02:52Z</time>
   </trkpt>
   <trkpt lat="25.0269610" lon="121.5727750">
    <ele>113.2</ele>
    <time>2026-07-26T09:02:53Z</time>
   </trkpt>
   <trkpt lat="25.0269640" lon="121.5727480">
    <ele>112.4</ele>
    <time>2026-07-26T09:02:54Z</time>
   </trkpt>
   <trkpt lat="25.0269660" lon="121.5727290">
    <ele>111.9</ele>
    <time>2026-07-26T09:02:55Z</time>
   </trkpt>
   <trkpt lat="25.0269730" lon="121.5727180">
    <ele>111.5</ele>
    <time>2026-07-26T09:02:56Z</time>
   </trkpt>
   <trkpt lat="25.0269810" lon="121.5726840">
    <ele>110.5</ele>
    <time>2026-07-26T09:02:57Z</time>
   </trkpt>
   <trkpt lat="25.0270010" lon="121.5726460">
    <ele>109.4</ele>
    <time>2026-07-26T09:02:58Z</time>
   </trkpt>
   <trkpt lat="25.0270200" lon="121.5726220">
    <ele>108.6</ele>
    <time>2026-07-26T09:02:59Z</time>
   </trkpt>
   <trkpt lat="25.0270270" lon="121.5725960">
    <ele>107.8</ele>
    <time>2026-07-26T09:03:00Z</time>
   </trkpt>
   <trkpt lat="25.0270300" lon="121.5725730">
    <ele>107.2</ele>
    <time>2026-07-26T09:03:01Z</time>
   </trkpt>
   <trkpt lat="25.0270380" lon="121.5725580">
    <ele>106.7</ele>
    <time>2026-07-26T09:03:02Z</time>
   </trkpt>
   <trkpt lat="25.0270470" lon="121.5725460">
    <ele>106.2</ele>
    <time>2026-07-26T09:03:03Z</time>
   </trkpt>
   <trkpt lat="25.0270490" lon="121.5725300">
    <ele>105.6</ele>
    <time>2026-07-26T09:03:04Z</time>
   </trkpt>
   <trkpt lat="25.0270620" lon="121.5725170">
    <ele>104.9</ele>
    <time>2026-07-26T09:03:05Z</time>
   </trkpt>
   <trkpt lat="25.0270700" lon="121.5725000">
    <ele>104.2</ele>
    <time>2026-07-26T09:03:06Z</time>
   </trkpt>
   <trkpt lat="25.0270790" lon="121.5724760">
    <ele>103.1</ele>
    <time>2026-07-26T09:03:07Z</time>
   </trkpt>
   <trkpt lat="25.0270800" lon="121.5724650">
    <ele>102.6</ele>
    <time>2026-07-26T09:03:08Z</time>
   </trkpt>
   <trkpt lat="25.0270780" lon="121.5724490">
    <ele>101.9</ele>
    <time>2026-07-26T09:03:09Z</time>
   </trkpt>
   <trkpt lat="25.0270820" lon="121.5724410">
    <ele>101.4</ele>
    <time>2026-07-26T09:03:10Z</time>
   </trkpt>
   <trkpt lat="25.0270820" lon="121.5724360">
    <ele>101.2</ele>
    <time>2026-07-26T09:03:11Z</time>
   </trkpt>
   <trkpt lat="25.0270880" lon="121.5724230">
    <ele>100.5</ele>
    <time>2026-07-26T09:03:12Z</time>
   </trkpt>
   <trkpt lat="25.0270920" lon="121.5724190">
    <ele>100.2</ele>
    <time>2026-07-26T09:03:13Z</time>
   </trkpt>
   <trkpt lat="25.0270980" lon="121.5724100">
    <ele>99.6</ele>
    <time>2026-07-26T09:03:14Z</time>
   </trkpt>
   <trkpt lat="25.0271000" lon="121.5723940">
    <ele>98.8</ele>
    <time>2026-07-26T09:03:15Z</time>
   </trkpt>
   <trkpt lat="25.0271020" lon="121.5723890">
    <ele>98.5</ele>
    <time>2026-07-26T09:03:16Z</time>
   </trkpt>
   <trkpt lat="25.0271040" lon="121.5723760">
    <ele>97.8</ele>
    <time>2026-07-26T09:03:17Z</time>
   </trkpt>
   <trkpt lat="25.0271080" lon="121.5723530">
    <ele>96.5</ele>
    <time>2026-07-26T09:03:18Z</time>
   </trkpt>
   <trkpt lat="25.0271070" lon="121.5723330">
    <ele>95.3</ele>
    <time>2026-07-26T09:03:19Z</time>
   </trkpt>
   <trkpt lat="25.0271080" lon="121.5723350">
    <ele>95.2</ele>
    <time>2026-07-26T09:03:20Z</time>
   </trkpt>
   <trkpt lat="25.0271100" lon="121.5723260">
    <ele>94.7</ele>
    <time>2026-07-26T09:03:21Z</time>
   </trkpt>
   <trkpt lat="25.0271140" lon="121.5723190">
    <ele>94.2</ele>
    <time>2026-07-26T09:03:22Z</time>
   </trkpt>
   <trkpt lat="25.0271210" lon="121.5723110">
    <ele>93.6</ele>
    <time>2026-07-26T09:03:23Z</time>
   </trkpt>
   <trkpt lat="25.0271220" lon="121.5723010">
    <ele>93.0</ele>
    <time>2026-07-26T09:03:24Z</time>
   </trkpt>
   <trkpt lat="25.0271190" lon="121.5722920">
    <ele>92.4</ele>
    <time>2026-07-26T09:03:25Z</time>
   </trkpt>
   <trkpt lat="25.0271190" lon="121.5722880">
    <ele>92.2</ele>
    <time>2026-07-26T09:03:26Z</time>
   </trkpt>
   <trkpt lat="25.0271250" lon="121.5722750">
    <ele>91.4</ele>
    <time>2026-07-26T09:03:27Z</time>
   </trkpt>
   <trkpt lat="25.0271330" lon="121.5722720">
    <ele>90.8</ele>
    <time>2026-07-26T09:03:28Z</time>
   </trkpt>
   <trkpt lat="25.0271360" lon="121.5722670">
    <ele>90.5</ele>
    <time>2026-07-26T09:03:29Z</time>
   </trkpt>
   <trkpt lat="25.0271460" lon="121.5722520">
    <ele>89.4</ele>
    <time>2026-07-26T09:03:30Z</time>
   </trkpt>
   <trkpt lat="25.0271340" lon="121.5722430">
    <ele>88.5</ele>
    <time>2026-07-26T09:03:31Z</time>
   </trkpt>
   <trkpt lat="25.0271300" lon="121.5722370">
    <ele>88.1</ele>
    <time>2026-07-26T09:03:32Z</time>
   </trkpt>
   <trkpt lat="25.0271310" lon="121.5722300">
    <ele>87.8</ele>
    <time>2026-07-26T09:03:33Z</time>
   </trkpt>
   <trkpt lat="25.0271300" lon="121.5722190">
    <ele>87.2</ele>
    <time>2026-07-26T09:03:34Z</time>
   </trkpt>
   <trkpt lat="25.0271360" lon="121.5722140">
    <ele>86.8</ele>
    <time>2026-07-26T09:03:35Z</time>
   </trkpt>
   <trkpt lat="25.0271430" lon="121.5722010">
    <ele>86.0</ele>
    <time>2026-07-26T09:03:36Z</time>
   </trkpt>
   <trkpt lat="25.0271460" lon="121.5721910">
    <ele>85.5</ele>
    <time>2026-07-26T09:03:37Z</time>
   </trkpt>
   <trkpt lat="25.0271480" lon="121.5721800">
    <ele>85.0</ele>
    <time>2026-07-26T09:03:38Z</time>
   </trkpt>
   <trkpt lat="25.0271530" lon="121.5721620">
    <ele>84.1</ele>
    <time>2026-07-26T09:03:39Z</time>
   </trkpt>
   <trkpt lat="25.0271560" lon="121.5721630">
    <ele>83.9</ele>
    <time>2026-07-26T09:03:40Z</time>
   </trkpt>
   <trkpt lat="25.0271620" lon="121.5721460">
    <ele>83.1</ele>
    <time>2026-07-26T09:03:41Z</time>
   </trkpt>
   <trkpt lat="25.0271750" lon="121.5721140">
    <ele>81.5</ele>
    <time>2026-07-26T09:03:42Z</time>
   </trkpt>
   <trkpt lat="25.0271820" lon="121.5721000">
    <ele>80.9</ele>
    <time>2026-07-26T09:03:43Z</time>
   </trkpt>
   <trkpt lat="25.0271870" lon="121.5720940">
    <ele>80.5</ele>
    <time>2026-07-26T09:03:44Z</time>
   </trkpt>
   <trkpt lat="25.0271930" lon="121.5720770">
    <ele>79.8</ele>
    <time>2026-07-26T09:03:45Z</time>
   </trkpt>
   <trkpt lat="25.0272080" lon="121.5720510">
    <ele>78.6</ele>
    <time>2026-07-26T09:03:46Z</time>
   </trkpt>
   <trkpt lat="25.0272110" lon="121.5720460">
    <ele>78.3</ele>
    <time>2026-07-26T09:03:47Z</time>
   </trkpt>
   <trkpt lat="25.0272170" lon="121.5720280">
    <ele>77.5</ele>
    <time>2026-07-26T09:03:48Z</time>
   </trkpt>
   <trkpt lat="25.0272270" lon="121.5720110">
    <ele>76.8</ele>
    <time>2026-07-26T09:03:49Z</time>
   </trkpt>
   <trkpt lat="25.0272350" lon="121.5719970">
    <ele>76.3</ele>
    <time>2026-07-26T09:03:50Z</time>
   </trkpt>
   <trkpt lat="25.0272340" lon="121.5719890">
    <ele>76.0</ele>
    <time>2026-07-26T09:03:51Z</time>
   </trkpt>
   <trkpt lat="25.0272370" lon="121.5719770">
    <ele>75.6</ele>
    <time>2026-07-26T09:03:52Z</time>
   </trkpt>
   <trkpt lat="25.0272430" lon="121.5719450">
    <ele>74.5</ele>
    <time>2026-07-26T09:03:53Z</time>
   </trkpt>
   <trkpt lat="25.0272560" lon="121.5719370">
    <ele>73.9</ele>
    <time>2026-07-26T09:03:54Z</time>
   </trkpt>
   <trkpt lat="25.0272600" lon="121.5719180">
    <ele>73.2</ele>
    <time>2026-07-26T09:03:55Z</time>
   </trkpt>
   <trkpt lat="25.0272650" lon="121.5719010">
    <ele>72.7</ele>
    <time>2026-07-26T09:03:56Z</time>
   </trkpt>
   <trkpt lat="25.0272660" lon="121.5718840">
    <ele>72.1</ele>
    <time>2026-07-26T09:03:57Z</time>
   </trkpt>
   <trkpt lat="25.0272740" lon="121.5718500">
    <ele>70.9</ele>
    <time>2026-07-26T09:03:58Z</time>
   </trkpt>
   <trkpt lat="25.0272820" lon="121.5718330">
    <ele>70.3</ele>
    <time>2026-07-26T09:03:59Z</time>
   </trkpt>
   <trkpt lat="25.0272900" lon="121.5718120">
    <ele>69.5</ele>
    <time>2026-07-26T09:04:00Z</time>
   </trkpt>
   <trkpt lat="25.0273040" lon="121.5717880">
    <ele>68.6</ele>
    <time>2026-07-26T09:04:01Z</time>
   </trkpt>
   <trkpt lat="25.0273130" lon="121.5717740">
    <ele>68.0</ele>
    <time>2026-07-26T09:04:02Z</time>
   </trkpt>
   <trkpt lat="25.0273210" lon="121.5717440">
    <ele>67.0</ele>
    <time>2026-07-26T09:04:03Z</time>
   </trkpt>
   <trkpt lat="25.0273260" lon="121.5717340">
    <ele>66.7</ele>
    <time>2026-07-26T09:04:04Z</time>
   </trkpt>
   <trkpt lat="25.0273390" lon="121.5717060">
    <ele>65.7</ele>
    <time>2026-07-26T09:04:05Z</time>
   </trkpt>
   <trkpt lat="25.0273450" lon="121.5716790">
    <ele>64.9</ele>
    <time>2026-07-26T09:04:06Z</time>
   </trkpt>
   <trkpt lat="25.0273500" lon="121.5716600">
    <ele>64.3</ele>
    <time>2026-07-26T09:04:07Z</time>
   </trkpt>
   <trkpt lat="25.0273670" lon="121.5716410">
    <ele>63.6</ele>
    <time>2026-07-26T09:04:08Z</time>
   </trkpt>
   <trkpt lat="25.0273770" lon="121.5716270">
    <ele>63.3</ele>
    <time>2026-07-26T09:04:09Z</time>
   </trkpt>
   <trkpt lat="25.0273880" lon="121.5716100">
    <ele>63.0</ele>
    <time>2026-07-26T09:04:10Z</time>
   </trkpt>
   <trkpt lat="25.0273880" lon="121.5715990">
    <ele>62.8</ele>
    <time>2026-07-26T09:04:11Z</time>
   </trkpt>
   <trkpt lat="25.0273870" lon="121.5715950">
    <ele>62.7</ele>
    <time>2026-07-26T09:04:12Z</time>
   </trkpt>
   <trkpt lat="25.0273890" lon="121.5715830">
    <ele>62.5</ele>
    <time>2026-07-26T09:04:13Z</time>
   </trkpt>
   <trkpt lat="25.0273940" lon="121.5715740">
    <ele>62.3</ele>
    <time>2026-07-26T09:04:14Z</time>
   </trkpt>
   <trkpt lat="25.0274010" lon="121.5715600">
    <ele>62.1</ele>
    <time>2026-07-26T09:04:15Z</time>
   </trkpt>
   <trkpt lat="25.0274020" lon="121.5715500">
    <ele>61.9</ele>
    <time>2026-07-26T09:04:16Z</time>
   </trkpt>
   <trkpt lat="25.0274000" lon="121.5715430">
    <ele>61.6</ele>
    <time>2026-07-26T09:04:17Z</time>
   </trkpt>
   <trkpt lat="25.0274030" lon="121.5715350">
    <ele>61.2</ele>
    <time>2026-07-26T09:04:18Z</time>
   </trkpt>
   <trkpt lat="25.0274070" lon="121.5715230">
    <ele>60.7</ele>
    <time>2026-07-26T09:04:19Z</time>
   </trkpt>
   <trkpt lat="25.0274130" lon="121.5715040">
    <ele>59.9</ele>
    <time>2026-07-26T09:04:20Z</time>
   </trkpt>
   <trkpt lat="25.0274220" lon="121.5714870">
    <ele>59.1</ele>
    <time>2026-07-26T09:04:21Z</time>
   </trkpt>
   <trkpt lat="25.0274440" lon="121.5714550">
    <ele>57.4</ele>
    <time>2026-07-26T09:04:22Z</time>
   </trkpt>
   <trkpt lat="25.0274540" lon="121.5714390">
    <ele>56.6</ele>
    <time>2026-07-26T09:04:23Z</time>
   </trkpt>
   <trkpt lat="25.0274660" lon="121.5714190">
    <ele>55.6</ele>
    <time>2026-07-26T09:04:24Z</time>
   </trkpt>
   <trkpt lat="25.0274740" lon="121.5714030">
    <ele>54.9</ele>
    <time>2026-07-26T09:04:25Z</time>
   </trkpt>
   <trkpt lat="25.0274790" lon="121.5713850">
    <ele>54.2</ele>
    <time>2026-07-26T09:04:26Z</time>
   </trkpt>
   <trkpt lat="25.0274820" lon="121.5713750">
    <ele>53.9</ele>
    <time>2026-07-26T09:04:27Z</time>
   </trkpt>
   <trkpt lat="25.0274920" lon="121.5713510">
    <ele>53.0</ele>
    <time>2026-07-26T09:04:28Z</time>
   </trkpt>
   <trkpt lat="25.0275000" lon="121.5713330">
    <ele>52.4</ele>
    <time>2026-07-26T09:04:29Z</time>
   </trkpt>
   <trkpt lat="25.0275070" lon="121.5713200">
    <ele>51.9</ele>
    <time>2026-07-26T09:04:30Z</time>
   </trkpt>
   <trkpt lat="25.0275060" lon="121.5713010">
    <ele>51.3</ele>
    <time>2026-07-26T09:04:31Z</time>
   </trkpt>
   <trkpt lat="25.0275100" lon="121.5712790">
    <ele>50.5</ele>
    <time>2026-07-26T09:04:32Z</time>
   </trkpt>
   <trkpt lat="25.0275050" lon="121.5712680">
    <ele>50.1</ele>
    <time>2026-07-26T09:04:33Z</time>
   </trkpt>
   <trkpt lat="25.0274970" lon="121.5712500">
    <ele>49.5</ele>
    <time>2026-07-26T09:04:34Z</time>
   </trkpt>
   <trkpt lat="25.0274900" lon="121.5712390">
    <ele>49.0</ele>
    <time>2026-07-26T09:04:35Z</time>
   </trkpt>
   <trkpt lat="25.0274820" lon="121.5712260">
    <ele>48.5</ele>
    <time>2026-07-26T09:04:36Z</time>
   </trkpt>
   <trkpt lat="25.0274760" lon="121.5712200">
    <ele>48.2</ele>
    <time>2026-07-26T09:04:37Z</time>
   </trkpt>
   <trkpt lat="25.0274720" lon="121.5712100">
    <ele>47.8</ele>
    <time>2026-07-26T09:04:38Z</time>
   </trkpt>
   <trkpt lat="25.0274660" lon="121.5711980">
    <ele>47.4</ele>
    <time>2026-07-26T09:04:39Z</time>
   </trkpt>
   <trkpt lat="25.0274600" lon="121.5711880">
    <ele>46.9</ele>
    <time>2026-07-26T09:04:40Z</time>
   </trkpt>
   <trkpt lat="25.0274590" lon="121.5711840">
    <ele>46.8</ele>
    <time>2026-07-26T09:04:41Z</time>
   </trkpt>
   <trkpt lat="25.0274540" lon="121.5711750">
    <ele>46.4</ele>
    <time>2026-07-26T09:04:42Z</time>
   </trkpt>
   <trkpt lat="25.0274520" lon="121.5711720">
    <ele>46.3</ele>
    <time>2026-07-26T09:04:43Z</time>
   </trkpt>
   <trkpt lat="25.0274480" lon="121.5711650">
    <ele>46.0</ele>
    <time>2026-07-26T09:04:44Z</time>
   </trkpt>
   <trkpt lat="25.0274450" lon="121.5711600">
    <ele>45.8</ele>
    <time>2026-07-26T09:04:45Z</time>
   </trkpt>
   <trkpt lat="25.0274420" lon="121.5711580">
    <ele>45.7</ele>
    <time>2026-07-26T09:04:46Z</time>
   </trkpt>
   <trkpt lat="25.0274400" lon="121.5711540">
    <ele>45.5</ele>
    <time>2026-07-26T09:04:47Z</time>
   </trkpt>
   <trkpt lat="25.0274390" lon="121.5711510">
    <ele>45.4</ele>
    <time>2026-07-26T09:04:48Z</time>
   </trkpt>
   <trkpt lat="25.0274370" lon="121.5711420">
    <ele>45.1</ele>
    <time>2026-07-26T09:04:49Z</time>
   </trkpt>
   <trkpt lat="25.0274400" lon="121.5711400">
    <ele>44.9</ele>
    <time>2026-07-26T09:04:50Z</time>
   </trkpt>
   <trkpt lat="25.0274390" lon="121.5711400">
    <ele>44.9</ele>
    <time>2026-07-26T09:04:51Z</time>
   </trkpt>
   <trkpt lat="25.0274400" lon="121.5711390">
    <ele>44.9</ele>
    <time>2026-07-26T09:04:52Z</time>
   </trkpt>
   <trkpt lat="25.0274390" lon="121.5711320">
    <ele>44.6</ele>
    <time>2026-07-26T09:04:53Z</time>
   </trkpt>
   <trkpt lat="25.0274370" lon="121.5711240">
    <ele>44.3</ele>
    <time>2026-07-26T09:04:54Z</time>
   </trkpt>
   <trkpt lat="25.0274340" lon="121.5711130">
    <ele>43.9</ele>
    <time>2026-07-26T09:04:55Z</time>
   </trkpt>
   <trkpt lat="25.0274310" lon="121.5710990">
    <ele>43.3</ele>
    <time>2026-07-26T09:04:56Z</time>
   </trkpt>
   <trkpt lat="25.0274340" lon="121.5710920">
    <ele>43.1</ele>
    <time>2026-07-26T09:04:57Z</time>
   </trkpt>
   <trkpt lat="25.0274350" lon="121.5710840">
    <ele>42.8</ele>
    <time>2026-07-26T09:04:58Z</time>
   </trkpt>
   <trkpt lat="25.0274320" lon="121.5710730">
    <ele>42.3</ele>
    <time>2026-07-26T09:04:59Z</time>
   </trkpt>
   <trkpt lat="25.0274310" lon="121.5710540">
    <ele>41.6</ele>
    <time>2026-07-26T09:05:00Z</time>
   </trkpt>
   <trkpt lat="25.0274270" lon="121.5710410">
    <ele>41.1</ele>
    <time>2026-07-26T09:05:01Z</time>
   </trkpt>
   <trkpt lat="25.0274280" lon="121.5710250">
    <ele>40.5</ele>
    <time>2026-07-26T09:05:02Z</time>
   </trkpt>
   <trkpt lat="25.0274260" lon="121.5710140">
    <ele>40.1</ele>
    <time>2026-07-26T09:05:03Z</time>
   </trkpt>
   <trkpt lat="25.0274250" lon="121.5710000">
    <ele>39.6</ele>
    <time>2026-07-26T09:05:04Z</time>
   </trkpt>
   <trkpt lat="25.0274210" lon="121.5709860">
    <ele>39.0</ele>
    <time>2026-07-26T09:05:05Z</time>
   </trkpt>
   <trkpt lat="25.0274230" lon="121.5709780">
    <ele>38.7</ele>
    <time>2026-07-26T09:05:06Z</time>
   </trkpt>
   <trkpt lat="25.0274180" lon="121.5709620">
    <ele>38.1</ele>
    <time>2026-07-26T09:05:07Z</time>
   </trkpt>
   <trkpt lat="25.0274160" lon="121.5709440">
    <ele>37.4</ele>
    <time>2026-07-26T09:05:08Z</time>
   </trkpt>
   <trkpt lat="25.0274130" lon="121.5709410">
    <ele>37.2</ele>
    <time>2026-07-26T09:05:09Z</time>
   </trkpt>
   <trkpt lat="25.0274120" lon="121.5709310">
    <ele>36.8</ele>
    <time>2026-07-26T09:05:10Z</time>
   </trkpt>
   <trkpt lat="25.0274080" lon="121.5709140">
    <ele>36.1</ele>
    <time>2026-07-26T09:05:11Z</time>
   </trkpt>
   <trkpt lat="25.0274000" lon="121.5708890">
    <ele>35.1</ele>
    <time>2026-07-26T09:05:12Z</time>
   </trkpt>
   <trkpt lat="25.0273890" lon="121.5708740">
    <ele>34.3</ele>
    <time>2026-07-26T09:05:13Z</time>
   </trkpt>
   <trkpt lat="25.0273800" lon="121.5708650">
    <ele>33.8</ele>
    <time>2026-07-26T09:05:14Z</time>
   </trkpt>
   <trkpt lat="25.0273750" lon="121.5708540">
    <ele>33.3</ele>
    <time>2026-07-26T09:05:15Z</time>
   </trkpt>
   <trkpt lat="25.0273690" lon="121.5708410">
    <ele>32.7</ele>
    <time>2026-07-26T09:05:16Z</time>
   </trkpt>
   <trkpt lat="25.0273620" lon="121.5708270">
    <ele>32.0</ele>
    <time>2026-07-26T09:05:17Z</time>
   </trkpt>
   <trkpt lat="25.0273640" lon="121.5708180">
    <ele>31.7</ele>
    <time>2026-07-26T09:05:18Z</time>
   </trkpt>
   <trkpt lat="25.0273640" lon="121.5708140">
    <ele>31.5</ele>
    <time>2026-07-26T09:05:19Z</time>
   </trkpt>
   <trkpt lat="25.0273600" lon="121.5708030">
    <ele>31.1</ele>
    <time>2026-07-26T09:05:20Z</time>
   </trkpt>
   <trkpt lat="25.0273580" lon="121.5707950">
    <ele>31.0</ele>
    <time>2026-07-26T09:05:21Z</time>
   </trkpt>
   <trkpt lat="25.0273580" lon="121.5707870">
    <ele>31.1</ele>
    <time>2026-07-26T09:05:22Z</time>
   </trkpt>
   <trkpt lat="25.0273670" lon="121.5707790">
    <ele>31.2</ele>
    <time>2026-07-26T09:05:23Z</time>
   </trkpt>
   <trkpt lat="25.0273710" lon="121.5707740">
    <ele>31.2</ele>
    <time>2026-07-26T09:05:24Z</time>
   </trkpt>
   <trkpt lat="25.0273720" lon="121.5707700">
    <ele>31.3</ele>
    <time>2026-07-26T09:05:25Z</time>
   </trkpt>
   <trkpt lat="25.0273760" lon="121.5707710">
    <ele>31.3</ele>
    <time>2026-07-26T09:05:26Z</time>
   </trkpt>
   <trkpt lat="25.0273840" lon="121.5707680">
    <ele>31.4</ele>
    <time>2026-07-26T09:05:27Z</time>
   </trkpt>
   <trkpt lat="25.0273960" lon="121.5707670">
    <ele>31.5</ele>
    <time>2026-07-26T09:05:28Z</time>
   </trkpt>
   <trkpt lat="25.0274020" lon="121.5707650">
    <ele>31.5</ele>
    <time>2026-07-26T09:05:29Z</time>
   </trkpt>
   <trkpt lat="25.0274110" lon="121.5707660">
    <ele>31.6</ele>
    <time>2026-07-26T09:05:30Z</time>
   </trkpt>
   <trkpt lat="25.0274220" lon="121.5707660">
    <ele>31.7</ele>
    <time>2026-07-26T09:05:31Z</time>
   </trkpt>
   <trkpt lat="25.0274330" lon="121.5707720">
    <ele>31.8</ele>
    <time>2026-07-26T09:05:32Z</time>
   </trkpt>
   <trkpt lat="25.0274410" lon="121.5707750">
    <ele>31.9</ele>
    <time>2026-07-26T09:05:33Z</time>
   </trkpt>
   <trkpt lat="25.0274500" lon="121.5707750">
    <ele>31.9</ele>
    <time>2026-07-26T09:05:34Z</time>
   </trkpt>
   <trkpt lat="25.0274610" lon="121.5707800">
    <ele>32.0</ele>
    <time>2026-07-26T09:05:35Z</time>
   </trkpt>
   <trkpt lat="25.0274710" lon="121.5707810">
    <ele>32.1</ele>
    <time>2026-07-26T09:05:36Z</time>
   </trkpt>
   <trkpt lat="25.0274810" lon="121.5707850">
    <ele>32.1</ele>
    <time>2026-07-26T09:05:37Z</time>
   </trkpt>
   <trkpt lat="25.0274890" lon="121.5707900">
    <ele>32.2</ele>
    <time>2026-07-26T09:05:38Z</time>
   </trkpt>
   <trkpt lat="25.0275030" lon="121.5707940">
    <ele>32.2</ele>
    <time>2026-07-26T09:05:39Z</time>
   </trkpt>
   <trkpt lat="25.0275120" lon="121.5708010">
    <ele>32.3</ele>
    <time>2026-07-26T09:05:40Z</time>
   </trkpt>
   <trkpt lat="25.0275220" lon="121.5708080">
    <ele>32.3</ele>
    <time>2026-07-26T09:05:41Z</time>
   </trkpt>
   <trkpt lat="25.0275310" lon="121.5708160">
    <ele>32.4</ele>
    <time>2026-07-26T09:05:42Z</time>
   </trkpt>
   <trkpt lat="25.0275360" lon="121.5708270">
    <ele>32.4</ele>
    <time>2026-07-26T09:05:43Z</time>
   </trkpt>
   <trkpt lat="25.0275490" lon="121.5708360">
    <ele>32.5</ele>
    <time>2026-07-26T09:05:44Z</time>
   </trkpt>
   <trkpt lat="25.0275580" lon="121.5708430">
    <ele>32.5</ele>
    <time>2026-07-26T09:05:45Z</time>
   </trkpt>
   <trkpt lat="25.0275680" lon="121.5708510">
    <ele>32.6</ele>
    <time>2026-07-26T09:05:46Z</time>
   </trkpt>
   <trkpt lat="25.0275740" lon="121.5708610">
    <ele>32.6</ele>
    <time>2026-07-26T09:05:47Z</time>
   </trkpt>
   <trkpt lat="25.0275840" lon="121.5708660">
    <ele>32.6</ele>
    <time>2026-07-26T09:05:48Z</time>
   </trkpt>
   <trkpt lat="25.0275930" lon="121.5708730">
    <ele>32.6</ele>
    <time>2026-07-26T09:05:49Z</time>
   </trkpt>
   <trkpt lat="25.0275970" lon="121.5708790">
    <ele>32.7</ele>
    <time>2026-07-26T09:05:50Z</time>
   </trkpt>
   <trkpt lat="25.0276010" lon="121.5708890">
    <ele>32.7</ele>
    <time>2026-07-26T09:05:51Z</time>
   </trkpt>
   <trkpt lat="25.0276060" lon="121.5708890">
    <ele>32.7</ele>
    <time>2026-07-26T09:05:52Z</time>
   </trkpt>
   <trkpt lat="25.0276150" lon="121.5708940">
    <ele>32.7</ele>
    <time>2026-07-26T09:05:53Z</time>
   </trkpt>
   <trkpt lat="25.0276210" lon="121.5709030">
    <ele>32.7</ele>
    <time>2026-07-26T09:05:54Z</time>
   </trkpt>
   <trkpt lat="25.0276290" lon="121.5709110">
    <ele>32.8</ele>
    <time>2026-07-26T09:05:55Z</time>
   </trkpt>
   <trkpt lat="25.0276330" lon="121.5709170">
    <ele>32.8</ele>
    <time>2026-07-26T09:05:56Z</time>
   </trkpt>
   <trkpt lat="25.0276400" lon="121.5709240">
    <ele>32.8</ele>
    <time>2026-07-26T09:05:57Z</time>
   </trkpt>
   <trkpt lat="25.0276500" lon="121.5709270">
    <ele>32.8</ele>
    <time>2026-07-26T09:05:58Z</time>
   </trkpt>
   <trkpt lat="25.0276620" lon="121.5709290">
    <ele>32.8</ele>
    <time>2026-07-26T09:05:59Z</time>
   </trkpt>
   <trkpt lat="25.0276670" lon="121.5709330">
    <ele>32.8</ele>
    <time>2026-07-26T09:06:00Z</time>
   </trkpt>
   <trkpt lat="25.0276750" lon="121.5709330">
    <ele>32.8</ele>
    <time>2026-07-26T09:06:01Z</time>
   </trkpt>
   <trkpt lat="25.0276850" lon="121.5709350">
    <ele>32.9</ele>
    <time>2026-07-26T09:06:02Z</time>
   </trkpt>
   <trkpt lat="25.0276930" lon="121.5709400">
    <ele>32.9</ele>
    <time>2026-07-26T09:06:03Z</time>
   </trkpt>
   <trkpt lat="25.0276990" lon="121.5709450">
    <ele>32.9</ele>
    <time>2026-07-26T09:06:04Z</time>
   </trkpt>
   <trkpt lat="25.0277050" lon="121.5709500">
    <ele>32.9</ele>
    <time>2026-07-26T09:06:05Z</time>
   </trkpt>
   <trkpt lat="25.0277100" lon="121.5709570">
    <ele>32.9</ele>
    <time>2026-07-26T09:06:06Z</time>
   </trkpt>
   <trkpt lat="25.0277160" lon="121.5709640">
    <ele>32.9</ele>
    <time>2026-07-26T09:06:07Z</time>
   </trkpt>
   <trkpt lat="25.0277250" lon="121.5709660">
    <ele>32.9</ele>
    <time>2026-07-26T09:06:08Z</time>
   </trkpt>
   <trkpt lat="25.0277360" lon="121.5709710">
    <ele>32.9</ele>
    <time>2026-07-26T09:06:09Z</time>
   </trkpt>
   <trkpt lat="25.0277480" lon="121.5709790">
    <ele>32.9</ele>
    <time>2026-07-26T09:06:10Z</time>
   </trkpt>
   <trkpt lat="25.0277550" lon="121.5709800">
    <ele>32.9</ele>
    <time>2026-07-26T09:06:11Z</time>
   </trkpt>
   <trkpt lat="25.0277620" lon="121.5709860">
    <ele>32.9</ele>
    <time>2026-07-26T09:06:12Z</time>
   </trkpt>
   <trkpt lat="25.0277760" lon="121.5709910">
    <ele>32.9</ele>
    <time>2026-07-26T09:06:13Z</time>
   </trkpt>
   <trkpt lat="25.0277830" lon="121.5709940">
    <ele>32.9</ele>
    <time>2026-07-26T09:06:14Z</time>
   </trkpt>
   <trkpt lat="25.0277850" lon="121.5709970">
    <ele>32.9</ele>
    <time>2026-07-26T09:06:15Z</time>
   </trkpt>
   <trkpt lat="25.0277920" lon="121.5710000">
    <ele>32.9</ele>
    <time>2026-07-26T09:06:16Z</time>
   </trkpt>
   <trkpt lat="25.0277950" lon="121.5710060">
    <ele>32.9</ele>
    <time>2026-07-26T09:06:17Z</time>
   </trkpt>
   <trkpt lat="25.0277960" lon="121.5710020">
    <ele>32.9</ele>
    <time>2026-07-26T09:06:18Z</time>
   </trkpt>
   <trkpt lat="25.0278010" lon="121.5710060">
    <ele>32.9</ele>
    <time>2026-07-26T09:06:19Z</time>
   </trkpt>
   <trkpt lat="25.0278080" lon="121.5710130">
    <ele>32.9</ele>
    <time>2026-07-26T09:06:20Z</time>
   </trkpt>
   <trkpt lat="25.0278110" lon="121.5710210">
    <ele>32.9</ele>
    <time>2026-07-26T09:06:21Z</time>
   </trkpt>
   <trkpt lat="25.0278180" lon="121.5710260">
    <ele>32.9</ele>
    <time>2026-07-26T09:06:22Z</time>
   </trkpt>
   <trkpt lat="25.0278270" lon="121.5710300">
    <ele>32.9</ele>
    <time>2026-07-26T09:06:23Z</time>
   </trkpt>
   <trkpt lat="25.0278360" lon="121.5710360">
    <ele>32.9</ele>
    <time>2026-07-26T09:06:24Z</time>
   </trkpt>
   <trkpt lat="25.0278390" lon="121.5710420">
    <ele>32.9</ele>
    <time>2026-07-26T09:06:25Z</time>
   </trkpt>
   <trkpt lat="25.0278430" lon="121.5710480">
    <ele>32.9</ele>
    <time>2026-07-26T09:06:26Z</time>
   </trkpt>
   <trkpt lat="25.0278550" lon="121.5710540">
    <ele>32.8</ele>
    <time>2026-07-26T09:06:27Z</time>
   </trkpt>
   <trkpt lat="25.0278640" lon="121.5710580">
    <ele>32.8</ele>
    <time>2026-07-26T09:06:28Z</time>
   </trkpt>
   <trkpt lat="25.0278740" lon="121.5710590">
    <ele>32.8</ele>
    <time>2026-07-26T09:06:29Z</time>
   </trkpt>
   <trkpt lat="25.0278800" lon="121.5710540">
    <ele>32.8</ele>
    <time>2026-07-26T09:06:30Z</time>
   </trkpt>
   <trkpt lat="25.0278920" lon="121.5710570">
    <ele>32.7</ele>
    <time>2026-07-26T09:06:31Z</time>
   </trkpt>
   <trkpt lat="25.0279020" lon="121.5710580">
    <ele>32.6</ele>
    <time>2026-07-26T09:06:32Z</time>
   </trkpt>
   <trkpt lat="25.0279060" lon="121.5710560">
    <ele>32.5</ele>
    <time>2026-07-26T09:06:33Z</time>
   </trkpt>
   <trkpt lat="25.0279130" lon="121.5710520">
    <ele>32.4</ele>
    <time>2026-07-26T09:06:34Z</time>
   </trkpt>
   <trkpt lat="25.0279210" lon="121.5710460">
    <ele>32.3</ele>
    <time>2026-07-26T09:06:35Z</time>
   </trkpt>
   <trkpt lat="25.0279330" lon="121.5710350">
    <ele>32.2</ele>
    <time>2026-07-26T09:06:36Z</time>
   </trkpt>
   <trkpt lat="25.0279360" lon="121.5710260">
    <ele>32.1</ele>
    <time>2026-07-26T09:06:37Z</time>
   </trkpt>
   <trkpt lat="25.0279390" lon="121.5710180">
    <ele>32.0</ele>
    <time>2026-07-26T09:06:38Z</time>
   </trkpt>
   <trkpt lat="25.0279450" lon="121.5710060">
    <ele>31.8</ele>
    <time>2026-07-26T09:06:39Z</time>
   </trkpt>
   <trkpt lat="25.0279510" lon="121.5709960">
    <ele>31.7</ele>
    <time>2026-07-26T09:06:40Z</time>
   </trkpt>
   <trkpt lat="25.0279580" lon="121.5709870">
    <ele>31.6</ele>
    <time>2026-07-26T09:06:41Z</time>
   </trkpt>
   <trkpt lat="25.0279630" lon="121.5709820">
    <ele>31.5</ele>
    <time>2026-07-26T09:06:42Z</time>
   </trkpt>
   <trkpt lat="25.0279710" lon="121.5709740">
    <ele>31.4</ele>
    <time>2026-07-26T09:06:43Z</time>
   </trkpt>
   <trkpt lat="25.0279770" lon="121.5709670">
    <ele>31.3</ele>
    <time>2026-07-26T09:06:44Z</time>
   </trkpt>
   <trkpt lat="25.0279790" lon="121.5709590">
    <ele>31.2</ele>
    <time>2026-07-26T09:06:45Z</time>
   </trkpt>
   <trkpt lat="25.0279780" lon="121.5709600">
    <ele>31.2</ele>
    <time>2026-07-26T09:06:46Z</time>
   </trkpt>
   <trkpt lat="25.0279820" lon="121.5709580">
    <ele>31.1</ele>
    <time>2026-07-26T09:06:47Z</time>
   </trkpt>
   <trkpt lat="25.0279840" lon="121.5709530">
    <ele>31.1</ele>
    <time>2026-07-26T09:06:48Z</time>
   </trkpt>
   <trkpt lat="25.0279810" lon="121.5709510">
    <ele>31.0</ele>
    <time>2026-07-26T09:06:49Z</time>
   </trkpt>
   <trkpt lat="25.0279850" lon="121.5709440">
    <ele>30.9</ele>
    <time>2026-07-26T09:06:50Z</time>
   </trkpt>
   <trkpt lat="25.0279930" lon="121.5709340">
    <ele>30.8</ele>
    <time>2026-07-26T09:06:51Z</time>
   </trkpt>
   <trkpt lat="25.0279960" lon="121.5709300">
    <ele>30.7</ele>
    <time>2026-07-26T09:06:52Z</time>
   </trkpt>
   <trkpt lat="25.0279990" lon="121.5709170">
    <ele>30.6</ele>
    <time>2026-07-26T09:06:53Z</time>
   </trkpt>
   <trkpt lat="25.0280070" lon="121.5709080">
    <ele>30.5</ele>
    <time>2026-07-26T09:06:54Z</time>
   </trkpt>
   <trkpt lat="25.0280130" lon="121.5708930">
    <ele>30.3</ele>
    <time>2026-07-26T09:06:55Z</time>
   </trkpt>
   <trkpt lat="25.0280170" lon="121.5708730">
    <ele>30.0</ele>
    <time>2026-07-26T09:06:56Z</time>
   </trkpt>
   <trkpt lat="25.0280250" lon="121.5708710">
    <ele>29.9</ele>
    <time>2026-07-26T09:06:57Z</time>
   </trkpt>
   <trkpt lat="25.0280320" lon="121.5708640">
    <ele>29.8</ele>
    <time>2026-07-26T09:06:58Z</time>
   </trkpt>
   <trkpt lat="25.0280430" lon="121.5708560">
    <ele>29.7</ele>
    <time>2026-07-26T09:06:59Z</time>
   </trkpt>
   <trkpt lat="25.0280520" lon="121.5708510">
    <ele>29.5</ele>
    <time>2026-07-26T09:07:00Z</time>
   </trkpt>
   <trkpt lat="25.0280580" lon="121.5708490">
    <ele>29.4</ele>
    <time>2026-07-26T09:07:01Z</time>
   </trkpt>
   <trkpt lat="25.0280680" lon="121.5708440">
    <ele>29.3</ele>
    <time>2026-07-26T09:07:02Z</time>
   </trkpt>
   <trkpt lat="25.0280760" lon="121.5708300">
    <ele>29.1</ele>
    <time>2026-07-26T09:07:03Z</time>
   </trkpt>
   <trkpt lat="25.0280790" lon="121.5708170">
    <ele>29.0</ele>
    <time>2026-07-26T09:07:04Z</time>
   </trkpt>
   <trkpt lat="25.0280690" lon="121.5708050">
    <ele>28.8</ele>
    <time>2026-07-26T09:07:05Z</time>
   </trkpt>
   <trkpt lat="25.0280710" lon="121.5708000">
    <ele>28.7</ele>
    <time>2026-07-26T09:07:06Z</time>
   </trkpt>
   <trkpt lat="25.0280810" lon="121.5707920">
    <ele>28.5</ele>
    <time>2026-07-26T09:07:07Z</time>
   </trkpt>
   <trkpt lat="25.0280950" lon="121.5707770">
    <ele>28.3</ele>
    <time>2026-07-26T09:07:08Z</time>
   </trkpt>
   <trkpt lat="25.0280990" lon="121.5707640">
    <ele>28.1</ele>
    <time>2026-07-26T09:07:09Z</time>
   </trkpt>
   <trkpt lat="25.0280950" lon="121.5707600">
    <ele>28.0</ele>
    <time>2026-07-26T09:07:10Z</time>
   </trkpt>
   <trkpt lat="25.0280960" lon="121.5707430">
    <ele>27.8</ele>
    <time>2026-07-26T09:07:11Z</time>
   </trkpt>
   <trkpt lat="25.0281030" lon="121.5707290">
    <ele>27.6</ele>
    <time>2026-07-26T09:07:12Z</time>
   </trkpt>
   <trkpt lat="25.0281080" lon="121.5707290">
    <ele>27.5</ele>
    <time>2026-07-26T09:07:13Z</time>
   </trkpt>
   <trkpt lat="25.0281190" lon="121.5707250">
    <ele>27.4</ele>
    <time>2026-07-26T09:07:14Z</time>
   </trkpt>
   <trkpt lat="25.0281330" lon="121.5707170">
    <ele>27.2</ele>
    <time>2026-07-26T09:07:15Z</time>
   </trkpt>
   <trkpt lat="25.0281440" lon="121.5707020">
    <ele>26.9</ele>
    <time>2026-07-26T09:07:16Z</time>
   </trkpt>
   <trkpt lat="25.0281490" lon="121.5706920">
    <ele>26.8</ele>
    <time>2026-07-26T09:07:17Z</time>
   </trkpt>
   <trkpt lat="25.0281510" lon="121.5706830">
    <ele>26.7</ele>
    <time>2026-07-26T09:07:18Z</time>
   </trkpt>
   <trkpt lat="25.0281550" lon="121.5706690">
    <ele>26.6</ele>
    <time>2026-07-26T09:07:19Z</time>
   </trkpt>
   <trkpt lat="25.0281620" lon="121.5706550">
    <ele>26.4</ele>
    <time>2026-07-26T09:07:20Z</time>
   </trkpt>
   <trkpt lat="25.0281570" lon="121.5706460">
    <ele>26.3</ele>
    <time>2026-07-26T09:07:21Z</time>
   </trkpt>
   <trkpt lat="25.0281520" lon="121.5706360">
    <ele>26.2</ele>
    <time>2026-07-26T09:07:22Z</time>
   </trkpt>
   <trkpt lat="25.0281500" lon="121.5706260">
    <ele>26.1</ele>
    <time>2026-07-26T09:07:23Z</time>
   </trkpt>
   <trkpt lat="25.0281600" lon="121.5706170">
    <ele>26.0</ele>
    <time>2026-07-26T09:07:24Z</time>
   </trkpt>
   <trkpt lat="25.0281760" lon="121.5706050">
    <ele>25.8</ele>
    <time>2026-07-26T09:07:25Z</time>
   </trkpt>
   <trkpt lat="25.0282060" lon="121.5705840">
    <ele>25.4</ele>
    <time>2026-07-26T09:07:26Z</time>
   </trkpt>
   <trkpt lat="25.0282120" lon="121.5705750">
    <ele>25.3</ele>
    <time>2026-07-26T09:07:27Z</time>
   </trkpt>
   <trkpt lat="25.0282170" lon="121.5705640">
    <ele>25.2</ele>
    <time>2026-07-26T09:07:28Z</time>
   </trkpt>
   <trkpt lat="25.0282210" lon="121.5705520">
    <ele>25.1</ele>
    <time>2026-07-26T09:07:29Z</time>
   </trkpt>
   <trkpt lat="25.0282240" lon="121.5705470">
    <ele>25.0</ele>
    <time>2026-07-26T09:07:30Z</time>
   </trkpt>
   <trkpt lat="25.0282280" lon="121.5705370">
    <ele>24.9</ele>
    <time>2026-07-26T09:07:31Z</time>
   </trkpt>
   <trkpt lat="25.0282340" lon="121.5705240">
    <ele>24.8</ele>
    <time>2026-07-26T09:07:32Z</time>
   </trkpt>
   <trkpt lat="25.0282380" lon="121.5705140">
    <ele>24.7</ele>
    <time>2026-07-26T09:07:33Z</time>
   </trkpt>
   <trkpt lat="25.0282500" lon="121.5704940">
    <ele>24.4</ele>
    <time>2026-07-26T09:07:34Z</time>
   </trkpt>
   <trkpt lat="25.0282570" lon="121.5704760">
    <ele>24.3</ele>
    <time>2026-07-26T09:07:35Z</time>
   </trkpt>
   <trkpt lat="25.0282630" lon="121.5704650">
    <ele>24.1</ele>
    <time>2026-07-26T09:07:36Z</time>
   </trkpt>
   <trkpt lat="25.0282690" lon="121.5704500">
    <ele>24.0</ele>
    <time>2026-07-26T09:07:37Z</time>
   </trkpt>
   <trkpt lat="25.0282780" lon="121.5704360">
    <ele>23.8</ele>
    <time>2026-07-26T09:07:38Z</time>
   </trkpt>
   <trkpt lat="25.0282880" lon="121.5704310">
    <ele>23.7</ele>
    <time>2026-07-26T09:07:39Z</time>
   </trkpt>
   <trkpt lat="25.0283020" lon="121.5704360">
    <ele>23.6</ele>
    <time>2026-07-26T09:07:40Z</time>
   </trkpt>
   <trkpt lat="25.0283200" lon="121.5704330">
    <ele>23.4</ele>
    <time>2026-07-26T09:07:41Z</time>
   </trkpt>
   <trkpt lat="25.0283330" lon="121.5704300">
    <ele>23.3</ele>
    <time>2026-07-26T09:07:42Z</time>
   </trkpt>
   <trkpt lat="25.0283400" lon="121.5704200">
    <ele>23.2</ele>
    <time>2026-07-26T09:07:43Z</time>
   </trkpt>
   <trkpt lat="25.0283570" lon="121.5704080">
    <ele>23.0</ele>
    <time>2026-07-26T09:07:44Z</time>
   </trkpt>
   <trkpt lat="25.0283740" lon="121.5703950">
    <ele>22.8</ele>
    <time>2026-07-26T09:07:45Z</time>
   </trkpt>
   <trkpt lat="25.0283900" lon="121.5703860">
    <ele>22.6</ele>
    <time>2026-07-26T09:07:46Z</time>
   </trkpt>
   <trkpt lat="25.0284000" lon="121.5703830">
    <ele>22.5</ele>
    <time>2026-07-26T09:07:47Z</time>
   </trkpt>
   <trkpt lat="25.0284060" lon="121.5703820">
    <ele>22.5</ele>
    <time>2026-07-26T09:07:48Z</time>
   </trkpt>
   <trkpt lat="25.0284150" lon="121.5703820">
    <ele>22.4</ele>
    <time>2026-07-26T09:07:49Z</time>
   </trkpt>
   <trkpt lat="25.0284240" lon="121.5703820">
    <ele>22.3</ele>
    <time>2026-07-26T09:07:50Z</time>
   </trkpt>
   <trkpt lat="25.0284510" lon="121.5703740">
    <ele>22.0</ele>
    <time>2026-07-26T09:07:51Z</time>
   </trkpt>
   <trkpt lat="25.0284720" lon="121.5703700">
    <ele>21.8</ele>
    <time>2026-07-26T09:07:52Z</time>
   </trkpt>
   <trkpt lat="25.0284820" lon="121.5703690">
    <ele>21.7</ele>
    <time>2026-07-26T09:07:53Z</time>
   </trkpt>
   <trkpt lat="25.0284930" lon="121.5703650">
    <ele>21.6</ele>
    <time>2026-07-26T09:07:54Z</time>
   </trkpt>
   <trkpt lat="25.0285030" lon="121.5703630">
    <ele>21.5</ele>
    <time>2026-07-26T09:07:55Z</time>
   </trkpt>
   <trkpt lat="25.0285100" lon="121.5703560">
    <ele>21.4</ele>
    <time>2026-07-26T09:07:56Z</time>
   </trkpt>
   <trkpt lat="25.0285200" lon="121.5703450">
    <ele>21.3</ele>
    <time>2026-07-26T09:07:57Z</time>
   </trkpt>
   <trkpt lat="25.0285270" lon="121.5703370">
    <ele>21.2</ele>
    <time>2026-07-26T09:07:58Z</time>
   </trkpt>
   <trkpt lat="25.0285350" lon="121.5703270">
    <ele>21.1</ele>
    <time>2026-07-26T09:07:59Z</time>
   </trkpt>
   <trkpt lat="25.0285390" lon="121.5703210">
    <ele>21.0</ele>
    <time>2026-07-26T09:08:00Z</time>
   </trkpt>
   <trkpt lat="25.0285460" lon="121.5703150">
    <ele>20.9</ele>
    <time>2026-07-26T09:08:01Z</time>
   </trkpt>
   <trkpt lat="25.0285590" lon="121.5703070">
    <ele>20.8</ele>
    <time>2026-07-26T09:08:02Z</time>
   </trkpt>
   <trkpt lat="25.0285670" lon="121.5703010">
    <ele>20.7</ele>
    <time>2026-07-26T09:08:03Z</time>
   </trkpt>
   <trkpt lat="25.0285690" lon="121.5702980">
    <ele>20.7</ele>
    <time>2026-07-26T09:08:04Z</time>
   </trkpt>
   <trkpt lat="25.0285750" lon="121.5702910">
    <ele>20.6</ele>
    <time>2026-07-26T09:08:05Z</time>
   </trkpt>
   <trkpt lat="25.0285770" lon="121.5702720">
    <ele>20.4</ele>
    <time>2026-07-26T09:08:06Z</time>
   </trkpt>
   <trkpt lat="25.0285740" lon="121.5702590">
    <ele>20.3</ele>
    <time>2026-07-26T09:08:07Z</time>
   </trkpt>
   <trkpt lat="25.0285760" lon="121.5702410">
    <ele>20.3</ele>
    <time>2026-07-26T09:08:08Z</time>
   </trkpt>
   <trkpt lat="25.0285760" lon="121.5702220">
    <ele>20.3</ele>
    <time>2026-07-26T09:08:09Z</time>
   </trkpt>
   <trkpt lat="25.0285750" lon="121.5702060">
    <ele>20.3</ele>
    <time>2026-07-26T09:08:10Z</time>
   </trkpt>
   <trkpt lat="25.0285740" lon="121.5701970">
    <ele>20.2</ele>
    <time>2026-07-26T09:08:11Z</time>
   </trkpt>
   <trkpt lat="25.0285700" lon="121.5701890">
    <ele>20.2</ele>
    <time>2026-07-26T09:08:12Z</time>
   </trkpt>
   <trkpt lat="25.0285670" lon="121.5701790">
    <ele>20.2</ele>
    <time>2026-07-26T09:08:13Z</time>
   </trkpt>
   <trkpt lat="25.0285640" lon="121.5701660">
    <ele>20.2</ele>
    <time>2026-07-26T09:08:14Z</time>
   </trkpt>
   <trkpt lat="25.0285680" lon="121.5701530">
    <ele>20.2</ele>
    <time>2026-07-26T09:08:15Z</time>
   </trkpt>
   <trkpt lat="25.0285680" lon="121.5701440">
    <ele>20.2</ele>
    <time>2026-07-26T09:08:16Z</time>
   </trkpt>
   <trkpt lat="25.0285670" lon="121.5701340">
    <ele>20.1</ele>
    <time>2026-07-26T09:08:17Z</time>
   </trkpt>
   <trkpt lat="25.0285660" lon="121.5701270">
    <ele>20.1</ele>
    <time>2026-07-26T09:08:18Z</time>
   </trkpt>
   <trkpt lat="25.0285650" lon="121.5701190">
    <ele>20.1</ele>
    <time>2026-07-26T09:08:19Z</time>
   </trkpt>
   <trkpt lat="25.0285650" lon="121.5701060">
    <ele>20.1</ele>
    <time>2026-07-26T09:08:20Z</time>
   </trkpt>
   <trkpt lat="25.0285680" lon="121.5700940">
    <ele>20.1</ele>
    <time>2026-07-26T09:08:21Z</time>
   </trkpt>
   <trkpt lat="25.0285720" lon="121.5700780">
    <ele>20.1</ele>
    <time>2026-07-26T09:08:22Z</time>
   </trkpt>
   <trkpt lat="25.0285710" lon="121.5700680">
    <ele>20.0</ele>
    <time>2026-07-26T09:08:23Z</time>
   </trkpt>
   <trkpt lat="25.0285700" lon="121.5700590">
    <ele>20.0</ele>
    <time>2026-07-26T09:08:24Z</time>
   </trkpt>
   <trkpt lat="25.0285710" lon="121.5700520">
    <ele>20.0</ele>
    <time>2026-07-26T09:08:25Z</time>
   </trkpt>
   <trkpt lat="25.0285710" lon="121.5700390">
    <ele>20.0</ele>
    <time>2026-07-26T09:08:26Z</time>
   </trkpt>
   <trkpt lat="25.0285710" lon="121.5700390">
    <ele>20.0</ele>
    <time>2026-07-26T09:08:27Z</time>
   </trkpt>
  </trkseg>
 </trk>
</gpx>
